ISO-10303-21;
HEADER;
FILE_DESCRIPTION((''),'2;1');
FILE_NAME('MAIN','2023-08-01T14:12:49',('valen'),(''),
'CREO PARAMETRIC BY PTC INC, 2022073','CREO PARAMETRIC BY PTC INC, 2022073','');
FILE_SCHEMA(('CONFIG_CONTROL_DESIGN'));
ENDSEC;
DATA;
#1=DIRECTION('',(0.E0,-1.E0,0.E0));
#2=VECTOR('',#1,3.762400054932E1);
#3=CARTESIAN_POINT('',(1.778000030517E2,6.199200057983E1,1.646443545739E1));
#4=LINE('',#3,#2);
#5=DIRECTION('',(0.E0,0.E0,-1.E0));
#6=VECTOR('',#5,1.596443545739E1);
#7=CARTESIAN_POINT('',(1.778000030517E2,2.436800003052E1,1.646443545739E1));
#8=LINE('',#7,#6);
#9=DIRECTION('',(0.E0,-1.E0,0.E0));
#10=VECTOR('',#9,1.5E0);
#11=CARTESIAN_POINT('',(1.778000030517E2,2.436800003052E1,5.E-1));
#12=LINE('',#11,#10);
#13=DIRECTION('',(0.E0,0.E0,-1.E0));
#14=VECTOR('',#13,1.41148E0);
#15=CARTESIAN_POINT('',(1.778000030517E2,2.286800003052E1,5.E-1));
#16=LINE('',#15,#14);
#17=DIRECTION('',(0.E0,1.E0,0.E0));
#18=VECTOR('',#17,1.5E0);
#19=CARTESIAN_POINT('',(1.778000030517E2,2.286800003052E1,-9.1148E-1));
#20=LINE('',#19,#18);
#21=DIRECTION('',(0.E0,0.E0,-1.E0));
#22=VECTOR('',#21,3.184884997533E0);
#23=CARTESIAN_POINT('',(1.778000030517E2,2.436800003052E1,-9.1148E-1));
#24=LINE('',#23,#22);
#25=DIRECTION('',(0.E0,1.E0,0.E0));
#26=VECTOR('',#25,3.762400054932E1);
#27=CARTESIAN_POINT('',(1.778000030517E2,2.436800003052E1,-4.096364997533E0));
#28=LINE('',#27,#26);
#29=DIRECTION('',(0.E0,0.E0,1.E0));
#30=VECTOR('',#29,3.184884997533E0);
#31=CARTESIAN_POINT('',(1.778000030517E2,6.199200057983E1,-4.096364997533E0));
#32=LINE('',#31,#30);
#33=DIRECTION('',(0.E0,1.E0,0.E0));
#34=VECTOR('',#33,1.5E0);
#35=CARTESIAN_POINT('',(1.778000030517E2,6.199200057983E1,-9.1148E-1));
#36=LINE('',#35,#34);
#37=DIRECTION('',(0.E0,0.E0,1.E0));
#38=VECTOR('',#37,1.41148E0);
#39=CARTESIAN_POINT('',(1.778000030517E2,6.349200057983E1,-9.1148E-1));
#40=LINE('',#39,#38);
#41=DIRECTION('',(0.E0,-1.E0,0.E0));
#42=VECTOR('',#41,1.5E0);
#43=CARTESIAN_POINT('',(1.778000030517E2,6.349200057983E1,5.E-1));
#44=LINE('',#43,#42);
#45=DIRECTION('',(0.E0,0.E0,1.E0));
#46=VECTOR('',#45,1.596443545739E1);
#47=CARTESIAN_POINT('',(1.778000030517E2,6.199200057983E1,5.E-1));
#48=LINE('',#47,#46);
#49=DIRECTION('',(0.E0,1.E0,0.E0));
#50=VECTOR('',#49,3.4258E1);
#51=CARTESIAN_POINT('',(1.778000030517E2,2.605090698757E1,1.546443545739E1));
#52=LINE('',#51,#50);
#53=DIRECTION('',(0.E0,0.E0,-1.E0));
#54=VECTOR('',#53,1.518260031310E1);
#55=CARTESIAN_POINT('',(1.778000030517E2,6.130890698757E1,1.446443545739E1));
#56=LINE('',#55,#54);
#57=DIRECTION('',(0.E0,-1.E0,0.E0));
#58=VECTOR('',#57,3.4258E1);
#59=CARTESIAN_POINT('',(1.778000030517E2,6.030890698757E1,-1.718164855707E0));
#60=LINE('',#59,#58);
#61=DIRECTION('',(0.E0,0.E0,1.E0));
#62=VECTOR('',#61,1.518260031310E1);
#63=CARTESIAN_POINT('',(1.778000030517E2,2.505090698757E1,-7.181648557072E-1));
#64=LINE('',#63,#62);
#65=DIRECTION('',(-1.E0,0.E0,0.E0));
#66=VECTOR('',#65,1.7E1);
#67=CARTESIAN_POINT('',(1.778000030517E2,6.199200057983E1,1.646443545739E1));
#68=LINE('',#67,#66);
#69=DIRECTION('',(-1.E0,0.E0,0.E0));
#70=VECTOR('',#69,1.463900822428E1);
#71=CARTESIAN_POINT('',(1.608000030517E2,6.349200057983E1,1.646443545739E1));
#72=LINE('',#71,#70);
#73=DIRECTION('',(9.701425001453E-1,0.E0,-2.425356250363E-1));
#74=VECTOR('',#73,2.061552812809E0);
#75=CARTESIAN_POINT('',(1.608000030517E2,6.199200057983E1,1.E0));
#76=LINE('',#75,#74);
#77=DIRECTION('',(-1.E0,0.E0,0.E0));
#78=VECTOR('',#77,1.5E1);
#79=CARTESIAN_POINT('',(1.778000030517E2,6.199200057983E1,5.E-1));
#80=LINE('',#79,#78);
#81=DIRECTION('',(-9.701425001453E-1,0.E0,2.425356250363E-1));
#82=VECTOR('',#81,2.061552812809E0);
#83=CARTESIAN_POINT('',(1.628000030517E2,6.349200057983E1,5.E-1));
#84=LINE('',#83,#82);
#85=DIRECTION('',(0.E0,-1.E0,0.E0));
#86=VECTOR('',#85,1.5E0);
#87=CARTESIAN_POINT('',(1.628000030517E2,6.349200057983E1,5.E-1));
#88=LINE('',#87,#86);
#89=DIRECTION('',(-1.E0,0.E0,0.E0));
#90=VECTOR('',#89,1.5E1);
#91=CARTESIAN_POINT('',(1.778000030517E2,6.349200057983E1,5.E-1));
#92=LINE('',#91,#90);
#93=DIRECTION('',(-1.E0,0.E0,0.E0));
#94=VECTOR('',#93,1.5E1);
#95=CARTESIAN_POINT('',(1.778000030517E2,6.349200057983E1,-9.1148E-1));
#96=LINE('',#95,#94);
#97=DIRECTION('',(-1.E0,0.E0,0.E0));
#98=VECTOR('',#97,1.463900732554E1);
#99=CARTESIAN_POINT('',(1.608000030517E2,6.349200057983E1,-4.096364997533E0));
#100=LINE('',#99,#98);
#101=DIRECTION('',(0.E0,1.E0,0.E0));
#102=VECTOR('',#101,1.5E0);
#103=CARTESIAN_POINT('',(1.608000030517E2,2.286800003052E1,-1.41148E0));
#104=LINE('',#103,#102);
#105=DIRECTION('',(0.E0,0.E0,-1.E0));
#106=VECTOR('',#105,2.684884997533E0);
#107=CARTESIAN_POINT('',(1.608000030517E2,2.286800003052E1,-1.41148E0));
#108=LINE('',#107,#106);
#109=DIRECTION('',(0.E0,1.E0,0.E0));
#110=VECTOR('',#109,1.5E0);
#111=CARTESIAN_POINT('',(1.608000030517E2,2.286800003052E1,-4.096364997533E0));
#112=LINE('',#111,#110);
#113=DIRECTION('',(0.E0,0.E0,-1.E0));
#114=VECTOR('',#113,2.684884997533E0);
#115=CARTESIAN_POINT('',(1.608000030517E2,2.436800003052E1,-1.41148E0));
#116=LINE('',#115,#114);
#117=DIRECTION('',(0.E0,-1.E0,0.E0));
#118=VECTOR('',#117,1.5E0);
#119=CARTESIAN_POINT('',(1.608000030517E2,2.436800003052E1,1.E0));
#120=LINE('',#119,#118);
#121=DIRECTION('',(0.E0,0.E0,-1.E0));
#122=VECTOR('',#121,1.546443545739E1);
#123=CARTESIAN_POINT('',(1.608000030517E2,2.436800003052E1,1.646443545739E1));
#124=LINE('',#123,#122);
#125=DIRECTION('',(0.E0,-1.E0,0.E0));
#126=VECTOR('',#125,1.5E0);
#127=CARTESIAN_POINT('',(1.608000030517E2,2.436800003052E1,1.646443545739E1));
#128=LINE('',#127,#126);
#129=DIRECTION('',(0.E0,0.E0,-1.E0));
#130=VECTOR('',#129,1.546443545739E1);
#131=CARTESIAN_POINT('',(1.608000030517E2,2.286800003052E1,1.646443545739E1));
#132=LINE('',#131,#130);
#133=DIRECTION('',(0.E0,1.E0,0.E0));
#134=VECTOR('',#133,1.5E0);
#135=CARTESIAN_POINT('',(1.608000030517E2,6.199200057983E1,-1.41148E0));
#136=LINE('',#135,#134);
#137=DIRECTION('',(0.E0,0.E0,1.E0));
#138=VECTOR('',#137,2.684884997533E0);
#139=CARTESIAN_POINT('',(1.608000030517E2,6.199200057983E1,-4.096364997533E0));
#140=LINE('',#139,#138);
#141=DIRECTION('',(0.E0,1.E0,0.E0));
#142=VECTOR('',#141,1.5E0);
#143=CARTESIAN_POINT('',(1.608000030517E2,6.199200057983E1,-4.096364997533E0));
#144=LINE('',#143,#142);
#145=DIRECTION('',(0.E0,0.E0,1.E0));
#146=VECTOR('',#145,2.684884997533E0);
#147=CARTESIAN_POINT('',(1.608000030517E2,6.349200057983E1,-4.096364997533E0));
#148=LINE('',#147,#146);
#149=DIRECTION('',(0.E0,-1.E0,0.E0));
#150=VECTOR('',#149,1.5E0);
#151=CARTESIAN_POINT('',(1.608000030517E2,6.349200057983E1,1.E0));
#152=LINE('',#151,#150);
#153=DIRECTION('',(0.E0,0.E0,1.E0));
#154=VECTOR('',#153,1.546443545739E1);
#155=CARTESIAN_POINT('',(1.608000030517E2,6.349200057983E1,1.E0));
#156=LINE('',#155,#154);
#157=DIRECTION('',(0.E0,-1.E0,0.E0));
#158=VECTOR('',#157,1.5E0);
#159=CARTESIAN_POINT('',(1.608000030517E2,6.349200057983E1,1.646443545739E1));
#160=LINE('',#159,#158);
#161=DIRECTION('',(0.E0,0.E0,1.E0));
#162=VECTOR('',#161,1.546443545739E1);
#163=CARTESIAN_POINT('',(1.608000030517E2,6.199200057983E1,1.E0));
#164=LINE('',#163,#162);
#165=DIRECTION('',(-9.701425001453E-1,0.E0,-2.425356250363E-1));
#166=VECTOR('',#165,2.061552812809E0);
#167=CARTESIAN_POINT('',(1.628000030517E2,2.286800003052E1,-9.1148E-1));
#168=LINE('',#167,#166);
#169=DIRECTION('',(9.701425001453E-1,0.E0,2.425356250363E-1));
#170=VECTOR('',#169,2.061552812809E0);
#171=CARTESIAN_POINT('',(1.608000030517E2,2.436800003052E1,-1.41148E0));
#172=LINE('',#171,#170);
#173=DIRECTION('',(-1.E0,0.E0,0.E0));
#174=VECTOR('',#173,1.5E1);
#175=CARTESIAN_POINT('',(1.778000030517E2,2.436800003052E1,-9.1148E-1));
#176=LINE('',#175,#174);
#177=DIRECTION('',(-1.E0,0.E0,0.E0));
#178=VECTOR('',#177,1.7E1);
#179=CARTESIAN_POINT('',(1.778000030517E2,2.436800003052E1,-4.096364997533E0));
#180=LINE('',#179,#178);
#181=DIRECTION('',(-1.E0,0.E0,0.E0));
#182=VECTOR('',#181,1.463900684110E1);
#183=CARTESIAN_POINT('',(1.608000030517E2,2.286800003052E1,-4.096364997533E0));
#184=LINE('',#183,#182);
#185=DIRECTION('',(0.E0,1.E0,0.E0));
#186=VECTOR('',#185,1.32964E1);
#187=CARTESIAN_POINT('',(1.483699442870E2,3.576979926758E1,-4.096364997533E0));
#188=LINE('',#187,#186);
#189=DIRECTION('',(-1.E0,0.E0,0.E0));
#190=VECTOR('',#189,6.300049609489E0);
#191=CARTESIAN_POINT('',(1.556699938965E2,3.476979926758E1,-4.096364997533E0));
#192=LINE('',#191,#190);
#193=DIRECTION('',(0.E0,-1.E0,0.E0));
#194=VECTOR('',#193,1.32964E1);
#195=CARTESIAN_POINT('',(1.566699938965E2,4.906619926758E1,-4.096364997533E0));
#196=LINE('',#195,#194);
#197=DIRECTION('',(1.E0,0.E0,0.E0));
#198=VECTOR('',#197,6.300049609489E0);
#199=CARTESIAN_POINT('',(1.493699442870E2,5.006619926758E1,-4.096364997533E0));
#200=LINE('',#199,#198);
#201=DIRECTION('',(-1.E0,0.E0,0.E0));
#202=VECTOR('',#201,1.5E1);
#203=CARTESIAN_POINT('',(1.778000030517E2,2.286800003052E1,5.E-1));
#204=LINE('',#203,#202);
#205=DIRECTION('',(-1.E0,0.E0,0.E0));
#206=VECTOR('',#205,1.463900773985E1);
#207=CARTESIAN_POINT('',(1.608000030517E2,2.286800003052E1,1.646443545739E1));
#208=LINE('',#207,#206);
#209=DIRECTION('',(0.E0,-1.E0,0.E0));
#210=VECTOR('',#209,1.5E0);
#211=CARTESIAN_POINT('',(1.628000030517E2,2.436800003052E1,5.E-1));
#212=LINE('',#211,#210);
#213=DIRECTION('',(-1.E0,0.E0,0.E0));
#214=VECTOR('',#213,1.5E1);
#215=CARTESIAN_POINT('',(1.778000030517E2,2.436800003052E1,5.E-1));
#216=LINE('',#215,#214);
#217=DIRECTION('',(9.701425001453E-1,0.E0,-2.425356250363E-1));
#218=VECTOR('',#217,2.061552812809E0);
#219=CARTESIAN_POINT('',(1.608000030517E2,2.286800003052E1,1.E0));
#220=LINE('',#219,#218);
#221=DIRECTION('',(-9.701425001453E-1,0.E0,2.425356250363E-1));
#222=VECTOR('',#221,2.061552812809E0);
#223=CARTESIAN_POINT('',(1.628000030517E2,2.436800003052E1,5.E-1));
#224=LINE('',#223,#222);
#225=DIRECTION('',(-1.E0,0.E0,0.E0));
#226=VECTOR('',#225,1.7E1);
#227=CARTESIAN_POINT('',(1.778000030517E2,2.436800003052E1,1.646443545739E1));
#228=LINE('',#227,#226);
#229=CARTESIAN_POINT('',(1.461609958567E2,1.486800003052E1,6.184035229928E0));
#230=DIRECTION('',(1.E0,1.192487299576E-8,4.371140766226E-8));
#231=DIRECTION('',(-4.371140055975E-8,0.E0,1.E0));
#232=AXIS2_PLACEMENT_3D('',#229,#230,#231);
#234=CARTESIAN_POINT('',(1.461609958567E2,1.486800003052E1,6.184035229928E0));
#235=DIRECTION('',(1.E0,1.192487299576E-8,4.371140766226E-8));
#236=DIRECTION('',(4.371140055975E-8,1.184237892934E-14,-1.E0));
#237=AXIS2_PLACEMENT_3D('',#234,#235,#236);
#239=CARTESIAN_POINT('',(1.461609951814E2,7.149200057983E1,6.184035229928E0));
#240=DIRECTION('',(1.E0,1.192487299576E-8,4.371140766226E-8));
#241=DIRECTION('',(-4.371140055975E-8,-1.033516706560E-13,1.E0));
#242=AXIS2_PLACEMENT_3D('',#239,#240,#241);
#244=CARTESIAN_POINT('',(1.461609951814E2,7.149200057983E1,6.184035229928E0));
#245=DIRECTION('',(1.E0,1.192487299576E-8,4.371140766226E-8));
#246=DIRECTION('',(4.371140055975E-8,-1.033516706560E-13,-1.E0));
#247=AXIS2_PLACEMENT_3D('',#244,#245,#246);
#249=DIRECTION('',(1.192487220135E-8,-1.E0,0.E0));
#250=VECTOR('',#249,4.062400054932E1);
#251=CARTESIAN_POINT('',(1.461609948275E2,6.349200057983E1,1.646443545739E1));
#252=LINE('',#251,#250);
#253=DIRECTION('',(-4.371140707827E-8,0.E0,1.E0));
#254=VECTOR('',#253,2.056080045492E1);
#255=CARTESIAN_POINT('',(1.461609957262E2,6.349200057983E1,-4.096364997533E0));
#256=LINE('',#255,#254);
#257=DIRECTION('',(-1.192487220135E-8,1.E0,0.E0));
#258=VECTOR('',#257,4.062400054932E1);
#259=CARTESIAN_POINT('',(1.461609962106E2,2.286800003052E1,-4.096364997533E0));
#260=LINE('',#259,#258);
#261=DIRECTION('',(4.371140707827E-8,0.E0,-1.E0));
#262=VECTOR('',#261,2.056080045492E1);
#263=CARTESIAN_POINT('',(1.461609953119E2,2.286800003052E1,1.646443545739E1));
#264=LINE('',#263,#262);
#265=CARTESIAN_POINT('',(1.461609951755E2,7.199200095713E1,6.184035229928E0));
#266=DIRECTION('',(1.E0,1.192487298075E-8,4.371140765486E-8));
#267=DIRECTION('',(4.371140486607E-8,-1.894780628694E-14,-1.E0));
#268=AXIS2_PLACEMENT_3D('',#265,#266,#267);
#270=DIRECTION('',(-1.192486707922E-8,1.E0,0.E0));
#271=VECTOR('',#270,4.000000377291E0);
#272=CARTESIAN_POINT('',(1.461609950920E2,6.799200057983E1,9.184035229928E0));
#273=LINE('',#272,#271);
#274=DIRECTION('',(4.371140798984E-8,0.E0,-1.E0));
#275=VECTOR('',#274,7.280400227461E0);
#276=CARTESIAN_POINT('',(1.461609946784E2,6.499200057983E1,1.946443545739E1));
#277=LINE('',#276,#275);
#278=DIRECTION('',(-1.192487388100E-8,1.E0,0.E0));
#279=VECTOR('',#278,4.362400054932E1);
#280=CARTESIAN_POINT('',(1.461609951987E2,2.136800003052E1,1.946443545739E1));
#281=LINE('',#280,#279);
#282=DIRECTION('',(-4.371140408598E-8,0.E0,1.E0));
#283=VECTOR('',#282,7.280400227461E0);
#284=CARTESIAN_POINT('',(1.461609955169E2,2.136800003052E1,1.218403522993E1));
#285=LINE('',#284,#283);
#286=DIRECTION('',(-1.192487418465E-8,1.E0,0.E0));
#287=VECTOR('',#286,4.000000377291E0);
#288=CARTESIAN_POINT('',(1.461609957315E2,1.436799965323E1,9.184035229928E0));
#289=LINE('',#288,#287);
#290=CARTESIAN_POINT('',(1.461609958626E2,1.436799965323E1,6.184035229928E0));
#291=DIRECTION('',(1.E0,1.192487299485E-8,4.371140766895E-8));
#292=DIRECTION('',(-4.371140486607E-8,1.953992523340E-14,1.E0));
#293=AXIS2_PLACEMENT_3D('',#290,#291,#292);
#295=DIRECTION('',(1.192487418465E-8,-1.E0,0.E0));
#296=VECTOR('',#295,4.000000377291E0);
#297=CARTESIAN_POINT('',(1.461609959461E2,1.836800003052E1,3.184035229928E0));
#298=LINE('',#297,#296);
#299=DIRECTION('',(-4.371141189371E-8,0.E0,1.E0));
#300=VECTOR('',#299,7.280400227461E0);
#301=CARTESIAN_POINT('',(1.461609963597E2,2.136800003052E1,-7.096364997533E0));
#302=LINE('',#301,#300);
#303=DIRECTION('',(1.192487388100E-8,-1.E0,0.E0));
#304=VECTOR('',#303,4.362400054932E1);
#305=CARTESIAN_POINT('',(1.461609958395E2,6.499200057983E1,-7.096364997533E0));
#306=LINE('',#305,#304);
#307=DIRECTION('',(4.371140408598E-8,0.E0,-1.E0));
#308=VECTOR('',#307,7.280400227461E0);
#309=CARTESIAN_POINT('',(1.461609955212E2,6.499200057983E1,1.840352299276E-1));
#310=LINE('',#309,#308);
#311=DIRECTION('',(1.192486707922E-8,-1.E0,0.E0));
#312=VECTOR('',#311,4.000000377291E0);
#313=CARTESIAN_POINT('',(1.461609953066E2,7.199200095713E1,3.184035229928E0));
#314=LINE('',#313,#312);
#315=DIRECTION('',(1.E0,1.192486909218E-8,4.371140871484E-8));
#316=VECTOR('',#315,2.E0);
#317=CARTESIAN_POINT('',(1.461609957846E2,1.486800003052E1,7.834035229928E0));
#318=LINE('',#317,#316);
#319=DIRECTION('',(1.E0,1.192486998036E-8,4.371140738257E-8));
#320=VECTOR('',#319,2.E0);
#321=CARTESIAN_POINT('',(1.461609959288E2,1.486800003052E1,4.534035229928E0));
#322=LINE('',#321,#320);
#323=CARTESIAN_POINT('',(1.481609951814E2,7.149200060368E1,6.184035317351E0));
#324=DIRECTION('',(1.E0,1.192487299576E-8,4.371140766226E-8));
#325=DIRECTION('',(-4.371140055975E-8,0.E0,1.E0));
#326=AXIS2_PLACEMENT_3D('',#323,#324,#325);
#328=CARTESIAN_POINT('',(1.481609951814E2,7.149200060368E1,6.184035317351E0));
#329=DIRECTION('',(1.E0,1.192487299576E-8,4.371140766226E-8));
#330=DIRECTION('',(4.371140055975E-8,0.E0,-1.E0));
#331=AXIS2_PLACEMENT_3D('',#328,#329,#330);
#333=CARTESIAN_POINT('',(1.481609958567E2,1.486800005437E1,6.184035317351E0));
#334=DIRECTION('',(1.E0,1.192487299576E-8,4.371140766226E-8));
#335=DIRECTION('',(-4.371140055975E-8,0.E0,1.E0));
#336=AXIS2_PLACEMENT_3D('',#333,#334,#335);
#338=CARTESIAN_POINT('',(1.481609958567E2,1.486800005437E1,6.184035317351E0));
#339=DIRECTION('',(1.E0,1.192487299576E-8,4.371140766226E-8));
#340=DIRECTION('',(4.371140055975E-8,0.E0,-1.E0));
#341=AXIS2_PLACEMENT_3D('',#338,#339,#340);
#343=CARTESIAN_POINT('',(1.481609951755E2,7.199200098097E1,6.184035317351E0));
#344=DIRECTION('',(-1.E0,-1.192487298075E-8,-4.371140765486E-8));
#345=DIRECTION('',(-4.371140486607E-8,0.E0,1.E0));
#346=AXIS2_PLACEMENT_3D('',#343,#344,#345);
#348=DIRECTION('',(1.192487411354E-8,-1.E0,0.E0));
#349=VECTOR('',#348,4.000000401141E0);
#350=CARTESIAN_POINT('',(1.481609953066E2,7.199200098097E1,3.184035317351E0));
#351=LINE('',#350,#349);
#352=DIRECTION('',(4.371140012912E-8,0.E0,-1.E0));
#353=VECTOR('',#352,6.E0);
#354=CARTESIAN_POINT('',(1.481609950920E2,6.799200057983E1,9.184035317351E0));
#355=LINE('',#354,#353);
#356=DIRECTION('',(-1.192486700812E-8,1.E0,0.E0));
#357=VECTOR('',#356,4.000000401141E0);
#358=CARTESIAN_POINT('',(1.481609950920E2,6.799200057983E1,9.184035317351E0));
#359=LINE('',#358,#357);
#360=CARTESIAN_POINT('',(1.481609958626E2,1.436799967708E1,6.184035317351E0));
#361=DIRECTION('',(-1.E0,-1.192487299485E-8,-4.371140766895E-8));
#362=DIRECTION('',(4.371140486607E-8,0.E0,-1.E0));
#363=AXIS2_PLACEMENT_3D('',#360,#361,#362);
#365=DIRECTION('',(-1.192486729252E-8,1.E0,0.E0));
#366=VECTOR('',#365,4.000000305742E0);
#367=CARTESIAN_POINT('',(1.481609957315E2,1.436799967708E1,9.184035317351E0));
#368=LINE('',#367,#366);
#369=DIRECTION('',(-4.901134789161E-8,0.E0,1.E0));
#370=VECTOR('',#369,5.999999997238E0);
#371=CARTESIAN_POINT('',(1.481609959779E2,1.836799998282E1,3.184035320112E0));
#372=LINE('',#371,#370);
#373=DIRECTION('',(3.974953395698E-9,-1.E0,-6.903770360607E-10));
#374=VECTOR('',#373,4.000000305742E0);
#375=CARTESIAN_POINT('',(1.481609959779E2,1.836799998282E1,3.184035320112E0));
#376=LINE('',#375,#374);
#377=DIRECTION('',(1.E0,1.192490373114E-8,4.371140871484E-8));
#378=VECTOR('',#377,2.E0);
#379=CARTESIAN_POINT('',(1.461609951093E2,7.149200057983E1,7.834035229928E0));
#380=LINE('',#379,#378);
#381=DIRECTION('',(1.E0,1.192490373114E-8,4.371140693848E-8));
#382=VECTOR('',#381,2.E0);
#383=CARTESIAN_POINT('',(1.461609952536E2,7.149200057983E1,4.534035229928E0));
#384=LINE('',#383,#382);
#385=DIRECTION('',(1.E0,1.192488241486E-8,4.371140738257E-8));
#386=VECTOR('',#385,2.E0);
#387=CARTESIAN_POINT('',(1.461609953066E2,7.199200095713E1,3.184035229928E0));
#388=LINE('',#387,#386);
#389=DIRECTION('',(1.E0,-2.842170943040E-14,4.371140693848E-8));
#390=VECTOR('',#389,2.E0);
#391=CARTESIAN_POINT('',(1.461609953543E2,6.799200057983E1,3.184035229928E0));
#392=LINE('',#391,#390);
#393=CARTESIAN_POINT('',(1.461609955090E2,6.799200057983E1,1.840352299278E-1));
#394=DIRECTION('',(1.E0,0.E0,4.371140766301E-8));
#395=DIRECTION('',(-4.371140486607E-8,5.210646728907E-14,1.E0));
#396=AXIS2_PLACEMENT_3D('',#393,#394,#395);
#398=CARTESIAN_POINT('',(1.521609955212E2,6.499200057983E1,1.840354921962E-1));
#399=CARTESIAN_POINT('',(1.521609955066E2,6.499200057983E1,5.173688267221E-1));
#400=CARTESIAN_POINT('',(1.520343274334E2,6.508700161724E1,1.025700426994E0));
#401=CARTESIAN_POINT('',(1.517063962568E2,6.533294997815E1,1.615786479036E0));
#402=CARTESIAN_POINT('',(1.512825308508E2,6.565084901441E1,2.085954733944E0));
#403=CARTESIAN_POINT('',(1.506219658118E2,6.614627277255E1,2.593581774887E0));
#404=CARTESIAN_POINT('',(1.496405044425E2,6.688236877852E1,3.033421720974E0));
#405=CARTESIAN_POINT('',(1.486943286913E2,6.759200058069E1,3.184035340663E0));
#406=CARTESIAN_POINT('',(1.481609953543E2,6.799200057983E1,3.184035317351E0));
#408=DIRECTION('',(1.E0,0.E0,4.371144122587E-8));
#409=VECTOR('',#408,6.E0);
#410=CARTESIAN_POINT('',(1.461609955212E2,6.499200057983E1,1.840352299276E-1));
#411=LINE('',#410,#409);
#412=DIRECTION('',(-1.E0,0.E0,-4.371137437194E-8));
#413=VECTOR('',#412,6.E0);
#414=CARTESIAN_POINT('',(1.521609949967E2,6.499200057983E1,1.218403549220E1));
#415=LINE('',#414,#413);
#416=DIRECTION('',(-1.E0,0.E0,0.E0));
#417=VECTOR('',#416,3.463900721229E1);
#418=CARTESIAN_POINT('',(1.808000030517E2,6.499200057983E1,-7.096364997533E0));
#419=LINE('',#418,#417);
#420=DIRECTION('',(1.E0,0.E0,0.E0));
#421=VECTOR('',#420,5.21E0);
#422=CARTESIAN_POINT('',(1.704661756012E2,3.264794764488E1,-7.096364997533E0));
#423=LINE('',#422,#421);
#424=DIRECTION('',(0.E0,-1.E0,0.E0));
#425=VECTOR('',#424,6.5125E-1);
#426=CARTESIAN_POINT('',(1.756761756012E2,3.264794764488E1,-7.096364997533E0));
#427=LINE('',#426,#425);
#428=DIRECTION('',(-1.E0,0.E0,0.E0));
#429=VECTOR('',#428,5.21E0);
#430=CARTESIAN_POINT('',(1.756761756012E2,3.199669764488E1,-7.096364997533E0));
#431=LINE('',#430,#429);
#432=DIRECTION('',(0.E0,1.E0,0.E0));
#433=VECTOR('',#432,6.5125E-1);
#434=CARTESIAN_POINT('',(1.704661756012E2,3.199669764488E1,-7.096364997533E0));
#435=LINE('',#434,#433);
#436=DIRECTION('',(1.E0,0.E0,0.E0));
#437=VECTOR('',#436,4.544893696308E0);
#438=CARTESIAN_POINT('',(1.704661756012E2,3.416753092645E1,-7.096364997533E0));
#439=LINE('',#438,#437);
#440=DIRECTION('',(-8.586072809584E-1,5.126339211223E-1,0.E0));
#441=VECTOR('',#440,5.293332350076E0);
#442=CARTESIAN_POINT('',(1.750110692975E2,3.416753092645E1,-7.096364997533E0));
#443=LINE('',#442,#441);
#444=DIRECTION('',(0.E0,1.E0,0.E0));
#445=VECTOR('',#444,9.76875E-1);
#446=CARTESIAN_POINT('',(1.704661756012E2,3.688107264488E1,-7.096364997533E0));
#447=LINE('',#446,#445);
#448=DIRECTION('',(1.E0,0.E0,0.E0));
#449=VECTOR('',#448,5.21E0);
#450=CARTESIAN_POINT('',(1.704661756012E2,3.785794764488E1,-7.096364997533E0));
#451=LINE('',#450,#449);
#452=DIRECTION('',(0.E0,-1.E0,0.E0));
#453=VECTOR('',#452,6.5125E-1);
#454=CARTESIAN_POINT('',(1.756761756012E2,3.785794764488E1,-7.096364997533E0));
#455=LINE('',#454,#453);
#456=DIRECTION('',(-1.E0,0.E0,0.E0));
#457=VECTOR('',#456,4.434042568058E0);
#458=CARTESIAN_POINT('',(1.756761756012E2,3.720669764488E1,-7.096364997533E0));
#459=LINE('',#458,#457);
#460=DIRECTION('',(8.529522188910E-1,-5.219889963294E-1,0.E0));
#461=VECTOR('',#460,5.198465365180E0);
#462=CARTESIAN_POINT('',(1.712421330332E2,3.720669764488E1,-7.096364997533E0));
#463=LINE('',#462,#461);
#464=DIRECTION('',(0.E0,-1.E0,0.E0));
#465=VECTOR('',#464,9.76875E-1);
#466=CARTESIAN_POINT('',(1.756761756012E2,3.449315592645E1,-7.096364997533E0));
#467=LINE('',#466,#465);
#468=DIRECTION('',(-1.E0,0.E0,0.E0));
#469=VECTOR('',#468,5.21E0);
#470=CARTESIAN_POINT('',(1.756761756012E2,3.351628092645E1,-7.096364997533E0));
#471=LINE('',#470,#469);
#472=DIRECTION('',(0.E0,1.E0,0.E0));
#473=VECTOR('',#472,6.5125E-1);
#474=CARTESIAN_POINT('',(1.704661756012E2,3.351628092645E1,-7.096364997533E0));
#475=LINE('',#474,#473);
#476=DIRECTION('',(-2.001232084928E-1,-9.797707392153E-1,0.E0));
#477=VECTOR('',#476,5.539140185199E-1);
#478=CARTESIAN_POINT('',(1.756761756012E2,4.567294764488E1,-7.096364997533E0));
#479=LINE('',#478,#477);
#480=DIRECTION('',(-4.547774575563E-1,-8.906051112017E-1,0.E0));
#481=VECTOR('',#480,4.874958016210E-1);
#482=CARTESIAN_POINT('',(1.755653245506E2,4.513023889749E1,-7.096364997533E0));
#483=LINE('',#482,#481);
#484=DIRECTION('',(-7.145107183351E-1,-6.996244945571E-1,0.E0));
#485=VECTOR('',#484,6.205704002515E-1);
#486=CARTESIAN_POINT('',(1.753436224494E2,4.469607264488E1,-7.096364997533E0));
#487=LINE('',#486,#485);
#488=DIRECTION('',(-8.981377659536E-1,-4.397141723527E-1,0.E0));
#489=VECTOR('',#488,4.936928601265E-1);
#490=CARTESIAN_POINT('',(1.749002182469E2,4.426190639226E1,-7.096364997533E0));
#491=LINE('',#490,#489);
#492=DIRECTION('',(-9.813592930674E-1,-1.921820436730E-1,0.E0));
#493=VECTOR('',#492,5.647835278396E-1);
#494=CARTESIAN_POINT('',(1.744568140445E2,4.404482264488E1,-7.096364997533E0));
#495=LINE('',#494,#493);
#496=DIRECTION('',(-1.E0,0.E0,0.E0));
#497=VECTOR('',#496,1.662765914500E0);
#498=CARTESIAN_POINT('',(1.739025584809E2,4.393628139226E1,-7.096364997533E0));
#499=LINE('',#498,#497);
#500=DIRECTION('',(-9.813592727596E-1,1.921821473726E-1,0.E0));
#501=VECTOR('',#500,5.647832230881E-1);
#502=CARTESIAN_POINT('',(1.722397925664E2,4.393628139226E1,-7.096364997533E0));
#503=LINE('',#502,#501);
#504=DIRECTION('',(-8.981377963584E-1,4.397141102494E-1,0.E0));
#505=VECTOR('',#504,4.936929298534E-1);
#506=CARTESIAN_POINT('',(1.716855373133E2,4.404482264488E1,-7.096364997533E0));
#507=LINE('',#506,#505);
#508=DIRECTION('',(-7.145107489524E-1,6.996244632883E-1,0.E0));
#509=VECTOR('',#508,6.205704279871E-1);
#510=CARTESIAN_POINT('',(1.712421330332E2,4.426190639226E1,-7.096364997533E0));
#511=LINE('',#510,#509);
#512=DIRECTION('',(-4.547775049247E-1,8.906050870136E-1,0.E0));
#513=VECTOR('',#512,4.874958148611E-1);
#514=CARTESIAN_POINT('',(1.707987287919E2,4.469607264488E1,-7.096364997533E0));
#515=LINE('',#514,#513);
#516=DIRECTION('',(-2.001232253108E-1,9.797707357802E-1,0.E0));
#517=VECTOR('',#516,5.539140204619E-1);
#518=CARTESIAN_POINT('',(1.705770266616E2,4.513023889749E1,-7.096364997533E0));
#519=LINE('',#518,#517);
#520=DIRECTION('',(3.273131962904E-14,1.E0,0.E0));
#521=VECTOR('',#520,8.683337473870E-1);
#522=CARTESIAN_POINT('',(1.704661756012E2,4.567294764488E1,-7.096364997533E0));
#523=LINE('',#522,#521);
#524=DIRECTION('',(2.001236650127E-1,9.797706459687E-1,0.E0));
#525=VECTOR('',#524,5.539128034292E-1);
#526=CARTESIAN_POINT('',(1.704661756012E2,4.654128139226E1,-7.096364997533E0));
#527=LINE('',#526,#525);
#528=DIRECTION('',(4.547764728998E-1,8.906056140048E-1,0.E0));
#529=VECTOR('',#528,4.874969211360E-1);
#530=CARTESIAN_POINT('',(1.705770266616E2,4.708398889749E1,-7.096364997533E0));
#531=LINE('',#530,#529);
#532=DIRECTION('',(7.145107489524E-1,6.996244632883E-1,0.E0));
#533=VECTOR('',#532,6.205704279871E-1);
#534=CARTESIAN_POINT('',(1.707987287919E2,4.751815639226E1,-7.096364997533E0));
#535=LINE('',#534,#533);
#536=DIRECTION('',(8.981377963584E-1,4.397141102494E-1,0.E0));
#537=VECTOR('',#536,4.936929298534E-1);
#538=CARTESIAN_POINT('',(1.712421330332E2,4.795232264488E1,-7.096364997533E0));
#539=LINE('',#538,#537);
#540=DIRECTION('',(9.813592727596E-1,1.921821473726E-1,0.E0));
#541=VECTOR('',#540,5.647832230881E-1);
#542=CARTESIAN_POINT('',(1.716855373133E2,4.816940639226E1,-7.096364997533E0));
#543=LINE('',#542,#541);
#544=DIRECTION('',(1.E0,0.E0,0.E0));
#545=VECTOR('',#544,1.662765914500E0);
#546=CARTESIAN_POINT('',(1.722397925664E2,4.827794764488E1,-7.096364997533E0));
#547=LINE('',#546,#545);
#548=DIRECTION('',(9.813592930674E-1,-1.921820436730E-1,0.E0));
#549=VECTOR('',#548,5.647835278396E-1);
#550=CARTESIAN_POINT('',(1.739025584809E2,4.827794764488E1,-7.096364997533E0));
#551=LINE('',#550,#549);
#552=DIRECTION('',(8.981377659536E-1,-4.397141723527E-1,0.E0));
#553=VECTOR('',#552,4.936928601265E-1);
#554=CARTESIAN_POINT('',(1.744568140445E2,4.816940639226E1,-7.096364997533E0));
#555=LINE('',#554,#553);
#556=DIRECTION('',(7.145107183351E-1,-6.996244945571E-1,0.E0));
#557=VECTOR('',#556,6.205704002515E-1);
#558=CARTESIAN_POINT('',(1.749002182469E2,4.795232264488E1,-7.096364997533E0));
#559=LINE('',#558,#557);
#560=DIRECTION('',(4.547764255314E-1,-8.906056381928E-1,0.E0));
#561=VECTOR('',#560,4.874969078961E-1);
#562=CARTESIAN_POINT('',(1.753436224494E2,4.751815639226E1,-7.096364997533E0));
#563=LINE('',#562,#561);
#564=DIRECTION('',(2.001236481947E-1,-9.797706494039E-1,0.E0));
#565=VECTOR('',#564,5.539128014871E-1);
#566=CARTESIAN_POINT('',(1.755653245506E2,4.708398889749E1,-7.096364997533E0));
#567=LINE('',#566,#565);
#568=DIRECTION('',(0.E0,-1.E0,0.E0));
#569=VECTOR('',#568,8.683337473869E-1);
#570=CARTESIAN_POINT('',(1.756761756012E2,4.654128139226E1,-7.096364997533E0));
#571=LINE('',#570,#569);
#572=DIRECTION('',(1.E0,0.E0,0.E0));
#573=VECTOR('',#572,3.436383034885E0);
#574=CARTESIAN_POINT('',(1.722397925664E2,5.305378015010E1,-7.096364997533E0));
#575=LINE('',#574,#573);
#576=DIRECTION('',(0.E0,-1.E0,0.E0));
#577=VECTOR('',#576,6.512487578392E-1);
#578=CARTESIAN_POINT('',(1.756761756012E2,5.305378015010E1,-7.096364997533E0));
#579=LINE('',#578,#577);
#580=DIRECTION('',(-1.E0,0.E0,0.E0));
#581=VECTOR('',#580,3.436383034885E0);
#582=CARTESIAN_POINT('',(1.756761756012E2,5.240253139226E1,-7.096364997533E0));
#583=LINE('',#582,#581);
#584=DIRECTION('',(-9.713207349042E-1,-2.377730639603E-1,0.E0));
#585=VECTOR('',#584,4.564961773466E-1);
#586=CARTESIAN_POINT('',(1.722397925664E2,5.240253139226E1,-7.096364997533E0));
#587=LINE('',#586,#585);
#588=DIRECTION('',(-8.373800750004E-1,-5.466210844748E-1,0.E0));
#589=VECTOR('',#588,3.971352576616E-1);
#590=CARTESIAN_POINT('',(1.717963883639E2,5.229398889749E1,-7.096364997533E0));
#591=LINE('',#590,#589);
#592=DIRECTION('',(-5.627910658975E-1,-8.265991871191E-1,0.E0));
#593=VECTOR('',#592,3.939333658613E-1);
#594=CARTESIAN_POINT('',(1.714638352120E2,5.207690639226E1,-7.096364997533E0));
#595=LINE('',#594,#593);
#596=DIRECTION('',(-2.473827746112E-1,-9.689178307915E-1,0.E0));
#597=VECTOR('',#596,4.480952677062E-1);
#598=CARTESIAN_POINT('',(1.712421330332E2,5.175128139226E1,-7.096364997533E0));
#599=LINE('',#598,#597);
#600=DIRECTION('',(0.E0,-1.E0,0.E0));
#601=VECTOR('',#600,4.341662526131E-1);
#602=CARTESIAN_POINT('',(1.711312819826E2,5.131711389749E1,-7.096364997533E0));
#603=LINE('',#602,#601);
#604=DIRECTION('',(2.473834390653E-1,-9.689176611437E-1,0.E0));
#605=VECTOR('',#604,4.480940641546E-1);
#606=CARTESIAN_POINT('',(1.711312819826E2,5.088294764488E1,-7.096364997533E0));
#607=LINE('',#606,#605);
#608=DIRECTION('',(5.627910658975E-1,-8.265991871191E-1,0.E0));
#609=VECTOR('',#608,3.939333658613E-1);
#610=CARTESIAN_POINT('',(1.712421330332E2,5.044878139226E1,-7.096364997533E0));
#611=LINE('',#610,#609);
#612=DIRECTION('',(8.373786433120E-1,-5.466232777013E-1,0.E0));
#613=VECTOR('',#612,3.971359366542E-1);
#614=CARTESIAN_POINT('',(1.714638352120E2,5.012315639226E1,-7.096364997533E0));
#615=LINE('',#614,#613);
#616=DIRECTION('',(9.713213633444E-1,-2.377704967207E-1,0.E0));
#617=VECTOR('',#616,4.564958819958E-1);
#618=CARTESIAN_POINT('',(1.717963883639E2,4.990607264488E1,-7.096364997533E0));
#619=LINE('',#618,#617);
#620=DIRECTION('',(1.E0,0.E0,0.E0));
#621=VECTOR('',#620,3.436383034885E0);
#622=CARTESIAN_POINT('',(1.722397925664E2,4.979753139226E1,-7.096364997533E0));
#623=LINE('',#622,#621);
#624=DIRECTION('',(0.E0,-1.E0,0.E0));
#625=VECTOR('',#624,6.5125E-1);
#626=CARTESIAN_POINT('',(1.756761756012E2,4.979753139226E1,-7.096364997533E0));
#627=LINE('',#626,#625);
#628=DIRECTION('',(-1.E0,0.E0,0.E0));
#629=VECTOR('',#628,3.436383034885E0);
#630=CARTESIAN_POINT('',(1.756761756012E2,4.914628139226E1,-7.096364997533E0));
#631=LINE('',#630,#629);
#632=DIRECTION('',(-9.813592727596E-1,1.921821473726E-1,0.E0));
#633=VECTOR('',#632,5.647832230881E-1);
#634=CARTESIAN_POINT('',(1.722397925664E2,4.914628139226E1,-7.096364997533E0));
#635=LINE('',#634,#633);
#636=DIRECTION('',(-8.981377963584E-1,4.397141102495E-1,0.E0));
#637=VECTOR('',#636,4.936929298534E-1);
#638=CARTESIAN_POINT('',(1.716855373133E2,4.925482264488E1,-7.096364997533E0));
#639=LINE('',#638,#637);
#640=DIRECTION('',(-7.145107489524E-1,6.996244632883E-1,0.E0));
#641=VECTOR('',#640,6.205704279871E-1);
#642=CARTESIAN_POINT('',(1.712421330332E2,4.947190639226E1,-7.096364997533E0));
#643=LINE('',#642,#641);
#644=DIRECTION('',(-4.547775049247E-1,8.906050870136E-1,0.E0));
#645=VECTOR('',#644,4.874958148611E-1);
#646=CARTESIAN_POINT('',(1.707987287919E2,4.990607264488E1,-7.096364997533E0));
#647=LINE('',#646,#645);
#648=DIRECTION('',(-2.001232253108E-1,9.797707357802E-1,0.E0));
#649=VECTOR('',#648,5.539140204619E-1);
#650=CARTESIAN_POINT('',(1.705770266616E2,5.034023889749E1,-7.096364997533E0));
#651=LINE('',#650,#649);
#652=DIRECTION('',(6.546273290322E-14,1.E0,0.E0));
#653=VECTOR('',#652,4.341662526131E-1);
#654=CARTESIAN_POINT('',(1.704661756012E2,5.088294764488E1,-7.096364997533E0));
#655=LINE('',#654,#653);
#656=DIRECTION('',(2.001232253107E-1,9.797707357802E-1,0.E0));
#657=VECTOR('',#656,5.539140204620E-1);
#658=CARTESIAN_POINT('',(1.704661756012E2,5.131711389749E1,-7.096364997533E0));
#659=LINE('',#658,#657);
#660=DIRECTION('',(4.547775049247E-1,8.906050870136E-1,0.E0));
#661=VECTOR('',#660,4.874958148610E-1);
#662=CARTESIAN_POINT('',(1.705770266616E2,5.185982264488E1,-7.096364997533E0));
#663=LINE('',#662,#661);
#664=DIRECTION('',(7.145097483531E-1,6.996254851765E-1,0.E0));
#665=VECTOR('',#664,6.205712970338E-1);
#666=CARTESIAN_POINT('',(1.707987287919E2,5.229398889749E1,-7.096364997533E0));
#667=LINE('',#666,#665);
#668=DIRECTION('',(8.981377963584E-1,4.397141102494E-1,0.E0));
#669=VECTOR('',#668,4.936929298534E-1);
#670=CARTESIAN_POINT('',(1.712421330332E2,5.272815639226E1,-7.096364997533E0));
#671=LINE('',#670,#669);
#672=DIRECTION('',(9.813596875559E-1,1.921800292437E-1,0.E0));
#673=VECTOR('',#672,5.647829843683E-1);
#674=CARTESIAN_POINT('',(1.716855373133E2,5.294524013965E1,-7.096364997533E0));
#675=LINE('',#674,#673);
#676=DIRECTION('',(0.E0,-1.E0,0.E0));
#677=VECTOR('',#676,4.124582505226E0);
#678=CARTESIAN_POINT('',(1.756761756012E2,5.804669764488E1,-7.096364997533E0));
#679=LINE('',#678,#677);
#680=DIRECTION('',(-1.E0,0.E0,0.E0));
#681=VECTOR('',#680,5.542552530765E-1);
#682=CARTESIAN_POINT('',(1.756761756012E2,5.392211513965E1,-7.096364997533E0));
#683=LINE('',#682,#681);
#684=DIRECTION('',(0.E0,1.E0,0.E0));
#685=VECTOR('',#684,1.736665010452E0);
#686=CARTESIAN_POINT('',(1.751219203482E2,5.392211513965E1,-7.096364997533E0));
#687=LINE('',#686,#685);
#688=DIRECTION('',(-1.E0,0.E0,0.E0));
#689=VECTOR('',#688,4.655744746923E0);
#690=CARTESIAN_POINT('',(1.751219203482E2,5.565878015010E1,-7.096364997533E0));
#691=LINE('',#690,#689);
#692=DIRECTION('',(0.E0,1.E0,0.E0));
#693=VECTOR('',#692,6.5125E-1);
#694=CARTESIAN_POINT('',(1.704661756012E2,5.565878015010E1,-7.096364997533E0));
#695=LINE('',#694,#693);
#696=DIRECTION('',(1.E0,0.E0,0.E0));
#697=VECTOR('',#696,4.655744746923E0);
#698=CARTESIAN_POINT('',(1.704661756012E2,5.631003015010E1,-7.096364997533E0));
#699=LINE('',#698,#697);
#700=DIRECTION('',(0.E0,1.E0,0.E0));
#701=VECTOR('',#700,1.736667494774E0);
#702=CARTESIAN_POINT('',(1.751219203482E2,5.631003015010E1,-7.096364997533E0));
#703=LINE('',#702,#701);
#704=DIRECTION('',(1.E0,0.E0,0.E0));
#705=VECTOR('',#704,5.542552530765E-1);
#706=CARTESIAN_POINT('',(1.751219203482E2,5.804669764488E1,-7.096364997533E0));
#707=LINE('',#706,#705);
#708=DIRECTION('',(-2.001233458994E-1,-9.797707111493E-1,0.E0));
#709=VECTOR('',#708,2.126347939336E-1);
#710=CARTESIAN_POINT('',(1.613131271103E2,3.221244386093E1,-7.096364997533E0));
#711=LINE('',#710,#709);
#712=DIRECTION('',(-4.547770705465E-1,-8.906053088238E-1,0.E0));
#713=VECTOR('',#712,1.871386627540E-1);
#714=CARTESIAN_POINT('',(1.612705739239E2,3.200411051766E1,-7.096364997533E0));
#715=LINE('',#714,#713);
#716=DIRECTION('',(-7.145104056477E-1,-6.996248138976E-1,0.E0));
#717=VECTOR('',#716,2.382229066520E-1);
#718=CARTESIAN_POINT('',(1.611854675511E2,3.183744383113E1,-7.096364997533E0));
#719=LINE('',#718,#717);
#720=DIRECTION('',(-8.981380997585E-1,-4.397134905391E-1,0.E0));
#721=VECTOR('',#720,1.895173422798E-1);
#722=CARTESIAN_POINT('',(1.610152548054E2,3.167077717439E1,-7.096364997533E0));
#723=LINE('',#722,#721);
#724=DIRECTION('',(-9.813591537209E-1,-1.921827552310E-1,0.E0));
#725=VECTOR('',#724,2.168075270768E-1);
#726=CARTESIAN_POINT('',(1.608450420597E2,3.158744384230E1,-7.096364997533E0));
#727=LINE('',#726,#725);
#728=DIRECTION('',(-1.E0,0.E0,0.E0));
#729=VECTOR('',#728,6.382978558540E-1);
#730=CARTESIAN_POINT('',(1.606322760084E2,3.154577717439E1,-7.096364997533E0));
#731=LINE('',#730,#729);
#732=DIRECTION('',(-9.813591334130E-1,1.921828589309E-1,0.E0));
#733=VECTOR('',#732,2.168074100897E-1);
#734=CARTESIAN_POINT('',(1.599939781526E2,3.154577717439E1,-7.096364997533E0));
#735=LINE('',#734,#733);
#736=DIRECTION('',(-8.981381301632E-1,4.397134284359E-1,0.E0));
#737=VECTOR('',#736,1.895173690464E-1);
#738=CARTESIAN_POINT('',(1.597812122205E2,3.158744384230E1,-7.096364997533E0));
#739=LINE('',#738,#737);
#740=DIRECTION('',(-7.145104362650E-1,6.996247826288E-1,0.E0));
#741=VECTOR('',#740,2.382229172991E-1);
#742=CARTESIAN_POINT('',(1.596109994450E2,3.167077717439E1,-7.096364997533E0));
#743=LINE('',#742,#741);
#744=DIRECTION('',(-4.547771179149E-1,8.906052846357E-1,0.E0));
#745=VECTOR('',#744,1.871386678365E-1);
#746=CARTESIAN_POINT('',(1.594407866845E2,3.183744383113E1,-7.096364997533E0));
#747=LINE('',#746,#745);
#748=DIRECTION('',(-2.001233627174E-1,9.797707077141E-1,0.E0));
#749=VECTOR('',#748,2.126347946792E-1);
#750=CARTESIAN_POINT('',(1.593556803004E2,3.200411051766E1,-7.096364997533E0));
#751=LINE('',#750,#749);
#752=DIRECTION('',(0.E0,1.E0,0.E0));
#753=VECTOR('',#752,3.333333134651E-1);
#754=CARTESIAN_POINT('',(1.593131271103E2,3.221244386093E1,-7.096364997533E0));
#755=LINE('',#754,#753);
#756=DIRECTION('',(2.001233352361E-1,9.797707133274E-1,0.E0));
#757=VECTOR('',#756,2.126348238786E-1);
#758=CARTESIAN_POINT('',(1.593131271103E2,3.254577717439E1,-7.096364997533E0));
#759=LINE('',#758,#757);
#760=DIRECTION('',(4.547772469181E-1,8.906052187617E-1,0.E0));
#761=VECTOR('',#760,1.871386147523E-1);
#762=CARTESIAN_POINT('',(1.593556803004E2,3.275411054746E1,-7.096364997533E0));
#763=LINE('',#762,#761);
#764=DIRECTION('',(7.145104988025E-1,6.996247187608E-1,0.E0));
#765=VECTOR('',#764,2.382228964486E-1);
#766=CARTESIAN_POINT('',(1.594407866845E2,3.292077717439E1,-7.096364997533E0));
#767=LINE('',#766,#765);
#768=DIRECTION('',(8.981380447713E-1,4.397136028534E-1,0.E0));
#769=VECTOR('',#768,1.895173870651E-1);
#770=CARTESIAN_POINT('',(1.596109994450E2,3.308744380132E1,-7.096364997533E0));
#771=LINE('',#770,#769);
#772=DIRECTION('',(9.813591690599E-1,1.921826769043E-1,0.E0));
#773=VECTOR('',#772,2.168074022144E-1);
#774=CARTESIAN_POINT('',(1.597812122205E2,3.317077717439E1,-7.096364997533E0));
#775=LINE('',#774,#773);
#776=DIRECTION('',(1.E0,0.E0,0.E0));
#777=VECTOR('',#776,6.382978558540E-1);
#778=CARTESIAN_POINT('',(1.599939781526E2,3.321244380132E1,-7.096364997533E0));
#779=LINE('',#778,#777);
#780=DIRECTION('',(9.813591893677E-1,-1.921825732045E-1,0.E0));
#781=VECTOR('',#780,2.168075192015E-1);
#782=CARTESIAN_POINT('',(1.606322760084E2,3.321244380132E1,-7.096364997533E0));
#783=LINE('',#782,#781);
#784=DIRECTION('',(8.981380143666E-1,-4.397136649566E-1,0.E0));
#785=VECTOR('',#784,1.895173602985E-1);
#786=CARTESIAN_POINT('',(1.608450420597E2,3.317077717439E1,-7.096364997533E0));
#787=LINE('',#786,#785);
#788=DIRECTION('',(7.145104681851E-1,-6.996247500295E-1,0.E0));
#789=VECTOR('',#788,2.382228858016E-1);
#790=CARTESIAN_POINT('',(1.610152548054E2,3.308744380132E1,-7.096364997533E0));
#791=LINE('',#790,#789);
#792=DIRECTION('',(4.547771995498E-1,-8.906052429498E-1,0.E0));
#793=VECTOR('',#792,1.871386096698E-1);
#794=CARTESIAN_POINT('',(1.611854675511E2,3.292077717439E1,-7.096364997533E0));
#795=LINE('',#794,#793);
#796=DIRECTION('',(2.001233184180E-1,-9.797707167625E-1,0.E0));
#797=VECTOR('',#796,2.126348231331E-1);
#798=CARTESIAN_POINT('',(1.612705739239E2,3.275411054746E1,-7.096364997533E0));
#799=LINE('',#798,#797);
#800=DIRECTION('',(0.E0,-1.E0,0.E0));
#801=VECTOR('',#800,3.333333134651E-1);
#802=CARTESIAN_POINT('',(1.613131271103E2,3.254577717439E1,-7.096364997533E0));
#803=LINE('',#802,#801);
#804=DIRECTION('',(1.E0,0.E0,0.E0));
#805=VECTOR('',#804,9.787234067917E-1);
#806=CARTESIAN_POINT('',(1.593131271103E2,3.375411042825E1,-7.096364997533E0));
#807=LINE('',#806,#805);
#808=DIRECTION('',(7.145097177357E-1,6.996255164452E-1,0.E0));
#809=VECTOR('',#808,1.191115680035E-1);
#810=CARTESIAN_POINT('',(1.602918505171E2,3.375411042825E1,-7.096364997533E0));
#811=LINE('',#810,#809);
#812=DIRECTION('',(5.627909312418E-1,8.265992787996E-1,0.E0));
#813=VECTOR('',#812,1.512220046714E-1);
#814=CARTESIAN_POINT('',(1.603769568899E2,3.383744392053E1,-7.096364997533E0));
#815=LINE('',#814,#813);
#816=DIRECTION('',(2.473834390653E-1,9.689176611437E-1,0.E0));
#817=VECTOR('',#816,1.720130764509E-1);
#818=CARTESIAN_POINT('',(1.604620632628E2,3.396244392053E1,-7.096364997533E0));
#819=LINE('',#818,#817);
#820=DIRECTION('',(-2.473831068378E-1,9.689177459678E-1,0.E0));
#821=VECTOR('',#820,1.720133074589E-1);
#822=CARTESIAN_POINT('',(1.605046164492E2,3.412911042825E1,-7.096364997533E0));
#823=LINE('',#822,#821);
#824=DIRECTION('',(-4.547774575564E-1,8.906051112017E-1,0.E0));
#825=VECTOR('',#824,9.356925175068E-2);
#826=CARTESIAN_POINT('',(1.604620632628E2,3.429577717439E1,-7.096364997533E0));
#827=LINE('',#826,#825);
#828=DIRECTION('',(-7.145097177357E-1,6.996255164452E-1,0.E0));
#829=VECTOR('',#828,1.191115680035E-1);
#830=CARTESIAN_POINT('',(1.604195100763E2,3.437911042825E1,-7.096364997533E0));
#831=LINE('',#830,#829);
#832=DIRECTION('',(-9.813592727596E-1,1.921821473726E-1,0.E0));
#833=VECTOR('',#832,2.168073793044E-1);
#834=CARTESIAN_POINT('',(1.603344037035E2,3.446244392053E1,-7.096364997533E0));
#835=LINE('',#834,#833);
#836=DIRECTION('',(-1.E0,0.E0,0.E0));
#837=VECTOR('',#836,8.085106611252E-1);
#838=CARTESIAN_POINT('',(1.601216377714E2,3.450411042825E1,-7.096364997533E0));
#839=LINE('',#838,#837);
#840=DIRECTION('',(0.E0,1.E0,0.E0));
#841=VECTOR('',#840,2.083334922791E-1);
#842=CARTESIAN_POINT('',(1.593131271103E2,3.450411042825E1,-7.096364997533E0));
#843=LINE('',#842,#841);
#844=DIRECTION('',(1.E0,0.E0,0.E0));
#845=VECTOR('',#844,8.085106611252E-1);
#846=CARTESIAN_POINT('',(1.593131271103E2,3.471244392053E1,-7.096364997533E0));
#847=LINE('',#846,#845);
#848=DIRECTION('',(9.813590653599E-1,-1.921832064360E-1,0.E0));
#849=VECTOR('',#848,2.168074251244E-1);
#850=CARTESIAN_POINT('',(1.601216377714E2,3.471244392053E1,-7.096364997533E0));
#851=LINE('',#850,#849);
#852=DIRECTION('',(9.506450175458E-1,-3.102805998049E-1,0.E0));
#853=VECTOR('',#852,1.342873069271E-1);
#854=CARTESIAN_POINT('',(1.603344037035E2,3.467077717439E1,-7.096364997533E0));
#855=LINE('',#854,#853);
#856=DIRECTION('',(7.145107183351E-1,-6.996244945571E-1,0.E0));
#857=VECTOR('',#856,1.191114011999E-1);
#858=CARTESIAN_POINT('',(1.604620632628E2,3.462911042825E1,-7.096364997533E0));
#859=LINE('',#858,#857);
#860=DIRECTION('',(5.627909312417E-1,-8.265992787996E-1,0.E0));
#861=VECTOR('',#860,1.512220046714E-1);
#862=CARTESIAN_POINT('',(1.605471696356E2,3.454577717439E1,-7.096364997533E0));
#863=LINE('',#862,#861);
#864=DIRECTION('',(3.222637633772E-1,-9.466499177700E-1,0.E0));
#865=VECTOR('',#864,1.320445897196E-1);
#866=CARTESIAN_POINT('',(1.606322760084E2,3.442077717439E1,-7.096364997533E0));
#867=LINE('',#866,#865);
#868=DIRECTION('',(0.E0,-1.E0,0.E0));
#869=VECTOR('',#868,1.666667461395E-1);
#870=CARTESIAN_POINT('',(1.606748291948E2,3.429577717439E1,-7.096364997533E0));
#871=LINE('',#870,#869);
#872=DIRECTION('',(-2.473834390653E-1,-9.689176611437E-1,0.E0));
#873=VECTOR('',#872,1.720130764509E-1);
#874=CARTESIAN_POINT('',(1.606748291948E2,3.412911042825E1,-7.096364997533E0));
#875=LINE('',#874,#873);
#876=DIRECTION('',(-5.627909312417E-1,-8.265992787996E-1,0.E0));
#877=VECTOR('',#876,1.512220046714E-1);
#878=CARTESIAN_POINT('',(1.606322760084E2,3.396244392053E1,-7.096364997533E0));
#879=LINE('',#878,#877);
#880=DIRECTION('',(-7.145097177357E-1,-6.996255164452E-1,0.E0));
#881=VECTOR('',#880,1.191115680035E-1);
#882=CARTESIAN_POINT('',(1.605471696356E2,3.383744392053E1,-7.096364997533E0));
#883=LINE('',#882,#881);
#884=DIRECTION('',(1.E0,0.E0,0.E0));
#885=VECTOR('',#884,2.127659320831E-1);
#886=CARTESIAN_POINT('',(1.604620632628E2,3.375411042825E1,-7.096364997533E0));
#887=LINE('',#886,#885);
#888=DIRECTION('',(0.E0,-1.E0,0.E0));
#889=VECTOR('',#888,2.083332538605E-1);
#890=CARTESIAN_POINT('',(1.606748291948E2,3.375411042825E1,-7.096364997533E0));
#891=LINE('',#890,#889);
#892=DIRECTION('',(-1.E0,0.E0,0.E0));
#893=VECTOR('',#892,1.361702084541E0);
#894=CARTESIAN_POINT('',(1.606748291948E2,3.354577717439E1,-7.096364997533E0));
#895=LINE('',#894,#893);
#896=DIRECTION('',(0.E0,1.E0,0.E0));
#897=VECTOR('',#896,2.083332538605E-1);
#898=CARTESIAN_POINT('',(1.593131271103E2,3.354577717439E1,-7.096364997533E0));
#899=LINE('',#898,#897);
#900=DIRECTION('',(1.E0,0.E0,0.E0));
#901=VECTOR('',#900,2.127659618855E-1);
#902=CARTESIAN_POINT('',(1.593131271103E2,3.525411042825E1,-7.096364997533E0));
#903=LINE('',#902,#901);
#904=DIRECTION('',(0.E0,-1.E0,0.E0));
#905=VECTOR('',#904,2.083332538605E-1);
#906=CARTESIAN_POINT('',(1.595258930722E2,3.525411042825E1,-7.096364997533E0));
#907=LINE('',#906,#905);
#908=DIRECTION('',(-1.E0,0.E0,0.E0));
#909=VECTOR('',#908,2.127659618855E-1);
#910=CARTESIAN_POINT('',(1.595258930722E2,3.504577717439E1,-7.096364997533E0));
#911=LINE('',#910,#909);
#912=DIRECTION('',(0.E0,1.E0,0.E0));
#913=VECTOR('',#912,2.083332538605E-1);
#914=CARTESIAN_POINT('',(1.593131271103E2,3.504577717439E1,-7.096364997533E0));
#915=LINE('',#914,#913);
#916=DIRECTION('',(1.E0,0.E0,0.E0));
#917=VECTOR('',#916,2.127659320831E-1);
#918=CARTESIAN_POINT('',(1.603344037035E2,3.525411042825E1,-7.096364997533E0));
#919=LINE('',#918,#917);
#920=DIRECTION('',(0.E0,-1.E0,0.E0));
#921=VECTOR('',#920,2.083332538605E-1);
#922=CARTESIAN_POINT('',(1.605471696356E2,3.525411042825E1,-7.096364997533E0));
#923=LINE('',#922,#921);
#924=DIRECTION('',(-1.E0,0.E0,0.E0));
#925=VECTOR('',#924,2.127659320831E-1);
#926=CARTESIAN_POINT('',(1.605471696356E2,3.504577717439E1,-7.096364997533E0));
#927=LINE('',#926,#925);
#928=DIRECTION('',(0.E0,1.E0,0.E0));
#929=VECTOR('',#928,2.083332538605E-1);
#930=CARTESIAN_POINT('',(1.603344037035E2,3.504577717439E1,-7.096364997533E0));
#931=LINE('',#930,#929);
#932=DIRECTION('',(8.981387596046E-1,4.397121427661E-1,0.E0));
#933=VECTOR('',#932,9.475860152244E-2);
#934=CARTESIAN_POINT('',(1.603344037035E2,3.779577717439E1,-7.096364997533E0));
#935=LINE('',#934,#933);
#936=DIRECTION('',(4.547764255315E-1,8.906056381928E-1,0.E0));
#937=VECTOR('',#936,9.356946408754E-2);
#938=CARTESIAN_POINT('',(1.604195100763E2,3.783744368211E1,-7.096364997533E0));
#939=LINE('',#938,#937);
#940=DIRECTION('',(2.473834390653E-1,9.689176611437E-1,0.E0));
#941=VECTOR('',#940,1.720130764509E-1);
#942=CARTESIAN_POINT('',(1.604620632628E2,3.792077717439E1,-7.096364997533E0));
#943=LINE('',#942,#941);
#944=DIRECTION('',(0.E0,1.E0,0.E0));
#945=VECTOR('',#944,2.5E-1);
#946=CARTESIAN_POINT('',(1.605046164492E2,3.808744368211E1,-7.096364997533E0));
#947=LINE('',#946,#945);
#948=DIRECTION('',(-1.677993286083E-1,9.858211730931E-1,0.E0));
#949=VECTOR('',#948,2.535956893841E-1);
#950=CARTESIAN_POINT('',(1.605046164492E2,3.833744368211E1,-7.096364997533E0));
#951=LINE('',#950,#949);
#952=DIRECTION('',(-4.547764255315E-1,8.906056381928E-1,0.E0));
#953=VECTOR('',#952,9.356946408754E-2);
#954=CARTESIAN_POINT('',(1.604620632628E2,3.858744368211E1,-7.096364997533E0));
#955=LINE('',#954,#953);
#956=DIRECTION('',(-8.981387596046E-1,4.397121427660E-1,0.E0));
#957=VECTOR('',#956,9.475860152246E-2);
#958=CARTESIAN_POINT('',(1.604195100763E2,3.867077717439E1,-7.096364997533E0));
#959=LINE('',#958,#957);
#960=DIRECTION('',(0.E0,1.E0,0.E0));
#961=VECTOR('',#960,2.083334922791E-1);
#962=CARTESIAN_POINT('',(1.603344037035E2,3.871244368211E1,-7.096364997533E0));
#963=LINE('',#962,#961);
#964=DIRECTION('',(8.981377659536E-1,-4.397141723527E-1,0.E0));
#965=VECTOR('',#964,1.895174127165E-1);
#966=CARTESIAN_POINT('',(1.603344037035E2,3.892077717439E1,-7.096364997533E0));
#967=LINE('',#966,#965);
#968=DIRECTION('',(5.627909312417E-1,-8.265992787996E-1,0.E0));
#969=VECTOR('',#968,1.512220046714E-1);
#970=CARTESIAN_POINT('',(1.605046164492E2,3.883744368211E1,-7.096364997533E0));
#971=LINE('',#970,#969);
#972=DIRECTION('',(3.222637633772E-1,-9.466499177700E-1,0.E0));
#973=VECTOR('',#972,1.320445897196E-1);
#974=CARTESIAN_POINT('',(1.605897228220E2,3.871244368211E1,-7.096364997533E0));
#975=LINE('',#974,#973);
#976=DIRECTION('',(1.677993286083E-1,-9.858211730931E-1,0.E0));
#977=VECTOR('',#976,2.535956893841E-1);
#978=CARTESIAN_POINT('',(1.606322760084E2,3.858744368211E1,-7.096364997533E0));
#979=LINE('',#978,#977);
#980=DIRECTION('',(0.E0,-1.E0,0.E0));
#981=VECTOR('',#980,2.5E-1);
#982=CARTESIAN_POINT('',(1.606748291948E2,3.833744368211E1,-7.096364997533E0));
#983=LINE('',#982,#981);
#984=DIRECTION('',(-1.677993286083E-1,-9.858211730931E-1,0.E0));
#985=VECTOR('',#984,2.535956893841E-1);
#986=CARTESIAN_POINT('',(1.606748291948E2,3.808744368211E1,-7.096364997533E0));
#987=LINE('',#986,#985);
#988=DIRECTION('',(-4.547774575564E-1,-8.906051112017E-1,0.E0));
#989=VECTOR('',#988,1.871385035014E-1);
#990=CARTESIAN_POINT('',(1.606322760084E2,3.783744368211E1,-7.096364997533E0));
#991=LINE('',#990,#989);
#992=DIRECTION('',(-8.373786433120E-1,-5.466232777013E-1,0.E0));
#993=VECTOR('',#992,1.524514152223E-1);
#994=CARTESIAN_POINT('',(1.605471696356E2,3.767077717439E1,-7.096364997533E0));
#995=LINE('',#994,#993);
#996=DIRECTION('',(-1.E0,0.E0,0.E0));
#997=VECTOR('',#996,8.510637283325E-2);
#998=CARTESIAN_POINT('',(1.604195100763E2,3.758744368211E1,-7.096364997533E0));
#999=LINE('',#998,#997);
#1000=DIRECTION('',(-8.981377659536E-1,4.397141723527E-1,0.E0));
#1001=VECTOR('',#1000,1.895174127165E-1);
#1002=CARTESIAN_POINT('',(1.603344037035E2,3.758744368211E1,-7.096364997533E0));
#1003=LINE('',#1002,#1001);
#1004=DIRECTION('',(-6.080773765196E-1,7.938777639946E-1,0.E0));
#1005=VECTOR('',#1004,2.099397606028E-1);
#1006=CARTESIAN_POINT('',(1.601641909578E2,3.767077717439E1,-7.096364997533E0));
#1007=LINE('',#1006,#1005);
#1008=DIRECTION('',(-2.876776835597E-1,9.577272839289E-1,0.E0));
#1009=VECTOR('',#1008,7.395983221583E-1);
#1010=CARTESIAN_POINT('',(1.600365313390E2,3.783744368211E1,-7.096364997533E0));
#1011=LINE('',#1010,#1009);
#1012=DIRECTION('',(-5.627909312417E-1,8.265992787996E-1,0.E0));
#1013=VECTOR('',#1012,1.512220046714E-1);
#1014=CARTESIAN_POINT('',(1.598237654069E2,3.854577717439E1,-7.096364997533E0));
#1015=LINE('',#1014,#1013);
#1016=DIRECTION('',(-8.981388204136E-1,4.397120185599E-1,0.E0));
#1017=VECTOR('',#1016,9.475862828909E-2);
#1018=CARTESIAN_POINT('',(1.597386590341E2,3.867077717439E1,-7.096364997533E0));
#1019=LINE('',#1018,#1017);
#1020=DIRECTION('',(-8.981387596046E-1,-4.397121427660E-1,0.E0));
#1021=VECTOR('',#1020,9.475860152246E-2);
#1022=CARTESIAN_POINT('',(1.596535526314E2,3.871244368211E1,-7.096364997533E0));
#1023=LINE('',#1022,#1021);
#1024=DIRECTION('',(-4.547764255315E-1,-8.906056381928E-1,0.E0));
#1025=VECTOR('',#1024,9.356946408754E-2);
#1026=CARTESIAN_POINT('',(1.595684462586E2,3.867077717439E1,-7.096364997533E0));
#1027=LINE('',#1026,#1025);
#1028=DIRECTION('',(-2.473835203918E-1,-9.689176403795E-1,0.E0));
#1029=VECTOR('',#1028,1.720130801372E-1);
#1030=CARTESIAN_POINT('',(1.595258930722E2,3.858744368211E1,-7.096364997533E0));
#1031=LINE('',#1030,#1029);
#1032=DIRECTION('',(0.E0,-1.E0,0.E0));
#1033=VECTOR('',#1032,2.5E-1);
#1034=CARTESIAN_POINT('',(1.594833398709E2,3.842077717439E1,-7.096364997533E0));
#1035=LINE('',#1034,#1033);
#1036=DIRECTION('',(1.677993857134E-1,-9.858211633731E-1,0.E0));
#1037=VECTOR('',#1036,2.535956918845E-1);
#1038=CARTESIAN_POINT('',(1.594833398709E2,3.817077717439E1,-7.096364997533E0));
#1039=LINE('',#1038,#1037);
#1040=DIRECTION('',(4.547764255311E-1,-8.906056381930E-1,0.E0));
#1041=VECTOR('',#1040,9.356946408754E-2);
#1042=CARTESIAN_POINT('',(1.595258930722E2,3.792077717439E1,-7.096364997533E0));
#1043=LINE('',#1042,#1041);
#1044=DIRECTION('',(8.981387596047E-1,-4.397121427659E-1,0.E0));
#1045=VECTOR('',#1044,9.475860152246E-2);
#1046=CARTESIAN_POINT('',(1.595684462586E2,3.783744368211E1,-7.096364997533E0));
#1047=LINE('',#1046,#1045);
#1048=DIRECTION('',(0.E0,-1.E0,0.E0));
#1049=VECTOR('',#1048,2.083334922790E-1);
#1050=CARTESIAN_POINT('',(1.596535526314E2,3.779577717439E1,-7.096364997533E0));
#1051=LINE('',#1050,#1049);
#1052=DIRECTION('',(-8.981377811560E-1,4.397141413010E-1,0.E0));
#1053=VECTOR('',#1052,1.895174260998E-1);
#1054=CARTESIAN_POINT('',(1.596535526314E2,3.758744368211E1,-7.096364997533E0));
#1055=LINE('',#1054,#1053);
#1056=DIRECTION('',(-5.627909649057E-1,8.265992558795E-1,0.E0));
#1057=VECTOR('',#1056,1.512220088645E-1);
#1058=CARTESIAN_POINT('',(1.594833398709E2,3.767077717439E1,-7.096364997533E0));
#1059=LINE('',#1058,#1057);
#1060=DIRECTION('',(-3.222637886596E-1,9.466499091632E-1,0.E0));
#1061=VECTOR('',#1060,1.320445909201E-1);
#1062=CARTESIAN_POINT('',(1.593982334906E2,3.779577717439E1,-7.096364997533E0));
#1063=LINE('',#1062,#1061);
#1064=DIRECTION('',(-1.677993428846E-1,9.858211706631E-1,0.E0));
#1065=VECTOR('',#1064,2.535956900092E-1);
#1066=CARTESIAN_POINT('',(1.593556803004E2,3.792077717439E1,-7.096364997533E0));
#1067=LINE('',#1066,#1065);
#1068=DIRECTION('',(0.E0,1.E0,0.E0));
#1069=VECTOR('',#1068,2.5E-1);
#1070=CARTESIAN_POINT('',(1.593131271103E2,3.817077717439E1,-7.096364997533E0));
#1071=LINE('',#1070,#1069);
#1072=DIRECTION('',(1.677993428846E-1,9.858211706631E-1,0.E0));
#1073=VECTOR('',#1072,2.535956900092E-1);
#1074=CARTESIAN_POINT('',(1.593131271103E2,3.842077717439E1,-7.096364997533E0));
#1075=LINE('',#1074,#1073);
#1076=DIRECTION('',(4.547775049247E-1,8.906050870136E-1,0.E0));
#1077=VECTOR('',#1076,1.871385085839E-1);
#1078=CARTESIAN_POINT('',(1.593556803004E2,3.867077717439E1,-7.096364997533E0));
#1079=LINE('',#1078,#1077);
#1080=DIRECTION('',(8.373786725175E-1,5.466232329612E-1,0.E0));
#1081=VECTOR('',#1080,1.524514277002E-1);
#1082=CARTESIAN_POINT('',(1.594407866845E2,3.883744368211E1,-7.096364997533E0));
#1083=LINE('',#1082,#1081);
#1084=DIRECTION('',(1.E0,8.348878140442E-14,0.E0));
#1085=VECTOR('',#1084,8.510637283328E-2);
#1086=CARTESIAN_POINT('',(1.595684462586E2,3.892077717439E1,-7.096364997533E0));
#1087=LINE('',#1086,#1085);
#1088=DIRECTION('',(8.981377963584E-1,-4.397141102495E-1,0.E0));
#1089=VECTOR('',#1088,1.895174394831E-1);
#1090=CARTESIAN_POINT('',(1.596535526314E2,3.892077717439E1,-7.096364997533E0));
#1091=LINE('',#1090,#1089);
#1092=DIRECTION('',(6.080771975856E-1,-7.938779010505E-1,0.E0));
#1093=VECTOR('',#1092,2.099397243586E-1);
#1094=CARTESIAN_POINT('',(1.598237654069E2,3.883744368211E1,-7.096364997533E0));
#1095=LINE('',#1094,#1093);
#1096=DIRECTION('',(2.876777574807E-1,-9.577272617248E-1,0.E0));
#1097=VECTOR('',#1096,7.395983393053E-1);
#1098=CARTESIAN_POINT('',(1.599514249662E2,3.867077717439E1,-7.096364997533E0));
#1099=LINE('',#1098,#1097);
#1100=DIRECTION('',(5.627909312417E-1,-8.265992787996E-1,0.E0));
#1101=VECTOR('',#1100,1.512220046714E-1);
#1102=CARTESIAN_POINT('',(1.601641909578E2,3.796244368211E1,-7.096364997533E0));
#1103=LINE('',#1102,#1101);
#1104=DIRECTION('',(8.981387596046E-1,-4.397121427660E-1,0.E0));
#1105=VECTOR('',#1104,9.475860152246E-2);
#1106=CARTESIAN_POINT('',(1.602492973307E2,3.783744368211E1,-7.096364997533E0));
#1107=LINE('',#1106,#1105);
#1108=DIRECTION('',(1.E0,0.E0,0.E0));
#1109=VECTOR('',#1108,9.787234067917E-1);
#1110=CARTESIAN_POINT('',(1.593131271103E2,3.946244368211E1,-7.096364997533E0));
#1111=LINE('',#1110,#1109);
#1112=DIRECTION('',(7.145097177357E-1,6.996255164452E-1,0.E0));
#1113=VECTOR('',#1112,1.191115680035E-1);
#1114=CARTESIAN_POINT('',(1.602918505171E2,3.946244368211E1,-7.096364997533E0));
#1115=LINE('',#1114,#1113);
#1116=DIRECTION('',(5.627909312417E-1,8.265992787996E-1,0.E0));
#1117=VECTOR('',#1116,1.512220046714E-1);
#1118=CARTESIAN_POINT('',(1.603769568899E2,3.954577717439E1,-7.096364997533E0));
#1119=LINE('',#1118,#1117);
#1120=DIRECTION('',(2.473827746112E-1,9.689178307915E-1,0.E0));
#1121=VECTOR('',#1120,1.720135384669E-1);
#1122=CARTESIAN_POINT('',(1.604620632628E2,3.967077717439E1,-7.096364997533E0));
#1123=LINE('',#1122,#1121);
#1124=DIRECTION('',(-2.473841035229E-1,9.689174914946E-1,0.E0));
#1125=VECTOR('',#1124,1.720126144350E-1);
#1126=CARTESIAN_POINT('',(1.605046164492E2,3.983744415895E1,-7.096364997533E0));
#1127=LINE('',#1126,#1125);
#1128=DIRECTION('',(-4.547743614938E-1,8.906066921643E-1,0.E0));
#1129=VECTOR('',#1128,9.356988876165E-2);
#1130=CARTESIAN_POINT('',(1.604620632628E2,4.000411018983E1,-7.096364997533E0));
#1131=LINE('',#1130,#1129);
#1132=DIRECTION('',(-7.145117189358E-1,6.996234726647E-1,0.E0));
#1133=VECTOR('',#1132,1.191112343966E-1);
#1134=CARTESIAN_POINT('',(1.604195100763E2,4.008744415895E1,-7.096364997533E0));
#1135=LINE('',#1134,#1133);
#1136=DIRECTION('',(-9.713207349043E-1,2.377730639603E-1,0.E0));
#1137=VECTOR('',#1136,1.752384557952E-1);
#1138=CARTESIAN_POINT('',(1.603344037035E2,4.017077717439E1,-7.096364997533E0));
#1139=LINE('',#1138,#1137);
#1140=DIRECTION('',(-1.E0,0.E0,0.E0));
#1141=VECTOR('',#1140,8.510638475418E-1);
#1142=CARTESIAN_POINT('',(1.601641909578E2,4.021244415895E1,-7.096364997533E0));
#1143=LINE('',#1142,#1141);
#1144=DIRECTION('',(0.E0,1.E0,0.E0));
#1145=VECTOR('',#1144,2.083330154419E-1);
#1146=CARTESIAN_POINT('',(1.593131271103E2,4.021244415895E1,-7.096364997533E0));
#1147=LINE('',#1146,#1145);
#1148=DIRECTION('',(1.E0,0.E0,0.E0));
#1149=VECTOR('',#1148,8.510638475418E-1);
#1150=CARTESIAN_POINT('',(1.593131271103E2,4.042077717439E1,-7.096364997533E0));
#1151=LINE('',#1150,#1149);
#1152=DIRECTION('',(9.813588579591E-1,-1.921842654987E-1,0.E0));
#1153=VECTOR('',#1152,2.168074709445E-1);
#1154=CARTESIAN_POINT('',(1.601641909578E2,4.042077717439E1,-7.096364997533E0));
#1155=LINE('',#1154,#1153);
#1156=DIRECTION('',(8.981407468995E-1,-4.397080835723E-1,0.E0));
#1157=VECTOR('',#1156,9.475839185237E-2);
#1158=CARTESIAN_POINT('',(1.603769568899E2,4.037911018983E1,-7.096364997533E0));
#1159=LINE('',#1158,#1157);
#1160=DIRECTION('',(7.145077165410E-1,-6.996275602086E-1,0.E0));
#1161=VECTOR('',#1160,1.191119016114E-1);
#1162=CARTESIAN_POINT('',(1.604620632628E2,4.033744415895E1,-7.096364997533E0));
#1163=LINE('',#1162,#1161);
#1164=DIRECTION('',(5.627909312417E-1,-8.265992787996E-1,0.E0));
#1165=VECTOR('',#1164,1.512220046714E-1);
#1166=CARTESIAN_POINT('',(1.605471696356E2,4.025411018983E1,-7.096364997533E0));
#1167=LINE('',#1166,#1165);
#1168=DIRECTION('',(3.222637633772E-1,-9.466499177700E-1,0.E0));
#1169=VECTOR('',#1168,1.320445897196E-1);
#1170=CARTESIAN_POINT('',(1.606322760084E2,4.012911018983E1,-7.096364997533E0));
#1171=LINE('',#1170,#1169);
#1172=DIRECTION('',(0.E0,-1.E0,0.E0));
#1173=VECTOR('',#1172,1.666660308838E-1);
#1174=CARTESIAN_POINT('',(1.606748291948E2,4.000411018983E1,-7.096364997533E0));
#1175=LINE('',#1174,#1173);
#1176=DIRECTION('',(-2.473827746112E-1,-9.689178307915E-1,0.E0));
#1177=VECTOR('',#1176,1.720135384669E-1);
#1178=CARTESIAN_POINT('',(1.606748291948E2,3.983744415895E1,-7.096364997533E0));
#1179=LINE('',#1178,#1177);
#1180=DIRECTION('',(-5.627909312418E-1,-8.265992787996E-1,0.E0));
#1181=VECTOR('',#1180,1.512220046714E-1);
#1182=CARTESIAN_POINT('',(1.606322760084E2,3.967077717439E1,-7.096364997533E0));
#1183=LINE('',#1182,#1181);
#1184=DIRECTION('',(-7.145097177357E-1,-6.996255164453E-1,0.E0));
#1185=VECTOR('',#1184,1.191115680035E-1);
#1186=CARTESIAN_POINT('',(1.605471696356E2,3.954577717439E1,-7.096364997533E0));
#1187=LINE('',#1186,#1185);
#1188=DIRECTION('',(1.E0,0.E0,0.E0));
#1189=VECTOR('',#1188,8.510638475418E-1);
#1190=CARTESIAN_POINT('',(1.604620632628E2,3.946244368211E1,-7.096364997533E0));
#1191=LINE('',#1190,#1189);
#1192=DIRECTION('',(0.E0,-1.E0,0.E0));
#1193=VECTOR('',#1192,2.083330154419E-1);
#1194=CARTESIAN_POINT('',(1.613131271103E2,3.946244368211E1,-7.096364997533E0));
#1195=LINE('',#1194,#1193);
#1196=DIRECTION('',(-1.E0,0.E0,0.E0));
#1197=VECTOR('',#1196,2.E0);
#1198=CARTESIAN_POINT('',(1.613131271103E2,3.925411066667E1,-7.096364997533E0));
#1199=LINE('',#1198,#1197);
#1200=DIRECTION('',(0.E0,1.E0,0.E0));
#1201=VECTOR('',#1200,2.083330154419E-1);
#1202=CARTESIAN_POINT('',(1.593131271103E2,3.925411066667E1,-7.096364997533E0));
#1203=LINE('',#1202,#1201);
#1204=DIRECTION('',(0.E0,1.E0,0.E0));
#1205=VECTOR('',#1204,3.333339691162E-1);
#1206=CARTESIAN_POINT('',(1.593131271103E2,4.125411018983E1,-7.096364997533E0));
#1207=LINE('',#1206,#1205);
#1208=DIRECTION('',(2.473841238545E-1,9.689174863035E-1,0.E0));
#1209=VECTOR('',#1208,1.720126153566E-1);
#1210=CARTESIAN_POINT('',(1.593131271103E2,4.158744415895E1,-7.096364997533E0));
#1211=LINE('',#1210,#1209);
#1212=DIRECTION('',(4.547743930726E-1,8.906066760391E-1,0.E0));
#1213=VECTOR('',#1212,9.356989045582E-2);
#1214=CARTESIAN_POINT('',(1.593556803004E2,4.175411018983E1,-7.096364997533E0));
#1215=LINE('',#1214,#1213);
#1216=DIRECTION('',(7.145117495530E-1,6.996234413960E-1,0.E0));
#1217=VECTOR('',#1216,1.191112397201E-1);
#1218=CARTESIAN_POINT('',(1.593982334906E2,4.183744415895E1,-7.096364997533E0));
#1219=LINE('',#1218,#1217);
#1220=DIRECTION('',(8.373801042057E-1,5.466210397346E-1,0.E0));
#1221=VECTOR('',#1220,1.524511670505E-1);
#1222=CARTESIAN_POINT('',(1.594833398709E2,4.192077717439E1,-7.096364997533E0));
#1223=LINE('',#1222,#1221);
#1224=DIRECTION('',(9.630229956878E-1,2.694192082545E-1,0.E0));
#1225=VECTOR('',#1224,3.093096800933E-1);
#1226=CARTESIAN_POINT('',(1.596109994450E2,4.200411018983E1,-7.096364997533E0));
#1227=LINE('',#1226,#1225);
#1228=DIRECTION('',(1.E0,0.E0,0.E0));
#1229=VECTOR('',#1228,1.702128052711E-1);
#1230=CARTESIAN_POINT('',(1.599088717797E2,4.208744415895E1,-7.096364997533E0));
#1231=LINE('',#1230,#1229);
#1232=DIRECTION('',(9.713207349042E-1,-2.377730639604E-1,0.E0));
#1233=VECTOR('',#1232,1.752384557952E-1);
#1234=CARTESIAN_POINT('',(1.600790845850E2,4.208744415895E1,-7.096364997533E0));
#1235=LINE('',#1234,#1233);
#1236=DIRECTION('',(9.506444938501E-1,-3.102822043116E-1,0.E0));
#1237=VECTOR('',#1236,1.342873809039E-1);
#1238=CARTESIAN_POINT('',(1.602492973307E2,4.204577717439E1,-7.096364997533E0));
#1239=LINE('',#1238,#1237);
#1240=DIRECTION('',(8.373800750004E-1,-5.466210844747E-1,0.E0));
#1241=VECTOR('',#1240,1.524511545726E-1);
#1242=CARTESIAN_POINT('',(1.603769568899E2,4.200411018983E1,-7.096364997533E0));
#1243=LINE('',#1242,#1241);
#1244=DIRECTION('',(7.145117189358E-1,-6.996234726647E-1,0.E0));
#1245=VECTOR('',#1244,1.191112343966E-1);
#1246=CARTESIAN_POINT('',(1.605046164492E2,4.192077717439E1,-7.096364997533E0));
#1247=LINE('',#1246,#1245);
#1248=DIRECTION('',(4.547743614938E-1,-8.906066921643E-1,0.E0));
#1249=VECTOR('',#1248,9.356988876165E-2);
#1250=CARTESIAN_POINT('',(1.605897228220E2,4.183744415895E1,-7.096364997533E0));
#1251=LINE('',#1250,#1249);
#1252=DIRECTION('',(2.473841035229E-1,-9.689174914946E-1,0.E0));
#1253=VECTOR('',#1252,1.720126144350E-1);
#1254=CARTESIAN_POINT('',(1.606322760084E2,4.175411018983E1,-7.096364997533E0));
#1255=LINE('',#1254,#1253);
#1256=DIRECTION('',(0.E0,-1.E0,0.E0));
#1257=VECTOR('',#1256,3.333339691162E-1);
#1258=CARTESIAN_POINT('',(1.606748291948E2,4.158744415895E1,-7.096364997533E0));
#1259=LINE('',#1258,#1257);
#1260=DIRECTION('',(-2.473841035229E-1,-9.689174914946E-1,0.E0));
#1261=VECTOR('',#1260,1.720126144350E-1);
#1262=CARTESIAN_POINT('',(1.606748291948E2,4.125411018983E1,-7.096364997533E0));
#1263=LINE('',#1262,#1261);
#1264=DIRECTION('',(-4.547743614938E-1,-8.906066921643E-1,0.E0));
#1265=VECTOR('',#1264,9.356988876165E-2);
#1266=CARTESIAN_POINT('',(1.606322760084E2,4.108744415895E1,-7.096364997533E0));
#1267=LINE('',#1266,#1265);
#1268=DIRECTION('',(-7.145117189358E-1,-6.996234726647E-1,0.E0));
#1269=VECTOR('',#1268,1.191112343966E-1);
#1270=CARTESIAN_POINT('',(1.605897228220E2,4.100411018983E1,-7.096364997533E0));
#1271=LINE('',#1270,#1269);
#1272=DIRECTION('',(-8.373800750004E-1,-5.466210844748E-1,0.E0));
#1273=VECTOR('',#1272,1.524511545726E-1);
#1274=CARTESIAN_POINT('',(1.605046164492E2,4.092077717439E1,-7.096364997533E0));
#1275=LINE('',#1274,#1273);
#1276=DIRECTION('',(-9.506444938501E-1,-3.102822043117E-1,0.E0));
#1277=VECTOR('',#1276,1.342873809039E-1);
#1278=CARTESIAN_POINT('',(1.603769568899E2,4.083744415895E1,-7.096364997533E0));
#1279=LINE('',#1278,#1277);
#1280=DIRECTION('',(-9.713207349042E-1,-2.377730639603E-1,0.E0));
#1281=VECTOR('',#1280,1.752384557952E-1);
#1282=CARTESIAN_POINT('',(1.602492973307E2,4.079577717439E1,-7.096364997533E0));
#1283=LINE('',#1282,#1281);
#1284=DIRECTION('',(-1.E0,0.E0,0.E0));
#1285=VECTOR('',#1284,1.702128052711E-1);
#1286=CARTESIAN_POINT('',(1.600790845850E2,4.075411018983E1,-7.096364997533E0));
#1287=LINE('',#1286,#1285);
#1288=DIRECTION('',(-9.630229956878E-1,2.694192082545E-1,0.E0));
#1289=VECTOR('',#1288,3.093096800933E-1);
#1290=CARTESIAN_POINT('',(1.599088717797E2,4.075411018983E1,-7.096364997533E0));
#1291=LINE('',#1290,#1289);
#1292=DIRECTION('',(-8.373801042057E-1,5.466210397345E-1,0.E0));
#1293=VECTOR('',#1292,1.524511670505E-1);
#1294=CARTESIAN_POINT('',(1.596109994450E2,4.083744415895E1,-7.096364997533E0));
#1295=LINE('',#1294,#1293);
#1296=DIRECTION('',(-7.145117495531E-1,6.996234413958E-1,0.E0));
#1297=VECTOR('',#1296,1.191112397201E-1);
#1298=CARTESIAN_POINT('',(1.594833398709E2,4.092077717439E1,-7.096364997533E0));
#1299=LINE('',#1298,#1297);
#1300=DIRECTION('',(-4.547743930726E-1,8.906066760391E-1,0.E0));
#1301=VECTOR('',#1300,9.356989045582E-2);
#1302=CARTESIAN_POINT('',(1.593982334906E2,4.100411018983E1,-7.096364997533E0));
#1303=LINE('',#1302,#1301);
#1304=DIRECTION('',(-2.473841238545E-1,9.689174863035E-1,0.E0));
#1305=VECTOR('',#1304,1.720126153566E-1);
#1306=CARTESIAN_POINT('',(1.593556803004E2,4.108744415895E1,-7.096364997533E0));
#1307=LINE('',#1306,#1305);
#1308=DIRECTION('',(1.E0,0.E0,0.E0));
#1309=VECTOR('',#1308,8.510638475418E-1);
#1310=CARTESIAN_POINT('',(1.593131271103E2,4.262911018983E1,-7.096364997533E0));
#1311=LINE('',#1310,#1309);
#1312=DIRECTION('',(8.060043958311E-1,5.919095487496E-1,0.E0));
#1313=VECTOR('',#1312,2.111809148274E-1);
#1314=CARTESIAN_POINT('',(1.601641909578E2,4.262911018983E1,-7.096364997533E0));
#1315=LINE('',#1314,#1313);
#1316=DIRECTION('',(4.547764255314E-1,8.906056381928E-1,0.E0));
#1317=VECTOR('',#1316,1.871389281751E-1);
#1318=CARTESIAN_POINT('',(1.603344037035E2,4.275411018983E1,-7.096364997533E0));
#1319=LINE('',#1318,#1317);
#1320=DIRECTION('',(1.677993286084E-1,9.858211730931E-1,0.E0));
#1321=VECTOR('',#1320,2.535956893841E-1);
#1322=CARTESIAN_POINT('',(1.604195100763E2,4.292077717439E1,-7.096364997533E0));
#1323=LINE('',#1322,#1321);
#1324=DIRECTION('',(1.E0,0.E0,0.E0));
#1325=VECTOR('',#1324,2.127659320831E-1);
#1326=CARTESIAN_POINT('',(1.604620632628E2,4.317077717439E1,-7.096364997533E0));
#1327=LINE('',#1326,#1325);
#1328=DIRECTION('',(-2.001236481946E-1,-9.797706494039E-1,0.E0));
#1329=VECTOR('',#1328,2.126344727398E-1);
#1330=CARTESIAN_POINT('',(1.606748291948E2,4.317077717439E1,-7.096364997533E0));
#1331=LINE('',#1330,#1329);
#1332=DIRECTION('',(-3.222637633772E-1,-9.466499177700E-1,0.E0));
#1333=VECTOR('',#1332,1.320445897196E-1);
#1334=CARTESIAN_POINT('',(1.606322760084E2,4.296244415895E1,-7.096364997533E0));
#1335=LINE('',#1334,#1333);
#1336=DIRECTION('',(-5.627909312417E-1,-8.265992787997E-1,0.E0));
#1337=VECTOR('',#1336,1.512220046714E-1);
#1338=CARTESIAN_POINT('',(1.605897228220E2,4.283744415895E1,-7.096364997533E0));
#1339=LINE('',#1338,#1337);
#1340=DIRECTION('',(-7.145077165411E-1,-6.996275602085E-1,0.E0));
#1341=VECTOR('',#1340,1.191119016114E-1);
#1342=CARTESIAN_POINT('',(1.605046164492E2,4.271244415895E1,-7.096364997533E0));
#1343=LINE('',#1342,#1341);
#1344=DIRECTION('',(1.E0,0.E0,0.E0));
#1345=VECTOR('',#1344,2.553191184998E-1);
#1346=CARTESIAN_POINT('',(1.604195100763E2,4.262911018983E1,-7.096364997533E0));
#1347=LINE('',#1346,#1345);
#1348=DIRECTION('',(0.E0,-1.E0,0.E0));
#1349=VECTOR('',#1348,2.083330154419E-1);
#1350=CARTESIAN_POINT('',(1.606748291948E2,4.262911018983E1,-7.096364997533E0));
#1351=LINE('',#1350,#1349);
#1352=DIRECTION('',(-1.E0,0.E0,0.E0));
#1353=VECTOR('',#1352,1.361702084541E0);
#1354=CARTESIAN_POINT('',(1.606748291948E2,4.242077717439E1,-7.096364997533E0));
#1355=LINE('',#1354,#1353);
#1356=DIRECTION('',(0.E0,1.E0,0.E0));
#1357=VECTOR('',#1356,2.083330154419E-1);
#1358=CARTESIAN_POINT('',(1.593131271103E2,4.242077717439E1,-7.096364997533E0));
#1359=LINE('',#1358,#1357);
#1360=DIRECTION('',(2.001237154669E-1,-9.797706356631E-1,0.E0));
#1361=VECTOR('',#1360,2.126344757219E-1);
#1362=CARTESIAN_POINT('',(1.594833398709E2,4.442077717439E1,-7.096364997533E0));
#1363=LINE('',#1362,#1361);
#1364=DIRECTION('',(5.627909312418E-1,-8.265992787996E-1,0.E0));
#1365=VECTOR('',#1364,1.512220046714E-1);
#1366=CARTESIAN_POINT('',(1.595258930722E2,4.421244415895E1,-7.096364997533E0));
#1367=LINE('',#1366,#1365);
#1368=DIRECTION('',(9.506445152164E-1,-3.102821388495E-1,0.E0));
#1369=VECTOR('',#1368,1.342874092353E-1);
#1370=CARTESIAN_POINT('',(1.596109994450E2,4.408744415895E1,-7.096364997533E0));
#1371=LINE('',#1370,#1369);
#1372=DIRECTION('',(1.E0,0.E0,0.E0));
#1373=VECTOR('',#1372,7.659574151039E-1);
#1374=CARTESIAN_POINT('',(1.597386590341E2,4.404577717439E1,-7.096364997533E0));
#1375=LINE('',#1374,#1373);
#1376=DIRECTION('',(0.E0,1.E0,0.E0));
#1377=VECTOR('',#1376,4.583330154419E-1);
#1378=CARTESIAN_POINT('',(1.605046164492E2,4.404577717439E1,-7.096364997533E0));
#1379=LINE('',#1378,#1377);
#1380=DIRECTION('',(1.E0,0.E0,0.E0));
#1381=VECTOR('',#1380,1.702127456665E-1);
#1382=CARTESIAN_POINT('',(1.605046164492E2,4.450411018983E1,-7.096364997533E0));
#1383=LINE('',#1382,#1381);
#1384=DIRECTION('',(0.E0,-1.E0,0.E0));
#1385=VECTOR('',#1384,4.583330154419E-1);
#1386=CARTESIAN_POINT('',(1.606748291948E2,4.450411018983E1,-7.096364997533E0));
#1387=LINE('',#1386,#1385);
#1388=DIRECTION('',(1.E0,0.E0,0.E0));
#1389=VECTOR('',#1388,3.404256105423E-1);
#1390=CARTESIAN_POINT('',(1.606748291948E2,4.404577717439E1,-7.096364997533E0));
#1391=LINE('',#1390,#1389);
#1392=DIRECTION('',(0.E0,-1.E0,0.E0));
#1393=VECTOR('',#1392,2.083330154419E-1);
#1394=CARTESIAN_POINT('',(1.610152548054E2,4.404577717439E1,-7.096364997533E0));
#1395=LINE('',#1394,#1393);
#1396=DIRECTION('',(-1.E0,0.E0,0.E0));
#1397=VECTOR('',#1396,3.404256105423E-1);
#1398=CARTESIAN_POINT('',(1.610152548054E2,4.383744415895E1,-7.096364997533E0));
#1399=LINE('',#1398,#1397);
#1400=DIRECTION('',(0.E0,-1.E0,0.E0));
#1401=VECTOR('',#1400,3.333339691162E-1);
#1402=CARTESIAN_POINT('',(1.606748291948E2,4.383744415895E1,-7.096364997533E0));
#1403=LINE('',#1402,#1401);
#1404=DIRECTION('',(-1.E0,0.E0,0.E0));
#1405=VECTOR('',#1404,1.702127456665E-1);
#1406=CARTESIAN_POINT('',(1.606748291948E2,4.350411018983E1,-7.096364997533E0));
#1407=LINE('',#1406,#1405);
#1408=DIRECTION('',(0.E0,1.E0,0.E0));
#1409=VECTOR('',#1408,3.333339691162E-1);
#1410=CARTESIAN_POINT('',(1.605046164492E2,4.350411018983E1,-7.096364997533E0));
#1411=LINE('',#1410,#1409);
#1412=DIRECTION('',(-1.E0,0.E0,0.E0));
#1413=VECTOR('',#1412,8.510638177395E-1);
#1414=CARTESIAN_POINT('',(1.605046164492E2,4.383744415895E1,-7.096364997533E0));
#1415=LINE('',#1414,#1413);
#1416=DIRECTION('',(-8.981387748069E-1,4.397121117144E-1,0.E0));
#1417=VECTOR('',#1416,1.895172164282E-1);
#1418=CARTESIAN_POINT('',(1.596535526314E2,4.383744415895E1,-7.096364997533E0));
#1419=LINE('',#1418,#1417);
#1420=DIRECTION('',(-5.627909649057E-1,8.265992558795E-1,0.E0));
#1421=VECTOR('',#1420,1.512220088645E-1);
#1422=CARTESIAN_POINT('',(1.594833398709E2,4.392077717439E1,-7.096364997533E0));
#1423=LINE('',#1422,#1421);
#1424=DIRECTION('',(-3.222637886596E-1,9.466499091632E-1,0.E0));
#1425=VECTOR('',#1424,1.320445909201E-1);
#1426=CARTESIAN_POINT('',(1.593982334906E2,4.404577717439E1,-7.096364997533E0));
#1427=LINE('',#1426,#1425);
#1428=DIRECTION('',(-1.677993428847E-1,9.858211706630E-1,0.E0));
#1429=VECTOR('',#1428,2.535956900092E-1);
#1430=CARTESIAN_POINT('',(1.593556803004E2,4.417077717439E1,-7.096364997533E0));
#1431=LINE('',#1430,#1429);
#1432=DIRECTION('',(1.E0,0.E0,0.E0));
#1433=VECTOR('',#1432,1.702127605677E-1);
#1434=CARTESIAN_POINT('',(1.593131271103E2,4.442077717439E1,-7.096364997533E0));
#1435=LINE('',#1434,#1433);
#1436=DIRECTION('',(1.E0,0.E0,0.E0));
#1437=VECTOR('',#1436,8.510638475418E-1);
#1438=CARTESIAN_POINT('',(1.593131271103E2,4.704577717439E1,-7.096364997533E0));
#1439=LINE('',#1438,#1437);
#1440=DIRECTION('',(8.060043958311E-1,5.919095487496E-1,0.E0));
#1441=VECTOR('',#1440,2.111809148274E-1);
#1442=CARTESIAN_POINT('',(1.601641909578E2,4.704577717439E1,-7.096364997533E0));
#1443=LINE('',#1442,#1441);
#1444=DIRECTION('',(4.547764255314E-1,8.906056381928E-1,0.E0));
#1445=VECTOR('',#1444,1.871389281751E-1);
#1446=CARTESIAN_POINT('',(1.603344037035E2,4.717077717439E1,-7.096364997533E0));
#1447=LINE('',#1446,#1445);
#1448=DIRECTION('',(1.677999506910E-1,9.858210672065E-1,0.E0));
#1449=VECTOR('',#1448,2.535947492318E-1);
#1450=CARTESIAN_POINT('',(1.604195100763E2,4.733744415895E1,-7.096364997533E0));
#1451=LINE('',#1450,#1449);
#1452=DIRECTION('',(1.E0,0.E0,0.E0));
#1453=VECTOR('',#1452,2.127659320831E-1);
#1454=CARTESIAN_POINT('',(1.604620632628E2,4.758744320528E1,-7.096364997533E0));
#1455=LINE('',#1454,#1453);
#1456=DIRECTION('',(-2.001236481945E-1,-9.797706494039E-1,0.E0));
#1457=VECTOR('',#1456,2.126344727398E-1);
#1458=CARTESIAN_POINT('',(1.606748291948E2,4.758744320528E1,-7.096364997533E0));
#1459=LINE('',#1458,#1457);
#1460=DIRECTION('',(-3.222637633772E-1,-9.466499177700E-1,0.E0));
#1461=VECTOR('',#1460,1.320445897196E-1);
#1462=CARTESIAN_POINT('',(1.606322760084E2,4.737911018983E1,-7.096364997533E0));
#1463=LINE('',#1462,#1461);
#1464=DIRECTION('',(-5.627909312417E-1,-8.265992787996E-1,0.E0));
#1465=VECTOR('',#1464,1.512220046714E-1);
#1466=CARTESIAN_POINT('',(1.605897228220E2,4.725411018983E1,-7.096364997533E0));
#1467=LINE('',#1466,#1465);
#1468=DIRECTION('',(-7.145117189360E-1,-6.996234726645E-1,0.E0));
#1469=VECTOR('',#1468,1.191112343966E-1);
#1470=CARTESIAN_POINT('',(1.605046164492E2,4.712911018983E1,-7.096364997533E0));
#1471=LINE('',#1470,#1469);
#1472=DIRECTION('',(1.E0,-5.565918760297E-14,0.E0));
#1473=VECTOR('',#1472,2.553191184998E-1);
#1474=CARTESIAN_POINT('',(1.604195100763E2,4.704577717439E1,-7.096364997533E0));
#1475=LINE('',#1474,#1473);
#1476=DIRECTION('',(0.E0,-1.E0,0.E0));
#1477=VECTOR('',#1476,2.083330154419E-1);
#1478=CARTESIAN_POINT('',(1.606748291948E2,4.704577717439E1,-7.096364997533E0));
#1479=LINE('',#1478,#1477);
#1480=DIRECTION('',(-1.E0,0.E0,0.E0));
#1481=VECTOR('',#1480,1.361702084541E0);
#1482=CARTESIAN_POINT('',(1.606748291948E2,4.683744415895E1,-7.096364997533E0));
#1483=LINE('',#1482,#1481);
#1484=DIRECTION('',(0.E0,1.E0,0.E0));
#1485=VECTOR('',#1484,2.083330154419E-1);
#1486=CARTESIAN_POINT('',(1.593131271103E2,4.683744415895E1,-7.096364997533E0));
#1487=LINE('',#1486,#1485);
#1488=DIRECTION('',(9.506424097295E-1,-3.102885895802E-1,0.E0));
#1489=VECTOR('',#1488,1.342876909808E-1);
#1490=CARTESIAN_POINT('',(1.593131271103E2,4.925411114351E1,-7.096364997533E0));
#1491=LINE('',#1490,#1489);
#1492=DIRECTION('',(9.813596900943E-1,-1.921800162814E-1,0.E0));
#1493=VECTOR('',#1492,2.168073022888E-1);
#1494=CARTESIAN_POINT('',(1.594407866845E2,4.921244320528E1,-7.096364997533E0));
#1495=LINE('',#1494,#1493);
#1496=DIRECTION('',(1.E0,0.E0,0.E0));
#1497=VECTOR('',#1496,6.808510720730E-1);
#1498=CARTESIAN_POINT('',(1.596535526314E2,4.917077717439E1,-7.096364997533E0));
#1499=LINE('',#1498,#1497);
#1500=DIRECTION('',(9.506465886201E-1,-3.102757862690E-1,0.E0));
#1501=VECTOR('',#1500,1.342870849988E-1);
#1502=CARTESIAN_POINT('',(1.603344037035E2,4.917077717439E1,-7.096364997533E0));
#1503=LINE('',#1502,#1501);
#1504=DIRECTION('',(7.145077165411E-1,-6.996275602085E-1,0.E0));
#1505=VECTOR('',#1504,1.191119016114E-1);
#1506=CARTESIAN_POINT('',(1.604620632628E2,4.912911114351E1,-7.096364997533E0));
#1507=LINE('',#1506,#1505);
#1508=DIRECTION('',(5.627909312417E-1,-8.265992787997E-1,0.E0));
#1509=VECTOR('',#1508,1.512220046714E-1);
#1510=CARTESIAN_POINT('',(1.605471696356E2,4.904577717439E1,-7.096364997533E0));
#1511=LINE('',#1510,#1509);
#1512=DIRECTION('',(1.677993286083E-1,-9.858211730931E-1,0.E0));
#1513=VECTOR('',#1512,2.535956893841E-1);
#1514=CARTESIAN_POINT('',(1.606322760084E2,4.892077717439E1,-7.096364997533E0));
#1515=LINE('',#1514,#1513);
#1516=DIRECTION('',(0.E0,-1.E0,0.E0));
#1517=VECTOR('',#1516,2.5E-1);
#1518=CARTESIAN_POINT('',(1.606748291948E2,4.867077717439E1,-7.096364997533E0));
#1519=LINE('',#1518,#1517);
#1520=DIRECTION('',(-1.443685390538E-1,-9.895239890632E-1,0.E0));
#1521=VECTOR('',#1520,2.947538757094E-1);
#1522=CARTESIAN_POINT('',(1.606748291948E2,4.842077717439E1,-7.096364997533E0));
#1523=LINE('',#1522,#1521);
#1524=DIRECTION('',(-4.547743614938E-1,-8.906066921644E-1,0.E0));
#1525=VECTOR('',#1524,9.356988876166E-2);
#1526=CARTESIAN_POINT('',(1.606322760084E2,4.812911114351E1,-7.096364997533E0));
#1527=LINE('',#1526,#1525);
#1528=DIRECTION('',(-7.145077165410E-1,-6.996275602086E-1,0.E0));
#1529=VECTOR('',#1528,1.191119016115E-1);
#1530=CARTESIAN_POINT('',(1.605897228220E2,4.804577717439E1,-7.096364997533E0));
#1531=LINE('',#1530,#1529);
#1532=DIRECTION('',(-8.981407468995E-1,-4.397080835723E-1,0.E0));
#1533=VECTOR('',#1532,9.475839185234E-2);
#1534=CARTESIAN_POINT('',(1.605046164492E2,4.796244320528E1,-7.096364997533E0));
#1535=LINE('',#1534,#1533);
#1536=DIRECTION('',(-1.E0,0.E0,0.E0));
#1537=VECTOR('',#1536,8.510637283325E-2);
#1538=CARTESIAN_POINT('',(1.604195100763E2,4.792077717439E1,-7.096364997533E0));
#1539=LINE('',#1538,#1537);
#1540=DIRECTION('',(0.E0,1.E0,0.E0));
#1541=VECTOR('',#1540,2.083339691162E-1);
#1542=CARTESIAN_POINT('',(1.603344037035E2,4.792077717439E1,-7.096364997533E0));
#1543=LINE('',#1542,#1541);
#1544=DIRECTION('',(8.981407468994E-1,4.397080835724E-1,0.E0));
#1545=VECTOR('',#1544,9.475839185231E-2);
#1546=CARTESIAN_POINT('',(1.603344037035E2,4.812911114351E1,-7.096364997533E0));
#1547=LINE('',#1546,#1545);
#1548=DIRECTION('',(4.547743614940E-1,8.906066921642E-1,0.E0));
#1549=VECTOR('',#1548,9.356988876167E-2);
#1550=CARTESIAN_POINT('',(1.604195100763E2,4.817077717439E1,-7.096364997533E0));
#1551=LINE('',#1550,#1549);
#1552=DIRECTION('',(2.473841035229E-1,9.689174914946E-1,0.E0));
#1553=VECTOR('',#1552,1.720126144350E-1);
#1554=CARTESIAN_POINT('',(1.604620632628E2,4.825411114351E1,-7.096364997533E0));
#1555=LINE('',#1554,#1553);
#1556=DIRECTION('',(0.E0,1.E0,0.E0));
#1557=VECTOR('',#1556,2.5E-1);
#1558=CARTESIAN_POINT('',(1.605046164492E2,4.842077717439E1,-7.096364997533E0));
#1559=LINE('',#1558,#1557);
#1560=DIRECTION('',(-2.473841035229E-1,9.689174914946E-1,0.E0));
#1561=VECTOR('',#1560,1.720126144350E-1);
#1562=CARTESIAN_POINT('',(1.605046164492E2,4.867077717439E1,-7.096364997533E0));
#1563=LINE('',#1562,#1561);
#1564=DIRECTION('',(-4.547743614942E-1,8.906066921641E-1,0.E0));
#1565=VECTOR('',#1564,9.356988876170E-2);
#1566=CARTESIAN_POINT('',(1.604620632628E2,4.883744320528E1,-7.096364997533E0));
#1567=LINE('',#1566,#1565);
#1568=DIRECTION('',(-8.981407468995E-1,4.397080835722E-1,0.E0));
#1569=VECTOR('',#1568,9.475839185230E-2);
#1570=CARTESIAN_POINT('',(1.604195100763E2,4.892077717439E1,-7.096364997533E0));
#1571=LINE('',#1570,#1569);
#1572=DIRECTION('',(-1.E0,0.E0,0.E0));
#1573=VECTOR('',#1572,1.276595592499E-1);
#1574=CARTESIAN_POINT('',(1.603344037035E2,4.896244320528E1,-7.096364997533E0));
#1575=LINE('',#1574,#1573);
#1576=DIRECTION('',(0.E0,-1.E0,0.E0));
#1577=VECTOR('',#1576,4.583320617676E-1);
#1578=CARTESIAN_POINT('',(1.602067441443E2,4.896244320528E1,-7.096364997533E0));
#1579=LINE('',#1578,#1577);
#1580=DIRECTION('',(-1.677993286084E-1,-9.858211730931E-1,0.E0));
#1581=VECTOR('',#1580,2.535956893841E-1);
#1582=CARTESIAN_POINT('',(1.602067441443E2,4.850411114351E1,-7.096364997533E0));
#1583=LINE('',#1582,#1581);
#1584=DIRECTION('',(-4.547743614937E-1,-8.906066921644E-1,0.E0));
#1585=VECTOR('',#1584,1.871397775233E-1);
#1586=CARTESIAN_POINT('',(1.601641909578E2,4.825411114351E1,-7.096364997533E0));
#1587=LINE('',#1586,#1585);
#1588=DIRECTION('',(-7.145159662884E-1,-6.996191349005E-1,0.E0));
#1589=VECTOR('',#1588,1.191106097740E-1);
#1590=CARTESIAN_POINT('',(1.600790845850E2,4.808744320528E1,-7.096364997533E0));
#1591=LINE('',#1590,#1589);
#1592=DIRECTION('',(-8.981367723003E-1,-4.397162019326E-1,0.E0));
#1593=VECTOR('',#1592,1.895176223890E-1);
#1594=CARTESIAN_POINT('',(1.599939781526E2,4.800411114351E1,-7.096364997533E0));
#1595=LINE('',#1594,#1593);
#1596=DIRECTION('',(-1.E0,0.E0,0.E0));
#1597=VECTOR('',#1596,1.276595592499E-1);
#1598=CARTESIAN_POINT('',(1.598237654069E2,4.792077717439E1,-7.096364997533E0));
#1599=LINE('',#1598,#1597);
#1600=DIRECTION('',(-9.713220013931E-1,2.377678901991E-1,0.E0));
#1601=VECTOR('',#1600,1.752382579873E-1);
#1602=CARTESIAN_POINT('',(1.596961058477E2,4.792077717439E1,-7.096364997533E0));
#1603=LINE('',#1602,#1601);
#1604=DIRECTION('',(-7.145104460365E-1,6.996247726494E-1,0.E0));
#1605=VECTOR('',#1604,1.786672011722E-1);
#1606=CARTESIAN_POINT('',(1.595258930722E2,4.796244320528E1,-7.096364997533E0));
#1607=LINE('',#1606,#1605);
#1608=DIRECTION('',(-4.547743930726E-1,8.906066760391E-1,0.E0));
#1609=VECTOR('',#1608,9.356989045583E-2);
#1610=CARTESIAN_POINT('',(1.593982334906E2,4.808744320528E1,-7.096364997533E0));
#1611=LINE('',#1610,#1609);
#1612=DIRECTION('',(-2.473841238545E-1,9.689174863035E-1,0.E0));
#1613=VECTOR('',#1612,1.720126153566E-1);
#1614=CARTESIAN_POINT('',(1.593556803004E2,4.817077717439E1,-7.096364997533E0));
#1615=LINE('',#1614,#1613);
#1616=DIRECTION('',(0.E0,1.E0,0.E0));
#1617=VECTOR('',#1616,2.5E-1);
#1618=CARTESIAN_POINT('',(1.593131271103E2,4.833744320528E1,-7.096364997533E0));
#1619=LINE('',#1618,#1617);
#1620=DIRECTION('',(2.001227856107E-1,9.797708255911E-1,0.E0));
#1621=VECTOR('',#1620,2.126354078675E-1);
#1622=CARTESIAN_POINT('',(1.593131271103E2,4.858744320528E1,-7.096364997533E0));
#1623=LINE('',#1622,#1621);
#1624=DIRECTION('',(5.627909817377E-1,8.265992444194E-1,0.E0));
#1625=VECTOR('',#1624,1.512220109611E-1);
#1626=CARTESIAN_POINT('',(1.593556803004E2,4.879577717439E1,-7.096364997533E0));
#1627=LINE('',#1626,#1625);
#1628=DIRECTION('',(8.981407773034E-1,4.397080214697E-1,0.E0));
#1629=VECTOR('',#1628,9.475840523569E-2);
#1630=CARTESIAN_POINT('',(1.594407866845E2,4.892077717439E1,-7.096364997533E0));
#1631=LINE('',#1630,#1629);
#1632=DIRECTION('',(-9.506424150713E-1,3.102885732143E-1,0.E0));
#1633=VECTOR('',#1632,1.342876980637E-1);
#1634=CARTESIAN_POINT('',(1.595258930722E2,4.896244320528E1,-7.096364997533E0));
#1635=LINE('',#1634,#1633);
#1636=DIRECTION('',(-8.981407621015E-1,4.397080525208E-1,0.E0));
#1637=VECTOR('',#1636,9.475839854400E-2);
#1638=CARTESIAN_POINT('',(1.593982334906E2,4.900411114351E1,-7.096364997533E0));
#1639=LINE('',#1638,#1637);
#1640=DIRECTION('',(0.E0,1.E0,0.E0));
#1641=VECTOR('',#1640,2.083339691162E-1);
#1642=CARTESIAN_POINT('',(1.593131271103E2,4.904577717439E1,-7.096364997533E0));
#1643=LINE('',#1642,#1641);
#1644=DIRECTION('',(1.E0,0.E0,0.E0));
#1645=VECTOR('',#1644,9.787234067917E-1);
#1646=CARTESIAN_POINT('',(1.593131271103E2,4.979577717439E1,-7.096364997533E0));
#1647=LINE('',#1646,#1645);
#1648=DIRECTION('',(7.145077165410E-1,6.996275602085E-1,0.E0));
#1649=VECTOR('',#1648,1.191119016114E-1);
#1650=CARTESIAN_POINT('',(1.602918505171E2,4.979577717439E1,-7.096364997533E0));
#1651=LINE('',#1650,#1649);
#1652=DIRECTION('',(5.627909312417E-1,8.265992787996E-1,0.E0));
#1653=VECTOR('',#1652,1.512220046714E-1);
#1654=CARTESIAN_POINT('',(1.603769568899E2,4.987911114351E1,-7.096364997533E0));
#1655=LINE('',#1654,#1653);
#1656=DIRECTION('',(2.473841035228E-1,9.689174914946E-1,0.E0));
#1657=VECTOR('',#1656,1.720126144350E-1);
#1658=CARTESIAN_POINT('',(1.604620632628E2,5.000411114351E1,-7.096364997533E0));
#1659=LINE('',#1658,#1657);
#1660=DIRECTION('',(-2.473841035229E-1,9.689174914946E-1,0.E0));
#1661=VECTOR('',#1660,1.720126144350E-1);
#1662=CARTESIAN_POINT('',(1.605046164492E2,5.017077717439E1,-7.096364997533E0));
#1663=LINE('',#1662,#1661);
#1664=DIRECTION('',(-4.547743614938E-1,8.906066921643E-1,0.E0));
#1665=VECTOR('',#1664,9.356988876165E-2);
#1666=CARTESIAN_POINT('',(1.604620632628E2,5.033744320528E1,-7.096364997533E0));
#1667=LINE('',#1666,#1665);
#1668=DIRECTION('',(-7.145077165409E-1,6.996275602086E-1,0.E0));
#1669=VECTOR('',#1668,1.191119016114E-1);
#1670=CARTESIAN_POINT('',(1.604195100763E2,5.042077717439E1,-7.096364997533E0));
#1671=LINE('',#1670,#1669);
#1672=DIRECTION('',(-9.813596875559E-1,1.921800292437E-1,0.E0));
#1673=VECTOR('',#1672,2.168072876654E-1);
#1674=CARTESIAN_POINT('',(1.603344037035E2,5.050411114351E1,-7.096364997533E0));
#1675=LINE('',#1674,#1673);
#1676=DIRECTION('',(-1.E0,0.E0,0.E0));
#1677=VECTOR('',#1676,8.085106611252E-1);
#1678=CARTESIAN_POINT('',(1.601216377714E2,5.054577717439E1,-7.096364997533E0));
#1679=LINE('',#1678,#1677);
#1680=DIRECTION('',(0.E0,1.E0,0.E0));
#1681=VECTOR('',#1680,2.083339691162E-1);
#1682=CARTESIAN_POINT('',(1.593131271103E2,5.054577717439E1,-7.096364997533E0));
#1683=LINE('',#1682,#1681);
#1684=DIRECTION('',(1.E0,0.E0,0.E0));
#1685=VECTOR('',#1684,8.085106611252E-1);
#1686=CARTESIAN_POINT('',(1.593131271103E2,5.075411114351E1,-7.096364997533E0));
#1687=LINE('',#1686,#1685);
#1688=DIRECTION('',(9.813580283453E-1,-1.921885017429E-1,0.E0));
#1689=VECTOR('',#1688,2.168076542278E-1);
#1690=CARTESIAN_POINT('',(1.601216377714E2,5.075411114351E1,-7.096364997533E0));
#1691=LINE('',#1690,#1689);
#1692=DIRECTION('',(9.506465886201E-1,-3.102757862690E-1,0.E0));
#1693=VECTOR('',#1692,1.342870849988E-1);
#1694=CARTESIAN_POINT('',(1.603344037035E2,5.071244320528E1,-7.096364997533E0));
#1695=LINE('',#1694,#1693);
#1696=DIRECTION('',(7.145077165411E-1,-6.996275602085E-1,0.E0));
#1697=VECTOR('',#1696,1.191119016114E-1);
#1698=CARTESIAN_POINT('',(1.604620632628E2,5.067077717439E1,-7.096364997533E0));
#1699=LINE('',#1698,#1697);
#1700=DIRECTION('',(5.627909312417E-1,-8.265992787997E-1,0.E0));
#1701=VECTOR('',#1700,1.512220046714E-1);
#1702=CARTESIAN_POINT('',(1.605471696356E2,5.058744320528E1,-7.096364997533E0));
#1703=LINE('',#1702,#1701);
#1704=DIRECTION('',(3.222637633772E-1,-9.466499177700E-1,0.E0));
#1705=VECTOR('',#1704,1.320445897196E-1);
#1706=CARTESIAN_POINT('',(1.606322760084E2,5.046244320528E1,-7.096364997533E0));
#1707=LINE('',#1706,#1705);
#1708=DIRECTION('',(0.E0,-1.E0,0.E0));
#1709=VECTOR('',#1708,1.666660308838E-1);
#1710=CARTESIAN_POINT('',(1.606748291948E2,5.033744320528E1,-7.096364997533E0));
#1711=LINE('',#1710,#1709);
#1712=DIRECTION('',(-2.473841035229E-1,-9.689174914946E-1,0.E0));
#1713=VECTOR('',#1712,1.720126144350E-1);
#1714=CARTESIAN_POINT('',(1.606748291948E2,5.017077717439E1,-7.096364997533E0));
#1715=LINE('',#1714,#1713);
#1716=DIRECTION('',(-5.627909312418E-1,-8.265992787996E-1,0.E0));
#1717=VECTOR('',#1716,1.512220046714E-1);
#1718=CARTESIAN_POINT('',(1.606322760084E2,5.000411114351E1,-7.096364997533E0));
#1719=LINE('',#1718,#1717);
#1720=DIRECTION('',(-7.145077165410E-1,-6.996275602085E-1,0.E0));
#1721=VECTOR('',#1720,1.191119016114E-1);
#1722=CARTESIAN_POINT('',(1.605471696356E2,4.987911114351E1,-7.096364997533E0));
#1723=LINE('',#1722,#1721);
#1724=DIRECTION('',(1.E0,-6.679102512356E-14,0.E0));
#1725=VECTOR('',#1724,2.127659320831E-1);
#1726=CARTESIAN_POINT('',(1.604620632628E2,4.979577717439E1,-7.096364997533E0));
#1727=LINE('',#1726,#1725);
#1728=DIRECTION('',(0.E0,-1.E0,0.E0));
#1729=VECTOR('',#1728,2.083339691162E-1);
#1730=CARTESIAN_POINT('',(1.606748291948E2,4.979577717439E1,-7.096364997533E0));
#1731=LINE('',#1730,#1729);
#1732=DIRECTION('',(-1.E0,0.E0,0.E0));
#1733=VECTOR('',#1732,1.361702084541E0);
#1734=CARTESIAN_POINT('',(1.606748291948E2,4.958744320528E1,-7.096364997533E0));
#1735=LINE('',#1734,#1733);
#1736=DIRECTION('',(0.E0,1.E0,0.E0));
#1737=VECTOR('',#1736,2.083339691162E-1);
#1738=CARTESIAN_POINT('',(1.593131271103E2,4.958744320528E1,-7.096364997533E0));
#1739=LINE('',#1738,#1737);
#1740=DIRECTION('',(-9.506445098748E-1,3.102821552150E-1,0.E0));
#1741=VECTOR('',#1740,2.685748043050E-1);
#1742=CARTESIAN_POINT('',(1.591429143497E2,5.108744320528E1,-7.096364997533E0));
#1743=LINE('',#1742,#1741);
#1744=DIRECTION('',(-7.145103848018E-1,6.996248351869E-1,0.E0));
#1745=VECTOR('',#1744,1.786671852016E-1);
#1746=CARTESIAN_POINT('',(1.588875951865E2,5.117077717439E1,-7.096364997533E0));
#1747=LINE('',#1746,#1745);
#1748=DIRECTION('',(-5.627909312417E-1,8.265992787996E-1,0.E0));
#1749=VECTOR('',#1748,1.512220046714E-1);
#1750=CARTESIAN_POINT('',(1.587599356273E2,5.129577717439E1,-7.096364997533E0));
#1751=LINE('',#1750,#1749);
#1752=DIRECTION('',(-2.473841035228E-1,9.689174914946E-1,0.E0));
#1753=VECTOR('',#1752,1.720126144350E-1);
#1754=CARTESIAN_POINT('',(1.586748292545E2,5.142077717439E1,-7.096364997533E0));
#1755=LINE('',#1754,#1753);
#1756=DIRECTION('',(0.E0,1.E0,0.E0));
#1757=VECTOR('',#1756,2.5E-1);
#1758=CARTESIAN_POINT('',(1.586322760680E2,5.158744320528E1,-7.096364997533E0));
#1759=LINE('',#1758,#1757);
#1760=DIRECTION('',(2.473814457133E-1,9.689181700829E-1,0.E0));
#1761=VECTOR('',#1760,1.720144624991E-1);
#1762=CARTESIAN_POINT('',(1.586322760680E2,5.183744320528E1,-7.096364997533E0));
#1763=LINE('',#1762,#1761);
#1764=DIRECTION('',(3.222637633772E-1,9.466499177700E-1,0.E0));
#1765=VECTOR('',#1764,1.320445897196E-1);
#1766=CARTESIAN_POINT('',(1.586748292545E2,5.200411114351E1,-7.096364997533E0));
#1767=LINE('',#1766,#1765);
#1768=DIRECTION('',(5.627909312417E-1,8.265992787997E-1,0.E0));
#1769=VECTOR('',#1768,1.512220046714E-1);
#1770=CARTESIAN_POINT('',(1.587173824409E2,5.212911114351E1,-7.096364997533E0));
#1771=LINE('',#1770,#1769);
#1772=DIRECTION('',(8.373829383746E-1,5.466166979878E-1,0.E0));
#1773=VECTOR('',#1772,1.524506332762E-1);
#1774=CARTESIAN_POINT('',(1.588024888137E2,5.225411114351E1,-7.096364997533E0));
#1775=LINE('',#1774,#1773);
#1776=DIRECTION('',(9.630230009331E-1,2.694191895053E-1,0.E0));
#1777=VECTOR('',#1776,3.093097016186E-1);
#1778=CARTESIAN_POINT('',(1.589301483729E2,5.233744320528E1,-7.096364997533E0));
#1779=LINE('',#1778,#1777);
#1780=DIRECTION('',(1.E0,0.E0,0.E0));
#1781=VECTOR('',#1780,1.446808464825E0);
#1782=CARTESIAN_POINT('',(1.592280207300E2,5.242077717439E1,-7.096364997533E0));
#1783=LINE('',#1782,#1781);
#1784=DIRECTION('',(0.E0,-1.E0,0.E0));
#1785=VECTOR('',#1784,2.083339691162E-1);
#1786=CARTESIAN_POINT('',(1.606748291948E2,5.242077717439E1,-7.096364997533E0));
#1787=LINE('',#1786,#1785);
#1788=DIRECTION('',(-1.E0,0.E0,0.E0));
#1789=VECTOR('',#1788,2.553191184997E-1);
#1790=CARTESIAN_POINT('',(1.606748291948E2,5.221244320528E1,-7.096364997533E0));
#1791=LINE('',#1790,#1789);
#1792=DIRECTION('',(8.981407468994E-1,-4.397080835725E-1,0.E0));
#1793=VECTOR('',#1792,9.475839185231E-2);
#1794=CARTESIAN_POINT('',(1.604195100763E2,5.221244320528E1,-7.096364997533E0));
#1795=LINE('',#1794,#1793);
#1796=DIRECTION('',(7.145077165410E-1,-6.996275602085E-1,0.E0));
#1797=VECTOR('',#1796,1.191119016114E-1);
#1798=CARTESIAN_POINT('',(1.605046164492E2,5.217077717439E1,-7.096364997533E0));
#1799=LINE('',#1798,#1797);
#1800=DIRECTION('',(4.547826177422E-1,-8.906024761921E-1,0.E0));
#1801=VECTOR('',#1800,9.356819006823E-2);
#1802=CARTESIAN_POINT('',(1.605897228220E2,5.208744320528E1,-7.096364997533E0));
#1803=LINE('',#1802,#1801);
#1804=DIRECTION('',(2.473814457133E-1,-9.689181700829E-1,0.E0));
#1805=VECTOR('',#1804,1.720144624991E-1);
#1806=CARTESIAN_POINT('',(1.606322760084E2,5.200411114351E1,-7.096364997533E0));
#1807=LINE('',#1806,#1805);
#1808=DIRECTION('',(0.E0,-1.E0,0.E0));
#1809=VECTOR('',#1808,2.5E-1);
#1810=CARTESIAN_POINT('',(1.606748291948E2,5.183744320528E1,-7.096364997533E0));
#1811=LINE('',#1810,#1809);
#1812=DIRECTION('',(-2.473841035229E-1,-9.689174914946E-1,0.E0));
#1813=VECTOR('',#1812,1.720126144350E-1);
#1814=CARTESIAN_POINT('',(1.606748291948E2,5.158744320528E1,-7.096364997533E0));
#1815=LINE('',#1814,#1813);
#1816=DIRECTION('',(-5.627909312417E-1,-8.265992787997E-1,0.E0));
#1817=VECTOR('',#1816,1.512220046714E-1);
#1818=CARTESIAN_POINT('',(1.606322760084E2,5.142077717439E1,-7.096364997533E0));
#1819=LINE('',#1818,#1817);
#1820=DIRECTION('',(-7.145103848019E-1,-6.996248351869E-1,0.E0));
#1821=VECTOR('',#1820,1.786671852017E-1);
#1822=CARTESIAN_POINT('',(1.605471696356E2,5.129577717439E1,-7.096364997533E0));
#1823=LINE('',#1822,#1821);
#1824=DIRECTION('',(-8.981407468995E-1,-4.397080835722E-1,0.E0));
#1825=VECTOR('',#1824,9.475839185233E-2);
#1826=CARTESIAN_POINT('',(1.604195100763E2,5.117077717439E1,-7.096364997533E0));
#1827=LINE('',#1826,#1825);
#1828=DIRECTION('',(-9.713194780060E-1,-2.377781984248E-1,0.E0));
#1829=VECTOR('',#1828,1.752386825557E-1);
#1830=CARTESIAN_POINT('',(1.603344037035E2,5.112911114351E1,-7.096364997533E0));
#1831=LINE('',#1830,#1829);
#1832=DIRECTION('',(-1.E0,0.E0,0.E0));
#1833=VECTOR('',#1832,3.404255509377E-1);
#1834=CARTESIAN_POINT('',(1.601641909578E2,5.108744320528E1,-7.096364997533E0));
#1835=LINE('',#1834,#1833);
#1836=DIRECTION('',(-9.713194876214E-1,2.377781591463E-1,0.E0));
#1837=VECTOR('',#1836,1.752387115033E-1);
#1838=CARTESIAN_POINT('',(1.598237654069E2,5.108744320528E1,-7.096364997533E0));
#1839=LINE('',#1838,#1837);
#1840=DIRECTION('',(-8.981407468995E-1,4.397080835723E-1,0.E0));
#1841=VECTOR('',#1840,9.475839185234E-2);
#1842=CARTESIAN_POINT('',(1.596535526314E2,5.112911114351E1,-7.096364997533E0));
#1843=LINE('',#1842,#1841);
#1844=DIRECTION('',(-7.145104256250E-1,6.996247934952E-1,0.E0));
#1845=VECTOR('',#1844,1.786671958487E-1);
#1846=CARTESIAN_POINT('',(1.595684462586E2,5.117077717439E1,-7.096364997533E0));
#1847=LINE('',#1846,#1845);
#1848=DIRECTION('',(-5.627909817377E-1,8.265992444194E-1,0.E0));
#1849=VECTOR('',#1848,1.512220109611E-1);
#1850=CARTESIAN_POINT('',(1.594407866845E2,5.129577717439E1,-7.096364997533E0));
#1851=LINE('',#1850,#1849);
#1852=DIRECTION('',(-2.473841238546E-1,9.689174863035E-1,0.E0));
#1853=VECTOR('',#1852,1.720126153566E-1);
#1854=CARTESIAN_POINT('',(1.593556803004E2,5.142077717439E1,-7.096364997533E0));
#1855=LINE('',#1854,#1853);
#1856=DIRECTION('',(0.E0,1.E0,0.E0));
#1857=VECTOR('',#1856,2.5E-1);
#1858=CARTESIAN_POINT('',(1.593131271103E2,5.158744320528E1,-7.096364997533E0));
#1859=LINE('',#1858,#1857);
#1860=DIRECTION('',(2.473814660448E-1,9.689181648919E-1,0.E0));
#1861=VECTOR('',#1860,1.720144634207E-1);
#1862=CARTESIAN_POINT('',(1.593131271103E2,5.183744320528E1,-7.096364997533E0));
#1863=LINE('',#1862,#1861);
#1864=DIRECTION('',(4.547826493212E-1,8.906024600664E-1,0.E0));
#1865=VECTOR('',#1864,9.356819176244E-2);
#1866=CARTESIAN_POINT('',(1.593556803004E2,5.200411114351E1,-7.096364997533E0));
#1867=LINE('',#1866,#1865);
#1868=DIRECTION('',(7.145077471585E-1,6.996275289398E-1,0.E0));
#1869=VECTOR('',#1868,1.191119069349E-1);
#1870=CARTESIAN_POINT('',(1.593982334906E2,5.208744320528E1,-7.096364997533E0));
#1871=LINE('',#1870,#1869);
#1872=DIRECTION('',(8.981407773035E-1,4.397080214695E-1,0.E0));
#1873=VECTOR('',#1872,9.475840523568E-2);
#1874=CARTESIAN_POINT('',(1.594833398709E2,5.217077717439E1,-7.096364997533E0));
#1875=LINE('',#1874,#1873);
#1876=DIRECTION('',(-1.E0,0.E0,0.E0));
#1877=VECTOR('',#1876,3.404255285859E-1);
#1878=CARTESIAN_POINT('',(1.595684462586E2,5.221244320528E1,-7.096364997533E0));
#1879=LINE('',#1878,#1877);
#1880=DIRECTION('',(-9.713219989895E-1,-2.377679000183E-1,0.E0));
#1881=VECTOR('',#1880,1.752382507503E-1);
#1882=CARTESIAN_POINT('',(1.592280207300E2,5.221244320528E1,-7.096364997533E0));
#1883=LINE('',#1882,#1881);
#1884=DIRECTION('',(-8.981407468995E-1,-4.397080835722E-1,0.E0));
#1885=VECTOR('',#1884,9.475839185236E-2);
#1886=CARTESIAN_POINT('',(1.590578079620E2,5.217077717439E1,-7.096364997533E0));
#1887=LINE('',#1886,#1885);
#1888=DIRECTION('',(-7.145104664480E-1,-6.996247518036E-1,0.E0));
#1889=VECTOR('',#1888,1.786672064957E-1);
#1890=CARTESIAN_POINT('',(1.589727015892E2,5.212911114351E1,-7.096364997533E0));
#1891=LINE('',#1890,#1889);
#1892=DIRECTION('',(-2.473814457133E-1,-9.689181700829E-1,0.E0));
#1893=VECTOR('',#1892,1.720144624991E-1);
#1894=CARTESIAN_POINT('',(1.588450420001E2,5.200411114351E1,-7.096364997533E0));
#1895=LINE('',#1894,#1893);
#1896=DIRECTION('',(0.E0,-1.E0,0.E0));
#1897=VECTOR('',#1896,2.5E-1);
#1898=CARTESIAN_POINT('',(1.588024888137E2,5.183744320528E1,-7.096364997533E0));
#1899=LINE('',#1898,#1897);
#1900=DIRECTION('',(4.547784895854E-1,-8.906045842069E-1,0.E0));
#1901=VECTOR('',#1900,1.871380788279E-1);
#1902=CARTESIAN_POINT('',(1.588024888137E2,5.158744320528E1,-7.096364997533E0));
#1903=LINE('',#1902,#1901);
#1904=DIRECTION('',(8.373772700341E-1,-5.466253814361E-1,0.E0));
#1905=VECTOR('',#1904,1.524517008289E-1);
#1906=CARTESIAN_POINT('',(1.588875951865E2,5.142077717439E1,-7.096364997533E0));
#1907=LINE('',#1906,#1905);
#1908=DIRECTION('',(9.506465993028E-1,-3.102757535386E-1,0.E0));
#1909=VECTOR('',#1908,1.342870991646E-1);
#1910=CARTESIAN_POINT('',(1.590152547756E2,5.133744320528E1,-7.096364997533E0));
#1911=LINE('',#1910,#1909);
#1912=DIRECTION('',(0.E0,-1.E0,0.E0));
#1913=VECTOR('',#1912,2.083339691162E-1);
#1914=CARTESIAN_POINT('',(1.591429143497E2,5.129577717439E1,-7.096364997533E0));
#1915=LINE('',#1914,#1913);
#1916=DIRECTION('',(-9.869443877874E-1,1.610614026234E-1,0.E0));
#1917=VECTOR('',#1916,2.586965604740E-1);
#1918=CARTESIAN_POINT('',(1.599939781526E2,5.275411114351E1,-7.096364997533E0));
#1919=LINE('',#1918,#1917);
#1920=DIRECTION('',(-8.981368027053E-1,4.397161398292E-1,0.E0));
#1921=VECTOR('',#1920,1.895176491557E-1);
#1922=CARTESIAN_POINT('',(1.597386590341E2,5.279577717439E1,-7.096364997533E0));
#1923=LINE('',#1922,#1921);
#1924=DIRECTION('',(-7.145157825863E-1,6.996193225141E-1,0.E0));
#1925=VECTOR('',#1924,1.191105778327E-1);
#1926=CARTESIAN_POINT('',(1.595684462586E2,5.287911114351E1,-7.096364997533E0));
#1927=LINE('',#1926,#1925);
#1928=DIRECTION('',(-5.627909649057E-1,8.265992558795E-1,0.E0));
#1929=VECTOR('',#1928,1.512220088645E-1);
#1930=CARTESIAN_POINT('',(1.594833398709E2,5.296244320528E1,-7.096364997533E0));
#1931=LINE('',#1930,#1929);
#1932=DIRECTION('',(-3.222637886596E-1,9.466499091632E-1,0.E0));
#1933=VECTOR('',#1932,1.320445909201E-1);
#1934=CARTESIAN_POINT('',(1.593982334906E2,5.308744320528E1,-7.096364997533E0));
#1935=LINE('',#1934,#1933);
#1936=DIRECTION('',(-1.677993428846E-1,9.858211706631E-1,0.E0));
#1937=VECTOR('',#1936,2.535956900092E-1);
#1938=CARTESIAN_POINT('',(1.593556803004E2,5.321244320528E1,-7.096364997533E0));
#1939=LINE('',#1938,#1937);
#1940=DIRECTION('',(1.443676270146E-1,9.895241221265E-1,0.E0));
#1941=VECTOR('',#1940,2.947557636146E-1);
#1942=CARTESIAN_POINT('',(1.593131271103E2,5.346244320528E1,-7.096364997533E0));
#1943=LINE('',#1942,#1941);
#1944=DIRECTION('',(4.547785369538E-1,8.906045600187E-1,0.E0));
#1945=VECTOR('',#1944,1.871380839104E-1);
#1946=CARTESIAN_POINT('',(1.593556803004E2,5.375411114351E1,-7.096364997533E0));
#1947=LINE('',#1946,#1945);
#1948=DIRECTION('',(7.145104256249E-1,6.996247934953E-1,0.E0));
#1949=VECTOR('',#1948,1.786671958486E-1);
#1950=CARTESIAN_POINT('',(1.594407866845E2,5.392077717439E1,-7.096364997533E0));
#1951=LINE('',#1950,#1949);
#1952=DIRECTION('',(9.713220013931E-1,2.377678901991E-1,0.E0));
#1953=VECTOR('',#1952,1.752382579873E-1);
#1954=CARTESIAN_POINT('',(1.595684462586E2,5.404577717439E1,-7.096364997533E0));
#1955=LINE('',#1954,#1953);
#1956=DIRECTION('',(0.E0,-1.E0,0.E0));
#1957=VECTOR('',#1956,2.083320617676E-1);
#1958=CARTESIAN_POINT('',(1.597386590341E2,5.408744320528E1,-7.096364997533E0));
#1959=LINE('',#1958,#1957);
#1960=DIRECTION('',(-9.506424204131E-1,-3.102885568486E-1,0.E0));
#1961=VECTOR('',#1960,1.342877051465E-1);
#1962=CARTESIAN_POINT('',(1.597386590341E2,5.387911114351E1,-7.096364997533E0));
#1963=LINE('',#1962,#1961);
#1964=DIRECTION('',(-5.627909312415E-1,-8.265992787998E-1,0.E0));
#1965=VECTOR('',#1964,1.512220046714E-1);
#1966=CARTESIAN_POINT('',(1.596109994450E2,5.383744320528E1,-7.096364997533E0));
#1967=LINE('',#1966,#1965);
#1968=DIRECTION('',(-1.443685885548E-1,-9.895239818411E-1,0.E0));
#1969=VECTOR('',#1968,2.947538778607E-1);
#1970=CARTESIAN_POINT('',(1.595258930722E2,5.371244320528E1,-7.096364997533E0));
#1971=LINE('',#1970,#1969);
#1972=DIRECTION('',(2.473841848496E-1,-9.689174707302E-1,0.E0));
#1973=VECTOR('',#1972,1.720126181213E-1);
#1974=CARTESIAN_POINT('',(1.594833398709E2,5.342077717439E1,-7.096364997533E0));
#1975=LINE('',#1974,#1973);
#1976=DIRECTION('',(4.547743614938E-1,-8.906066921644E-1,0.E0));
#1977=VECTOR('',#1976,9.356988876166E-2);
#1978=CARTESIAN_POINT('',(1.595258930722E2,5.325411114351E1,-7.096364997533E0));
#1979=LINE('',#1978,#1977);
#1980=DIRECTION('',(7.145104664480E-1,-6.996247518036E-1,0.E0));
#1981=VECTOR('',#1980,1.786672064957E-1);
#1982=CARTESIAN_POINT('',(1.595684462586E2,5.317077717439E1,-7.096364997533E0));
#1983=LINE('',#1982,#1981);
#1984=DIRECTION('',(8.981407468995E-1,-4.397080835722E-1,0.E0));
#1985=VECTOR('',#1984,9.475839185233E-2);
#1986=CARTESIAN_POINT('',(1.596961058477E2,5.304577717439E1,-7.096364997533E0));
#1987=LINE('',#1986,#1985);
#1988=DIRECTION('',(9.506423990459E-1,-3.102886223118E-1,0.E0));
#1989=VECTOR('',#1988,1.342876768152E-1);
#1990=CARTESIAN_POINT('',(1.597812122205E2,5.300411114351E1,-7.096364997533E0));
#1991=LINE('',#1990,#1989);
#1992=DIRECTION('',(1.E0,0.E0,0.E0));
#1993=VECTOR('',#1992,8.510637283325E-2);
#1994=CARTESIAN_POINT('',(1.599088717797E2,5.296244320528E1,-7.096364997533E0));
#1995=LINE('',#1994,#1993);
#1996=DIRECTION('',(0.E0,1.E0,0.E0));
#1997=VECTOR('',#1996,1.125E0);
#1998=CARTESIAN_POINT('',(1.599939781526E2,5.296244320528E1,-7.096364997533E0));
#1999=LINE('',#1998,#1997);
#2000=DIRECTION('',(1.E0,0.E0,0.E0));
#2001=VECTOR('',#2000,1.702128052711E-1);
#2002=CARTESIAN_POINT('',(1.599939781526E2,5.408744320528E1,-7.096364997533E0));
#2003=LINE('',#2002,#2001);
#2004=DIRECTION('',(9.713219917786E-1,-2.377679294760E-1,0.E0));
#2005=VECTOR('',#2004,1.752382290396E-1);
#2006=CARTESIAN_POINT('',(1.601641909578E2,5.408744320528E1,-7.096364997533E0));
#2007=LINE('',#2006,#2005);
#2008=DIRECTION('',(8.060043958311E-1,-5.919095487495E-1,0.E0));
#2009=VECTOR('',#2008,2.111809148274E-1);
#2010=CARTESIAN_POINT('',(1.603344037035E2,5.404577717439E1,-7.096364997533E0));
#2011=LINE('',#2010,#2009);
#2012=DIRECTION('',(5.224757693837E-1,-8.526541329325E-1,0.E0));
#2013=VECTOR('',#2012,2.443358462354E-1);
#2014=CARTESIAN_POINT('',(1.605046164492E2,5.392077717439E1,-7.096364997533E0));
#2015=LINE('',#2014,#2013);
#2016=DIRECTION('',(1.677993286083E-1,-9.858211730931E-1,0.E0));
#2017=VECTOR('',#2016,2.535956893841E-1);
#2018=CARTESIAN_POINT('',(1.606322760084E2,5.371244320528E1,-7.096364997533E0));
#2019=LINE('',#2018,#2017);
#2020=DIRECTION('',(-1.677993286083E-1,-9.858211730931E-1,0.E0));
#2021=VECTOR('',#2020,2.535956893841E-1);
#2022=CARTESIAN_POINT('',(1.606748291948E2,5.346244320528E1,-7.096364997533E0));
#2023=LINE('',#2022,#2021);
#2024=DIRECTION('',(-3.222637633772E-1,-9.466499177700E-1,0.E0));
#2025=VECTOR('',#2024,1.320445897196E-1);
#2026=CARTESIAN_POINT('',(1.606322760084E2,5.321244320528E1,-7.096364997533E0));
#2027=LINE('',#2026,#2025);
#2028=DIRECTION('',(-5.627909312417E-1,-8.265992787997E-1,0.E0));
#2029=VECTOR('',#2028,1.512220046714E-1);
#2030=CARTESIAN_POINT('',(1.605897228220E2,5.308744320528E1,-7.096364997533E0));
#2031=LINE('',#2030,#2029);
#2032=DIRECTION('',(-7.145157213522E-1,-6.996193850520E-1,0.E0));
#2033=VECTOR('',#2032,1.191105671856E-1);
#2034=CARTESIAN_POINT('',(1.605046164492E2,5.296244320528E1,-7.096364997533E0));
#2035=LINE('',#2034,#2033);
#2036=DIRECTION('',(-8.981367723002E-1,-4.397162019327E-1,0.E0));
#2037=VECTOR('',#2036,1.895176223890E-1);
#2038=CARTESIAN_POINT('',(1.604195100763E2,5.287911114351E1,-7.096364997533E0));
#2039=LINE('',#2038,#2037);
#2040=DIRECTION('',(-9.869443937642E-1,-1.610613659987E-1,0.E0));
#2041=VECTOR('',#2040,2.586966193005E-1);
#2042=CARTESIAN_POINT('',(1.602492973307E2,5.279577717439E1,-7.096364997533E0));
#2043=LINE('',#2042,#2041);
#2044=DIRECTION('',(0.E0,1.E0,0.E0));
#2045=VECTOR('',#2044,8.683337473869E-1);
#2046=CARTESIAN_POINT('',(1.750110692975E2,4.567294764488E1,-7.096364997533E0));
#2047=LINE('',#2046,#2045);
#2048=DIRECTION('',(-2.473834390652E-1,9.689176611437E-1,0.E0));
#2049=VECTOR('',#2048,4.480940641546E-1);
#2050=CARTESIAN_POINT('',(1.750110692975E2,4.654128139226E1,-7.096364997533E0));
#2051=LINE('',#2050,#2049);
#2052=DIRECTION('',(-5.627909312418E-1,8.265992787996E-1,0.E0));
#2053=VECTOR('',#2052,3.939333221690E-1);
#2054=CARTESIAN_POINT('',(1.749002182469E2,4.697544764488E1,-7.096364997533E0));
#2055=LINE('',#2054,#2053);
#2056=DIRECTION('',(-8.373788769559E-1,5.466229197794E-1,0.E0));
#2057=VECTOR('',#2056,3.971361966940E-1);
#2058=CARTESIAN_POINT('',(1.746785161457E2,4.730107264488E1,-7.096364997533E0));
#2059=LINE('',#2058,#2057);
#2060=DIRECTION('',(-9.713213633444E-1,2.377704967207E-1,0.E0));
#2061=VECTOR('',#2060,4.564958819958E-1);
#2062=CARTESIAN_POINT('',(1.743459626833E2,4.751815639226E1,-7.096364997533E0));
#2063=LINE('',#2062,#2061);
#2064=DIRECTION('',(-1.E0,0.E0,0.E0));
#2065=VECTOR('',#2064,1.662765914500E0);
#2066=CARTESIAN_POINT('',(1.739025584809E2,4.762669764488E1,-7.096364997533E0));
#2067=LINE('',#2066,#2065);
#2068=DIRECTION('',(-9.713213633444E-1,-2.377704967207E-1,0.E0));
#2069=VECTOR('',#2068,4.564958819958E-1);
#2070=CARTESIAN_POINT('',(1.722397925664E2,4.762669764488E1,-7.096364997533E0));
#2071=LINE('',#2070,#2069);
#2072=DIRECTION('',(-8.373786433120E-1,-5.466232777013E-1,0.E0));
#2073=VECTOR('',#2072,3.971359366542E-1);
#2074=CARTESIAN_POINT('',(1.717963883639E2,4.751815639226E1,-7.096364997533E0));
#2075=LINE('',#2074,#2073);
#2076=DIRECTION('',(-5.627910658975E-1,-8.265991871191E-1,0.E0));
#2077=VECTOR('',#2076,3.939333658613E-1);
#2078=CARTESIAN_POINT('',(1.714638352120E2,4.730107264488E1,-7.096364997533E0));
#2079=LINE('',#2078,#2077);
#2080=DIRECTION('',(-2.473834390653E-1,-9.689176611437E-1,0.E0));
#2081=VECTOR('',#2080,4.480940641546E-1);
#2082=CARTESIAN_POINT('',(1.712421330332E2,4.697544764488E1,-7.096364997533E0));
#2083=LINE('',#2082,#2081);
#2084=DIRECTION('',(0.E0,-1.E0,0.E0));
#2085=VECTOR('',#2084,8.683337473869E-1);
#2086=CARTESIAN_POINT('',(1.711312819826E2,4.654128139226E1,-7.096364997533E0));
#2087=LINE('',#2086,#2085);
#2088=DIRECTION('',(2.473834390653E-1,-9.689176611437E-1,0.E0));
#2089=VECTOR('',#2088,4.480940641546E-1);
#2090=CARTESIAN_POINT('',(1.711312819826E2,4.567294764488E1,-7.096364997533E0));
#2091=LINE('',#2090,#2089);
#2092=DIRECTION('',(5.627910658975E-1,-8.265991871191E-1,0.E0));
#2093=VECTOR('',#2092,3.939333658613E-1);
#2094=CARTESIAN_POINT('',(1.712421330332E2,4.523878139226E1,-7.096364997533E0));
#2095=LINE('',#2094,#2093);
#2096=DIRECTION('',(8.373786433120E-1,-5.466232777014E-1,0.E0));
#2097=VECTOR('',#2096,3.971359366542E-1);
#2098=CARTESIAN_POINT('',(1.714638352120E2,4.491315639226E1,-7.096364997533E0));
#2099=LINE('',#2098,#2097);
#2100=DIRECTION('',(9.713213633444E-1,-2.377704967206E-1,0.E0));
#2101=VECTOR('',#2100,4.564958819958E-1);
#2102=CARTESIAN_POINT('',(1.717963883639E2,4.469607264488E1,-7.096364997533E0));
#2103=LINE('',#2102,#2101);
#2104=DIRECTION('',(1.E0,0.E0,0.E0));
#2105=VECTOR('',#2104,1.662765914500E0);
#2106=CARTESIAN_POINT('',(1.722397925664E2,4.458753139226E1,-7.096364997533E0));
#2107=LINE('',#2106,#2105);
#2108=DIRECTION('',(9.713213633444E-1,2.377704967206E-1,0.E0));
#2109=VECTOR('',#2108,4.564958819958E-1);
#2110=CARTESIAN_POINT('',(1.739025584809E2,4.458753139226E1,-7.096364997533E0));
#2111=LINE('',#2110,#2109);
#2112=DIRECTION('',(8.373788769559E-1,5.466229197794E-1,0.E0));
#2113=VECTOR('',#2112,3.971361966940E-1);
#2114=CARTESIAN_POINT('',(1.743459626833E2,4.469607264488E1,-7.096364997533E0));
#2115=LINE('',#2114,#2113);
#2116=DIRECTION('',(5.627909312418E-1,8.265992787996E-1,0.E0));
#2117=VECTOR('',#2116,3.939333221690E-1);
#2118=CARTESIAN_POINT('',(1.746785161457E2,4.491315639226E1,-7.096364997533E0));
#2119=LINE('',#2118,#2117);
#2120=DIRECTION('',(2.473834390652E-1,9.689176611437E-1,0.E0));
#2121=VECTOR('',#2120,4.480940641546E-1);
#2122=CARTESIAN_POINT('',(1.749002182469E2,4.523878139226E1,-7.096364997533E0));
#2123=LINE('',#2122,#2121);
#2124=DIRECTION('',(0.E0,1.E0,0.E0));
#2125=VECTOR('',#2124,3.333333134651E-1);
#2126=CARTESIAN_POINT('',(1.610578079918E2,3.221244386093E1,-7.096364997533E0));
#2127=LINE('',#2126,#2125);
#2128=DIRECTION('',(-2.473832729514E-1,9.689177035558E-1,0.E0));
#2129=VECTOR('',#2128,1.720131919549E-1);
#2130=CARTESIAN_POINT('',(1.610578079918E2,3.254577717439E1,-7.096364997533E0));
#2131=LINE('',#2130,#2129);
#2132=DIRECTION('',(-5.627909312417E-1,8.265992787996E-1,0.E0));
#2133=VECTOR('',#2132,1.512220046714E-1);
#2134=CARTESIAN_POINT('',(1.610152548054E2,3.271244380132E1,-7.096364997533E0));
#2135=LINE('',#2134,#2133);
#2136=DIRECTION('',(-8.373792348777E-1,5.466223714738E-1,0.E0));
#2137=VECTOR('',#2136,1.524514498832E-1);
#2138=CARTESIAN_POINT('',(1.609301484326E2,3.283744380132E1,-7.096364997533E0));
#2139=LINE('',#2138,#2137);
#2140=DIRECTION('',(-9.713212062349E-1,2.377711385310E-1,0.E0));
#2141=VECTOR('',#2140,1.752383707613E-1);
#2142=CARTESIAN_POINT('',(1.608024887541E2,3.292077717439E1,-7.096364997533E0));
#2143=LINE('',#2142,#2141);
#2144=DIRECTION('',(-1.E0,0.E0,0.E0));
#2145=VECTOR('',#2144,6.382978558540E-1);
#2146=CARTESIAN_POINT('',(1.606322760084E2,3.296244380132E1,-7.096364997533E0));
#2147=LINE('',#2146,#2145);
#2148=DIRECTION('',(-9.713212062349E-1,-2.377711385310E-1,0.E0));
#2149=VECTOR('',#2148,1.752383707613E-1);
#2150=CARTESIAN_POINT('',(1.599939781526E2,3.296244380132E1,-7.096364997533E0));
#2151=LINE('',#2150,#2149);
#2152=DIRECTION('',(-8.373790012342E-1,-5.466227293958E-1,0.E0));
#2153=VECTOR('',#2152,1.524513500598E-1);
#2154=CARTESIAN_POINT('',(1.598237654069E2,3.292077717439E1,-7.096364997533E0));
#2155=LINE('',#2154,#2153);
#2156=DIRECTION('',(-5.627910658976E-1,-8.265991871191E-1,0.E0));
#2157=VECTOR('',#2156,1.512220214439E-1);
#2158=CARTESIAN_POINT('',(1.596961058477E2,3.283744380132E1,-7.096364997533E0));
#2159=LINE('',#2158,#2157);
#2160=DIRECTION('',(-2.473832729514E-1,-9.689177035558E-1,0.E0));
#2161=VECTOR('',#2160,1.720131919549E-1);
#2162=CARTESIAN_POINT('',(1.596109994450E2,3.271244380132E1,-7.096364997533E0));
#2163=LINE('',#2162,#2161);
#2164=DIRECTION('',(0.E0,-1.E0,0.E0));
#2165=VECTOR('',#2164,3.333333134651E-1);
#2166=CARTESIAN_POINT('',(1.595684462586E2,3.254577717439E1,-7.096364997533E0));
#2167=LINE('',#2166,#2165);
#2168=DIRECTION('',(2.473831898946E-1,-9.689177247618E-1,0.E0));
#2169=VECTOR('',#2168,1.720132497069E-1);
#2170=CARTESIAN_POINT('',(1.595684462586E2,3.221244386093E1,-7.096364997533E0));
#2171=LINE('',#2170,#2169);
#2172=DIRECTION('',(5.627910658976E-1,-8.265991871191E-1,0.E0));
#2173=VECTOR('',#2172,1.512220214439E-1);
#2174=CARTESIAN_POINT('',(1.596109994450E2,3.204577717439E1,-7.096364997533E0));
#2175=LINE('',#2174,#2173);
#2176=DIRECTION('',(8.373790907147E-1,-5.466225923193E-1,0.E0));
#2177=VECTOR('',#2176,1.524513337692E-1);
#2178=CARTESIAN_POINT('',(1.596961058477E2,3.192077717439E1,-7.096364997533E0));
#2179=LINE('',#2178,#2177);
#2180=DIRECTION('',(9.713211669575E-1,-2.377712989836E-1,0.E0));
#2181=VECTOR('',#2180,1.752383778474E-1);
#2182=CARTESIAN_POINT('',(1.598237654069E2,3.183744383113E1,-7.096364997533E0));
#2183=LINE('',#2182,#2181);
#2184=DIRECTION('',(1.E0,0.E0,0.E0));
#2185=VECTOR('',#2184,6.382978558540E-1);
#2186=CARTESIAN_POINT('',(1.599939781526E2,3.179577717439E1,-7.096364997533E0));
#2187=LINE('',#2186,#2185);
#2188=DIRECTION('',(9.713211669575E-1,2.377712989836E-1,0.E0));
#2189=VECTOR('',#2188,1.752383778474E-1);
#2190=CARTESIAN_POINT('',(1.606322760084E2,3.179577717439E1,-7.096364997533E0));
#2191=LINE('',#2190,#2189);
#2192=DIRECTION('',(8.373793243581E-1,5.466222343973E-1,0.E0));
#2193=VECTOR('',#2192,1.524514335926E-1);
#2194=CARTESIAN_POINT('',(1.608024887541E2,3.183744383113E1,-7.096364997533E0));
#2195=LINE('',#2194,#2193);
#2196=DIRECTION('',(5.627909312418E-1,8.265992787996E-1,0.E0));
#2197=VECTOR('',#2196,1.512220046714E-1);
#2198=CARTESIAN_POINT('',(1.609301484326E2,3.192077717439E1,-7.096364997533E0));
#2199=LINE('',#2198,#2197);
#2200=DIRECTION('',(2.473831898946E-1,9.689177247618E-1,0.E0));
#2201=VECTOR('',#2200,1.720132497069E-1);
#2202=CARTESIAN_POINT('',(1.610152548054E2,3.204577717439E1,-7.096364997533E0));
#2203=LINE('',#2202,#2201);
#2204=DIRECTION('',(2.473828559376E-1,-9.689178100273E-1,0.E0));
#2205=VECTOR('',#2204,1.720135421532E-1);
#2206=CARTESIAN_POINT('',(1.594833398709E2,4.133744415895E1,-7.096364997533E0));
#2207=LINE('',#2206,#2205);
#2208=DIRECTION('',(7.145117189358E-1,-6.996234726647E-1,0.E0));
#2209=VECTOR('',#2208,1.191112343966E-1);
#2210=CARTESIAN_POINT('',(1.595258930722E2,4.117077717439E1,-7.096364997533E0));
#2211=LINE('',#2210,#2209);
#2212=DIRECTION('',(8.373772700341E-1,-5.466253814361E-1,0.E0));
#2213=VECTOR('',#2212,1.524517008289E-1);
#2214=CARTESIAN_POINT('',(1.596109994450E2,4.108744415895E1,-7.096364997533E0));
#2215=LINE('',#2214,#2213);
#2216=DIRECTION('',(9.713219917786E-1,-2.377679294760E-1,0.E0));
#2217=VECTOR('',#2216,1.752382290396E-1);
#2218=CARTESIAN_POINT('',(1.597386590341E2,4.100411018983E1,-7.096364997533E0));
#2219=LINE('',#2218,#2217);
#2220=DIRECTION('',(1.E0,0.E0,0.E0));
#2221=VECTOR('',#2220,1.702128052711E-1);
#2222=CARTESIAN_POINT('',(1.599088717797E2,4.096244415895E1,-7.096364997533E0));
#2223=LINE('',#2222,#2221);
#2224=DIRECTION('',(9.713219917786E-1,2.377679294760E-1,0.E0));
#2225=VECTOR('',#2224,1.752382290396E-1);
#2226=CARTESIAN_POINT('',(1.600790845850E2,4.096244415895E1,-7.096364997533E0));
#2227=LINE('',#2226,#2225);
#2228=DIRECTION('',(8.373772116227E-1,5.466254709168E-1,0.E0));
#2229=VECTOR('',#2228,1.524516758732E-1);
#2230=CARTESIAN_POINT('',(1.602492973307E2,4.100411018983E1,-7.096364997533E0));
#2231=LINE('',#2230,#2229);
#2232=DIRECTION('',(7.145117189359E-1,6.996234726646E-1,0.E0));
#2233=VECTOR('',#2232,1.191112343966E-1);
#2234=CARTESIAN_POINT('',(1.603769568899E2,4.108744415895E1,-7.096364997533E0));
#2235=LINE('',#2234,#2233);
#2236=DIRECTION('',(2.473827746112E-1,9.689178307915E-1,0.E0));
#2237=VECTOR('',#2236,1.720135384669E-1);
#2238=CARTESIAN_POINT('',(1.604620632628E2,4.117077717439E1,-7.096364997533E0));
#2239=LINE('',#2238,#2237);
#2240=DIRECTION('',(0.E0,1.E0,0.E0));
#2241=VECTOR('',#2240,1.666660308838E-1);
#2242=CARTESIAN_POINT('',(1.605046164492E2,4.133744415895E1,-7.096364997533E0));
#2243=LINE('',#2242,#2241);
#2244=DIRECTION('',(-2.473827746112E-1,9.689178307915E-1,0.E0));
#2245=VECTOR('',#2244,1.720135384669E-1);
#2246=CARTESIAN_POINT('',(1.605046164492E2,4.150411018983E1,-7.096364997533E0));
#2247=LINE('',#2246,#2245);
#2248=DIRECTION('',(-7.145117189358E-1,6.996234726647E-1,0.E0));
#2249=VECTOR('',#2248,1.191112343966E-1);
#2250=CARTESIAN_POINT('',(1.604620632628E2,4.167077717439E1,-7.096364997533E0));
#2251=LINE('',#2250,#2249);
#2252=DIRECTION('',(-8.373772116228E-1,5.466254709167E-1,0.E0));
#2253=VECTOR('',#2252,1.524516758732E-1);
#2254=CARTESIAN_POINT('',(1.603769568899E2,4.175411018983E1,-7.096364997533E0));
#2255=LINE('',#2254,#2253);
#2256=DIRECTION('',(-9.713219917786E-1,2.377679294760E-1,0.E0));
#2257=VECTOR('',#2256,1.752382290396E-1);
#2258=CARTESIAN_POINT('',(1.602492973307E2,4.183744415895E1,-7.096364997533E0));
#2259=LINE('',#2258,#2257);
#2260=DIRECTION('',(-1.E0,0.E0,0.E0));
#2261=VECTOR('',#2260,1.702128052711E-1);
#2262=CARTESIAN_POINT('',(1.600790845850E2,4.187911018983E1,-7.096364997533E0));
#2263=LINE('',#2262,#2261);
#2264=DIRECTION('',(-9.713219917786E-1,-2.377679294760E-1,0.E0));
#2265=VECTOR('',#2264,1.752382290396E-1);
#2266=CARTESIAN_POINT('',(1.599088717797E2,4.187911018983E1,-7.096364997533E0));
#2267=LINE('',#2266,#2265);
#2268=DIRECTION('',(-8.373772700341E-1,-5.466253814362E-1,0.E0));
#2269=VECTOR('',#2268,1.524517008289E-1);
#2270=CARTESIAN_POINT('',(1.597386590341E2,4.183744415895E1,-7.096364997533E0));
#2271=LINE('',#2270,#2269);
#2272=DIRECTION('',(-7.145117189359E-1,-6.996234726646E-1,0.E0));
#2273=VECTOR('',#2272,1.191112343965E-1);
#2274=CARTESIAN_POINT('',(1.596109994450E2,4.175411018983E1,-7.096364997533E0));
#2275=LINE('',#2274,#2273);
#2276=DIRECTION('',(-2.473828559375E-1,-9.689178100273E-1,0.E0));
#2277=VECTOR('',#2276,1.720135421532E-1);
#2278=CARTESIAN_POINT('',(1.595258930722E2,4.167077717439E1,-7.096364997533E0));
#2279=LINE('',#2278,#2277);
#2280=DIRECTION('',(0.E0,-1.E0,0.E0));
#2281=VECTOR('',#2280,1.666660308838E-1);
#2282=CARTESIAN_POINT('',(1.594833398709E2,4.150411018983E1,-7.096364997533E0));
#2283=LINE('',#2282,#2281);
#2284=DIRECTION('',(-1.E0,0.E0,0.E0));
#2285=VECTOR('',#2284,2.553191184998E-1);
#2286=CARTESIAN_POINT('',(1.600365313390E2,4.896244320528E1,-7.096364997533E0));
#2287=LINE('',#2286,#2285);
#2288=DIRECTION('',(-8.981407468995E-1,-4.397080835722E-1,0.E0));
#2289=VECTOR('',#2288,9.475839185236E-2);
#2290=CARTESIAN_POINT('',(1.597812122205E2,4.896244320528E1,-7.096364997533E0));
#2291=LINE('',#2290,#2289);
#2292=DIRECTION('',(-7.145104664480E-1,-6.996247518036E-1,0.E0));
#2293=VECTOR('',#2292,1.786672064957E-1);
#2294=CARTESIAN_POINT('',(1.596961058477E2,4.892077717439E1,-7.096364997533E0));
#2295=LINE('',#2294,#2293);
#2296=DIRECTION('',(-3.781716621814E-1,-9.257354880974E-1,0.E0));
#2297=VECTOR('',#2296,2.250469726988E-1);
#2298=CARTESIAN_POINT('',(1.595684462586E2,4.879577717439E1,-7.096364997533E0));
#2299=LINE('',#2298,#2297);
#2300=DIRECTION('',(0.E0,-1.E0,0.E0));
#2301=VECTOR('',#2300,2.5E-1);
#2302=CARTESIAN_POINT('',(1.594833398709E2,4.858744320528E1,-7.096364997533E0));
#2303=LINE('',#2302,#2301);
#2304=DIRECTION('',(4.547785527432E-1,-8.906045519560E-1,0.E0));
#2305=VECTOR('',#2304,1.871380856046E-1);
#2306=CARTESIAN_POINT('',(1.594833398709E2,4.833744320528E1,-7.096364997533E0));
#2307=LINE('',#2306,#2305);
#2308=DIRECTION('',(8.981407468994E-1,-4.397080835725E-1,0.E0));
#2309=VECTOR('',#2308,9.475839185234E-2);
#2310=CARTESIAN_POINT('',(1.595684462586E2,4.817077717439E1,-7.096364997533E0));
#2311=LINE('',#2310,#2309);
#2312=DIRECTION('',(1.E0,0.E0,0.E0));
#2313=VECTOR('',#2312,8.510640263557E-2);
#2314=CARTESIAN_POINT('',(1.596535526314E2,4.812911114351E1,-7.096364997533E0));
#2315=LINE('',#2314,#2313);
#2316=DIRECTION('',(9.506465886201E-1,3.102757862691E-1,0.E0));
#2317=VECTOR('',#2316,1.342870849988E-1);
#2318=CARTESIAN_POINT('',(1.597386590341E2,4.812911114351E1,-7.096364997533E0));
#2319=LINE('',#2318,#2317);
#2320=DIRECTION('',(7.145077165411E-1,6.996275602085E-1,0.E0));
#2321=VECTOR('',#2320,1.191119016114E-1);
#2322=CARTESIAN_POINT('',(1.598663185933E2,4.817077717439E1,-7.096364997533E0));
#2323=LINE('',#2322,#2321);
#2324=DIRECTION('',(4.547826177421E-1,8.906024761922E-1,0.E0));
#2325=VECTOR('',#2324,9.356819006824E-2);
#2326=CARTESIAN_POINT('',(1.599514249662E2,4.825411114351E1,-7.096364997533E0));
#2327=LINE('',#2326,#2325);
#2328=DIRECTION('',(2.473814457133E-1,9.689181700829E-1,0.E0));
#2329=VECTOR('',#2328,1.720144624991E-1);
#2330=CARTESIAN_POINT('',(1.599939781526E2,4.833744320528E1,-7.096364997533E0));
#2331=LINE('',#2330,#2329);
#2332=DIRECTION('',(0.E0,1.E0,0.E0));
#2333=VECTOR('',#2332,4.583320617676E-1);
#2334=CARTESIAN_POINT('',(1.600365313390E2,4.850411114351E1,-7.096364997533E0));
#2335=LINE('',#2334,#2333);
#2336=DIRECTION('',(-1.E0,0.E0,0.E0));
#2337=VECTOR('',#2336,4.255319237709E-1);
#2338=CARTESIAN_POINT('',(1.602067441443E2,5.221244320528E1,-7.096364997533E0));
#2339=LINE('',#2338,#2337);
#2340=DIRECTION('',(-8.373829967846E-1,-5.466166085074E-1,0.E0));
#2341=VECTOR('',#2340,1.524506582321E-1);
#2342=CARTESIAN_POINT('',(1.597812122205E2,5.221244320528E1,-7.096364997533E0));
#2343=LINE('',#2342,#2341);
#2344=DIRECTION('',(-5.627909312417E-1,-8.265992787997E-1,0.E0));
#2345=VECTOR('',#2344,1.512220046714E-1);
#2346=CARTESIAN_POINT('',(1.596535526314E2,5.212911114351E1,-7.096364997533E0));
#2347=LINE('',#2346,#2345);
#2348=DIRECTION('',(-2.473814457133E-1,-9.689181700829E-1,0.E0));
#2349=VECTOR('',#2348,1.720144624991E-1);
#2350=CARTESIAN_POINT('',(1.595684462586E2,5.200411114351E1,-7.096364997533E0));
#2351=LINE('',#2350,#2349);
#2352=DIRECTION('',(0.E0,-1.E0,0.E0));
#2353=VECTOR('',#2352,1.666660308838E-1);
#2354=CARTESIAN_POINT('',(1.595258930722E2,5.183744320528E1,-7.096364997533E0));
#2355=LINE('',#2354,#2353);
#2356=DIRECTION('',(2.473841035229E-1,-9.689174914946E-1,0.E0));
#2357=VECTOR('',#2356,1.720126144350E-1);
#2358=CARTESIAN_POINT('',(1.595258930722E2,5.167077717439E1,-7.096364997533E0));
#2359=LINE('',#2358,#2357);
#2360=DIRECTION('',(5.627909312417E-1,-8.265992787996E-1,0.E0));
#2361=VECTOR('',#2360,1.512220046714E-1);
#2362=CARTESIAN_POINT('',(1.595684462586E2,5.150411114351E1,-7.096364997533E0));
#2363=LINE('',#2362,#2361);
#2364=DIRECTION('',(8.981328584749E-1,-4.397241959771E-1,0.E0));
#2365=VECTOR('',#2364,9.475925731090E-2);
#2366=CARTESIAN_POINT('',(1.596535526314E2,5.137911114351E1,-7.096364997533E0));
#2367=LINE('',#2366,#2365);
#2368=DIRECTION('',(9.506465886201E-1,-3.102757862691E-1,0.E0));
#2369=VECTOR('',#2368,1.342870849988E-1);
#2370=CARTESIAN_POINT('',(1.597386590341E2,5.133744320528E1,-7.096364997533E0));
#2371=LINE('',#2370,#2369);
#2372=DIRECTION('',(1.E0,0.E0,0.E0));
#2373=VECTOR('',#2372,2.553191781044E-1);
#2374=CARTESIAN_POINT('',(1.598663185933E2,5.129577717439E1,-7.096364997533E0));
#2375=LINE('',#2374,#2373);
#2376=DIRECTION('',(9.506465886201E-1,3.102757862690E-1,0.E0));
#2377=VECTOR('',#2376,1.342870849988E-1);
#2378=CARTESIAN_POINT('',(1.601216377714E2,5.129577717439E1,-7.096364997533E0));
#2379=LINE('',#2378,#2377);
#2380=DIRECTION('',(8.373772116227E-1,5.466254709167E-1,0.E0));
#2381=VECTOR('',#2380,1.524516758732E-1);
#2382=CARTESIAN_POINT('',(1.602492973307E2,5.133744320528E1,-7.096364997533E0));
#2383=LINE('',#2382,#2381);
#2384=DIRECTION('',(4.547784895854E-1,8.906045842070E-1,0.E0));
#2385=VECTOR('',#2384,1.871380788279E-1);
#2386=CARTESIAN_POINT('',(1.603769568899E2,5.142077717439E1,-7.096364997533E0));
#2387=LINE('',#2386,#2385);
#2388=DIRECTION('',(0.E0,1.E0,0.E0));
#2389=VECTOR('',#2388,2.5E-1);
#2390=CARTESIAN_POINT('',(1.604620632628E2,5.158744320528E1,-7.096364997533E0));
#2391=LINE('',#2390,#2389);
#2392=DIRECTION('',(-2.473814457133E-1,9.689181700829E-1,0.E0));
#2393=VECTOR('',#2392,1.720144624991E-1);
#2394=CARTESIAN_POINT('',(1.604620632628E2,5.183744320528E1,-7.096364997533E0));
#2395=LINE('',#2394,#2393);
#2396=DIRECTION('',(-5.627909312418E-1,8.265992787996E-1,0.E0));
#2397=VECTOR('',#2396,1.512220046714E-1);
#2398=CARTESIAN_POINT('',(1.604195100763E2,5.200411114351E1,-7.096364997533E0));
#2399=LINE('',#2398,#2397);
#2400=DIRECTION('',(-8.373829383746E-1,5.466166979879E-1,0.E0));
#2401=VECTOR('',#2400,1.524506332762E-1);
#2402=CARTESIAN_POINT('',(1.603344037035E2,5.212911114351E1,-7.096364997533E0));
#2403=LINE('',#2402,#2401);
#2404=DIRECTION('',(8.981407468995E-1,4.397080835723E-1,0.E0));
#2405=VECTOR('',#2404,9.475839185234E-2);
#2406=CARTESIAN_POINT('',(1.602067441443E2,5.300411114351E1,-7.096364997533E0));
#2407=LINE('',#2406,#2405);
#2408=DIRECTION('',(7.145103848018E-1,6.996248351870E-1,0.E0));
#2409=VECTOR('',#2408,1.786671852016E-1);
#2410=CARTESIAN_POINT('',(1.602918505171E2,5.304577717439E1,-7.096364997533E0));
#2411=LINE('',#2410,#2409);
#2412=DIRECTION('',(4.547743614938E-1,8.906066921643E-1,0.E0));
#2413=VECTOR('',#2412,9.356988876165E-2);
#2414=CARTESIAN_POINT('',(1.604195100763E2,5.317077717439E1,-7.096364997533E0));
#2415=LINE('',#2414,#2413);
#2416=DIRECTION('',(2.473841035229E-1,9.689174914946E-1,0.E0));
#2417=VECTOR('',#2416,1.720126144350E-1);
#2418=CARTESIAN_POINT('',(1.604620632628E2,5.325411114351E1,-7.096364997533E0));
#2419=LINE('',#2418,#2417);
#2420=DIRECTION('',(-1.677993286083E-1,9.858211730931E-1,0.E0));
#2421=VECTOR('',#2420,2.535956893841E-1);
#2422=CARTESIAN_POINT('',(1.605046164492E2,5.342077717439E1,-7.096364997533E0));
#2423=LINE('',#2422,#2421);
#2424=DIRECTION('',(-5.627909312417E-1,8.265992787997E-1,0.E0));
#2425=VECTOR('',#2424,1.512220046714E-1);
#2426=CARTESIAN_POINT('',(1.604620632628E2,5.367077717439E1,-7.096364997533E0));
#2427=LINE('',#2426,#2425);
#2428=DIRECTION('',(-8.373772116228E-1,5.466254709166E-1,0.E0));
#2429=VECTOR('',#2428,1.524516758732E-1);
#2430=CARTESIAN_POINT('',(1.603769568899E2,5.379577717439E1,-7.096364997533E0));
#2431=LINE('',#2430,#2429);
#2432=DIRECTION('',(-1.E0,-1.669775628090E-13,0.E0));
#2433=VECTOR('',#2432,8.510637283322E-2);
#2434=CARTESIAN_POINT('',(1.602492973307E2,5.387911114351E1,-7.096364997533E0));
#2435=LINE('',#2434,#2433);
#2436=DIRECTION('',(0.E0,-1.E0,0.E0));
#2437=VECTOR('',#2436,8.75E-1);
#2438=CARTESIAN_POINT('',(1.601641909578E2,5.387911114351E1,-7.096364997533E0));
#2439=LINE('',#2438,#2437);
#2440=DIRECTION('',(1.E0,0.E0,0.E0));
#2441=VECTOR('',#2440,4.255318641663E-2);
#2442=CARTESIAN_POINT('',(1.601641909578E2,5.300411114351E1,-7.096364997533E0));
#2443=LINE('',#2442,#2441);
#2444=DIRECTION('',(-1.E0,0.E0,0.E0));
#2445=VECTOR('',#2444,6.300049609489E0);
#2446=CARTESIAN_POINT('',(1.556699938965E2,3.476979926758E1,-7.096364997533E0));
#2447=LINE('',#2446,#2445);
#2448=DIRECTION('',(0.E0,1.E0,0.E0));
#2449=VECTOR('',#2448,1.32964E1);
#2450=CARTESIAN_POINT('',(1.483699442870E2,3.576979926758E1,-7.096364997533E0));
#2451=LINE('',#2450,#2449);
#2452=DIRECTION('',(1.E0,0.E0,0.E0));
#2453=VECTOR('',#2452,6.300049609489E0);
#2454=CARTESIAN_POINT('',(1.493699442870E2,5.006619926758E1,-7.096364997533E0));
#2455=LINE('',#2454,#2453);
#2456=DIRECTION('',(0.E0,-1.E0,0.E0));
#2457=VECTOR('',#2456,1.32964E1);
#2458=CARTESIAN_POINT('',(1.566699938965E2,4.906619926758E1,-7.096364997533E0));
#2459=LINE('',#2458,#2457);
#2460=DIRECTION('',(0.E0,0.E0,1.E0));
#2461=VECTOR('',#2460,3.E0);
#2462=CARTESIAN_POINT('',(1.714804997057E2,2.136800003052E1,1.646443545739E1));
#2463=LINE('',#2462,#2461);
#2464=DIRECTION('',(-1.E0,0.E0,0.E0));
#2465=VECTOR('',#2464,3.463900669208E1);
#2466=CARTESIAN_POINT('',(1.808000030517E2,2.136800003052E1,-7.096364997533E0));
#2467=LINE('',#2466,#2465);
#2468=DIRECTION('',(-1.E0,0.E0,-4.371144151878E-8));
#2469=VECTOR('',#2468,6.000000071549E0);
#2470=CARTESIAN_POINT('',(1.521609961130E2,2.136800003052E1,1.840354921963E-1));
#2471=LINE('',#2470,#2469);
#2472=DIRECTION('',(1.E0,0.E0,4.371137355463E-8));
#2473=VECTOR('',#2472,6.000000071549E0);
#2474=CARTESIAN_POINT('',(1.461609955169E2,2.136800003052E1,1.218403522993E1));
#2475=LINE('',#2474,#2473);
#2476=DIRECTION('',(0.E0,0.E0,-1.E0));
#2477=VECTOR('',#2476,3.E0);
#2478=CARTESIAN_POINT('',(1.554804997057E2,2.136800003052E1,1.946443545739E1));
#2479=LINE('',#2478,#2477);
#2480=CARTESIAN_POINT('',(1.714804997057E2,1.836800003052E1,1.646443545739E1));
#2481=DIRECTION('',(0.E0,0.E0,1.E0));
#2482=DIRECTION('',(0.E0,1.E0,0.E0));
#2483=AXIS2_PLACEMENT_3D('',#2480,#2481,#2482);
#2485=CARTESIAN_POINT('',(1.714804997057E2,1.836800003052E1,1.946443545739E1));
#2486=DIRECTION('',(0.E0,0.E0,-1.E0));
#2487=DIRECTION('',(-1.E0,0.E0,0.E0));
#2488=AXIS2_PLACEMENT_3D('',#2485,#2486,#2487);
#2490=CARTESIAN_POINT('',(1.634804997057E2,1.636800003052E1,1.646443545739E1));
#2491=DIRECTION('',(0.E0,0.E0,-1.E0));
#2492=DIRECTION('',(-1.E0,0.E0,0.E0));
#2493=AXIS2_PLACEMENT_3D('',#2490,#2491,#2492);
#2495=CARTESIAN_POINT('',(1.634804997057E2,1.636800003052E1,1.646443545739E1));
#2496=DIRECTION('',(0.E0,0.E0,-1.E0));
#2497=DIRECTION('',(1.E0,0.E0,0.E0));
#2498=AXIS2_PLACEMENT_3D('',#2495,#2496,#2497);
#2500=CARTESIAN_POINT('',(1.614804997057E2,1.436800003052E1,1.646443545739E1));
#2501=DIRECTION('',(0.E0,0.E0,-1.E0));
#2502=DIRECTION('',(0.E0,-1.E0,0.E0));
#2503=AXIS2_PLACEMENT_3D('',#2500,#2501,#2502);
#2505=CARTESIAN_POINT('',(1.654804997057E2,1.436800003052E1,1.646443545739E1));
#2506=DIRECTION('',(0.E0,0.E0,-1.E0));
#2507=DIRECTION('',(1.E0,-1.776356839400E-14,0.E0));
#2508=AXIS2_PLACEMENT_3D('',#2505,#2506,#2507);
#2510=DIRECTION('',(-1.E0,0.E0,0.E0));
#2511=VECTOR('',#2510,1.6E1);
#2512=CARTESIAN_POINT('',(1.714804997057E2,2.136800003052E1,1.646443545739E1));
#2513=LINE('',#2512,#2511);
#2514=DIRECTION('',(0.E0,-1.E0,0.E0));
#2515=VECTOR('',#2514,4.E0);
#2516=CARTESIAN_POINT('',(1.584804997057E2,1.836800003052E1,1.646443545739E1));
#2517=LINE('',#2516,#2515);
#2518=DIRECTION('',(0.E0,0.E0,1.E0));
#2519=VECTOR('',#2518,3.E0);
#2520=CARTESIAN_POINT('',(1.607304997057E2,1.636800003052E1,1.646443545739E1));
#2521=LINE('',#2520,#2519);
#2522=CARTESIAN_POINT('',(1.634804997057E2,1.636800003052E1,1.946443545739E1));
#2523=DIRECTION('',(0.E0,0.E0,-1.E0));
#2524=DIRECTION('',(-1.E0,0.E0,0.E0));
#2525=AXIS2_PLACEMENT_3D('',#2522,#2523,#2524);
#2527=CARTESIAN_POINT('',(1.634804997057E2,1.636800003052E1,1.946443545739E1));
#2528=DIRECTION('',(0.E0,0.E0,-1.E0));
#2529=DIRECTION('',(1.E0,0.E0,0.E0));
#2530=AXIS2_PLACEMENT_3D('',#2527,#2528,#2529);
#2532=CARTESIAN_POINT('',(1.614804997057E2,1.436800003052E1,1.946443545739E1));
#2533=DIRECTION('',(0.E0,0.E0,1.E0));
#2534=DIRECTION('',(-1.E0,1.894780628694E-14,0.E0));
#2535=AXIS2_PLACEMENT_3D('',#2532,#2533,#2534);
#2537=DIRECTION('',(-1.E0,0.E0,0.E0));
#2538=VECTOR('',#2537,9.319504507051E0);
#2539=CARTESIAN_POINT('',(1.554804997057E2,2.136800003052E1,1.946443545739E1));
#2540=LINE('',#2539,#2538);
#2541=DIRECTION('',(1.E0,0.E0,0.E0));
#2542=VECTOR('',#2541,3.463900837330E1);
#2543=CARTESIAN_POINT('',(1.461609946784E2,6.499200057983E1,1.946443545739E1));
#2544=LINE('',#2543,#2542);
#2545=DIRECTION('',(-1.E0,0.E0,0.E0));
#2546=VECTOR('',#2545,9.319503346041E0);
#2547=CARTESIAN_POINT('',(1.808000030517E2,2.136800003052E1,1.946443545739E1));
#2548=LINE('',#2547,#2546);
#2549=DIRECTION('',(0.E0,-1.E0,0.E0));
#2550=VECTOR('',#2549,4.E0);
#2551=CARTESIAN_POINT('',(1.684804997057E2,1.836800003052E1,1.946443545739E1));
#2552=LINE('',#2551,#2550);
#2553=CARTESIAN_POINT('',(1.654804997057E2,1.436800003052E1,1.946443545739E1));
#2554=DIRECTION('',(0.E0,0.E0,1.E0));
#2555=DIRECTION('',(0.E0,-1.E0,0.E0));
#2556=AXIS2_PLACEMENT_3D('',#2553,#2554,#2555);
#2558=DIRECTION('',(0.E0,0.E0,1.E0));
#2559=VECTOR('',#2558,3.E0);
#2560=CARTESIAN_POINT('',(1.662304997057E2,1.636800003052E1,1.646443545739E1));
#2561=LINE('',#2560,#2559);
#2562=DIRECTION('',(0.E0,0.E0,-1.E0));
#2563=VECTOR('',#2562,3.E0);
#2564=CARTESIAN_POINT('',(1.584804997057E2,1.436800003052E1,1.946443545739E1));
#2565=LINE('',#2564,#2563);
#2566=DIRECTION('',(0.E0,0.E0,-1.E0));
#2567=VECTOR('',#2566,3.E0);
#2568=CARTESIAN_POINT('',(1.584804997057E2,1.836800003052E1,1.946443545739E1));
#2569=LINE('',#2568,#2567);
#2570=DIRECTION('',(0.E0,-1.E0,0.E0));
#2571=VECTOR('',#2570,4.E0);
#2572=CARTESIAN_POINT('',(1.584804997057E2,1.836800003052E1,1.946443545739E1));
#2573=LINE('',#2572,#2571);
#2574=CARTESIAN_POINT('',(1.554804997057E2,1.836800003052E1,1.946443545739E1));
#2575=DIRECTION('',(0.E0,0.E0,-1.E0));
#2576=DIRECTION('',(0.E0,1.E0,0.E0));
#2577=AXIS2_PLACEMENT_3D('',#2574,#2575,#2576);
#2579=CARTESIAN_POINT('',(1.554804997057E2,1.836800003052E1,1.646443545739E1));
#2580=DIRECTION('',(0.E0,0.E0,1.E0));
#2581=DIRECTION('',(1.E0,0.E0,0.E0));
#2582=AXIS2_PLACEMENT_3D('',#2579,#2580,#2581);
#2584=DIRECTION('',(0.E0,0.E0,-1.E0));
#2585=VECTOR('',#2584,3.E0);
#2586=CARTESIAN_POINT('',(1.614804997057E2,1.136800003052E1,1.946443545739E1));
#2587=LINE('',#2586,#2585);
#2588=DIRECTION('',(-1.E0,0.E0,0.E0));
#2589=VECTOR('',#2588,4.E0);
#2590=CARTESIAN_POINT('',(1.654804997057E2,1.136800003052E1,1.946443545739E1));
#2591=LINE('',#2590,#2589);
#2592=DIRECTION('',(0.E0,0.E0,1.E0));
#2593=VECTOR('',#2592,3.E0);
#2594=CARTESIAN_POINT('',(1.654804997057E2,1.136800003052E1,1.646443545739E1));
#2595=LINE('',#2594,#2593);
#2596=DIRECTION('',(1.E0,0.E0,0.E0));
#2597=VECTOR('',#2596,4.E0);
#2598=CARTESIAN_POINT('',(1.614804997057E2,1.136800003052E1,1.646443545739E1));
#2599=LINE('',#2598,#2597);
#2600=DIRECTION('',(0.E0,0.E0,1.E0));
#2601=VECTOR('',#2600,3.E0);
#2602=CARTESIAN_POINT('',(1.684804997057E2,1.436800003052E1,1.646443545739E1));
#2603=LINE('',#2602,#2601);
#2604=DIRECTION('',(0.E0,0.E0,1.E0));
#2605=VECTOR('',#2604,3.E0);
#2606=CARTESIAN_POINT('',(1.684804997057E2,1.836800003052E1,1.646443545739E1));
#2607=LINE('',#2606,#2605);
#2608=DIRECTION('',(0.E0,-1.E0,0.E0));
#2609=VECTOR('',#2608,4.E0);
#2610=CARTESIAN_POINT('',(1.684804997057E2,1.836800003052E1,1.646443545739E1));
#2611=LINE('',#2610,#2609);
#2612=DIRECTION('',(0.E0,1.E0,0.E0));
#2613=VECTOR('',#2612,4.362400054932E1);
#2614=CARTESIAN_POINT('',(1.808000030517E2,2.136800003052E1,-7.096364997533E0));
#2615=LINE('',#2614,#2613);
#2616=DIRECTION('',(0.E0,0.E0,-1.E0));
#2617=VECTOR('',#2616,2.656080045492E1);
#2618=CARTESIAN_POINT('',(1.808000030517E2,2.136800003052E1,1.946443545739E1));
#2619=LINE('',#2618,#2617);
#2620=DIRECTION('',(0.E0,-1.E0,0.E0));
#2621=VECTOR('',#2620,4.362400054932E1);
#2622=CARTESIAN_POINT('',(1.808000030517E2,6.499200057983E1,1.946443545739E1));
#2623=LINE('',#2622,#2621);
#2624=DIRECTION('',(0.E0,0.E0,1.E0));
#2625=VECTOR('',#2624,2.656080045492E1);
#2626=CARTESIAN_POINT('',(1.808000030517E2,6.499200057983E1,-7.096364997533E0));
#2627=LINE('',#2626,#2625);
#2628=DIRECTION('',(0.E0,0.E0,-1.E0));
#2629=VECTOR('',#2628,1.518260031310E1);
#2630=CARTESIAN_POINT('',(1.808000030517E2,6.130890698757E1,1.446443545739E1));
#2631=LINE('',#2630,#2629);
#2632=DIRECTION('',(0.E0,1.E0,0.E0));
#2633=VECTOR('',#2632,3.4258E1);
#2634=CARTESIAN_POINT('',(1.808000030517E2,2.605090698757E1,1.546443545739E1));
#2635=LINE('',#2634,#2633);
#2636=DIRECTION('',(0.E0,0.E0,1.E0));
#2637=VECTOR('',#2636,1.518260031310E1);
#2638=CARTESIAN_POINT('',(1.808000030517E2,2.505090698757E1,
-7.181648557072E-1));
#2639=LINE('',#2638,#2637);
#2640=DIRECTION('',(0.E0,-1.E0,0.E0));
#2641=VECTOR('',#2640,3.4258E1);
#2642=CARTESIAN_POINT('',(1.808000030517E2,6.030890698757E1,-1.718164855707E0));
#2643=LINE('',#2642,#2641);
#2644=DIRECTION('',(1.E0,0.E0,0.E0));
#2645=VECTOR('',#2644,3.E0);
#2646=CARTESIAN_POINT('',(1.778000030517E2,6.130890698757E1,
-7.181648557072E-1));
#2647=LINE('',#2646,#2645);
#2648=DIRECTION('',(1.E0,0.E0,0.E0));
#2649=VECTOR('',#2648,3.E0);
#2650=CARTESIAN_POINT('',(1.778000030517E2,6.130890698757E1,1.446443545739E1));
#2651=LINE('',#2650,#2649);
#2652=CARTESIAN_POINT('',(1.778000030517E2,6.030890698757E1,
-7.181648557072E-1));
#2653=DIRECTION('',(1.E0,0.E0,0.E0));
#2654=DIRECTION('',(0.E0,0.E0,-1.E0));
#2655=AXIS2_PLACEMENT_3D('',#2652,#2653,#2654);
#2657=CARTESIAN_POINT('',(1.808000030517E2,6.030890698757E1,
-7.181648557072E-1));
#2658=DIRECTION('',(-1.E0,0.E0,0.E0));
#2659=DIRECTION('',(0.E0,1.E0,0.E0));
#2660=AXIS2_PLACEMENT_3D('',#2657,#2658,#2659);
#2662=DIRECTION('',(1.E0,0.E0,0.E0));
#2663=VECTOR('',#2662,3.E0);
#2664=CARTESIAN_POINT('',(1.778000030517E2,6.030890698757E1,-1.718164855707E0));
#2665=LINE('',#2664,#2663);
#2666=DIRECTION('',(1.E0,0.E0,0.E0));
#2667=VECTOR('',#2666,3.E0);
#2668=CARTESIAN_POINT('',(1.778000030517E2,2.605090698757E1,-1.718164855707E0));
#2669=LINE('',#2668,#2667);
#2670=CARTESIAN_POINT('',(1.778000030517E2,2.605090698757E1,
-7.181648557072E-1));
#2671=DIRECTION('',(1.E0,0.E0,0.E0));
#2672=DIRECTION('',(0.E0,-1.E0,0.E0));
#2673=AXIS2_PLACEMENT_3D('',#2670,#2671,#2672);
#2675=CARTESIAN_POINT('',(1.808000030517E2,2.605090698757E1,
-7.181648557072E-1));
#2676=DIRECTION('',(-1.E0,0.E0,0.E0));
#2677=DIRECTION('',(0.E0,0.E0,-1.E0));
#2678=AXIS2_PLACEMENT_3D('',#2675,#2676,#2677);
#2680=DIRECTION('',(1.E0,0.E0,0.E0));
#2681=VECTOR('',#2680,3.E0);
#2682=CARTESIAN_POINT('',(1.778000030517E2,2.505090698757E1,
-7.181648557072E-1));
#2683=LINE('',#2682,#2681);
#2684=DIRECTION('',(1.E0,0.E0,0.E0));
#2685=VECTOR('',#2684,3.E0);
#2686=CARTESIAN_POINT('',(1.778000030517E2,2.505090698757E1,1.446443545739E1));
#2687=LINE('',#2686,#2685);
#2688=CARTESIAN_POINT('',(1.778000030517E2,2.605090698757E1,1.446443545739E1));
#2689=DIRECTION('',(1.E0,0.E0,0.E0));
#2690=DIRECTION('',(0.E0,0.E0,1.E0));
#2691=AXIS2_PLACEMENT_3D('',#2688,#2689,#2690);
#2693=CARTESIAN_POINT('',(1.808000030517E2,2.605090698757E1,1.446443545739E1));
#2694=DIRECTION('',(-1.E0,0.E0,0.E0));
#2695=DIRECTION('',(0.E0,-1.E0,0.E0));
#2696=AXIS2_PLACEMENT_3D('',#2693,#2694,#2695);
#2698=DIRECTION('',(1.E0,0.E0,0.E0));
#2699=VECTOR('',#2698,3.E0);
#2700=CARTESIAN_POINT('',(1.778000030517E2,6.030890698757E1,1.546443545739E1));
#2701=LINE('',#2700,#2699);
#2702=DIRECTION('',(1.E0,0.E0,0.E0));
#2703=VECTOR('',#2702,3.E0);
#2704=CARTESIAN_POINT('',(1.778000030517E2,2.605090698757E1,1.546443545739E1));
#2705=LINE('',#2704,#2703);
#2706=CARTESIAN_POINT('',(1.778000030517E2,6.030890698757E1,1.446443545739E1));
#2707=DIRECTION('',(1.E0,0.E0,0.E0));
#2708=DIRECTION('',(0.E0,1.E0,0.E0));
#2709=AXIS2_PLACEMENT_3D('',#2706,#2707,#2708);
#2711=CARTESIAN_POINT('',(1.808000030517E2,6.030890698757E1,1.446443545739E1));
#2712=DIRECTION('',(-1.E0,0.E0,0.E0));
#2713=DIRECTION('',(0.E0,0.E0,1.E0));
#2714=AXIS2_PLACEMENT_3D('',#2711,#2712,#2713);
#2716=CARTESIAN_POINT('',(1.481609959779E2,1.836799998282E1,3.184035320112E0));
#2717=CARTESIAN_POINT('',(1.484845682330E2,1.861067917974E1,3.184035334256E0));
#2718=CARTESIAN_POINT('',(1.490939623510E2,1.906772474183E1,3.125953457835E0));
#2719=CARTESIAN_POINT('',(1.498945422155E2,1.966815966094E1,2.911062041753E0));
#2720=CARTESIAN_POINT('',(1.505831570091E2,2.018462075386E1,2.595872818504E0));
#2721=CARTESIAN_POINT('',(1.511575856723E2,2.061544224909E1,2.199084891111E0));
#2722=CARTESIAN_POINT('',(1.516120967988E2,2.095632558630E1,1.736209463309E0));
#2723=CARTESIAN_POINT('',(1.519369959235E2,2.119999991869E1,1.224759954934E0));
#2724=CARTESIAN_POINT('',(1.521225210279E2,2.133914373295E1,6.990035056816E-1));
#2725=CARTESIAN_POINT('',(1.521609961055E2,2.136800003052E1,3.554591836159E-1));
#2726=CARTESIAN_POINT('',(1.521609961130E2,2.136800003052E1,1.840354921963E-1));
#2728=CARTESIAN_POINT('',(1.461609960536E2,1.836800003052E1,1.840352299278E-1));
#2729=DIRECTION('',(1.E0,0.E0,4.371140766147E-8));
#2730=DIRECTION('',(0.E0,1.E0,-2.019958274720E-13));
#2731=AXIS2_PLACEMENT_3D('',#2728,#2729,#2730);
#2733=DIRECTION('',(1.E0,1.192486198676E-8,4.371140738257E-8));
#2734=VECTOR('',#2733,2.E0);
#2735=CARTESIAN_POINT('',(1.461609959938E2,1.436799965323E1,3.184035229928E0));
#2736=LINE('',#2735,#2734);
#2737=DIRECTION('',(-1.E0,2.384972004159E-8,-4.509216173145E-8));
#2738=VECTOR('',#2737,2.000000031800E0);
#2739=CARTESIAN_POINT('',(1.481609959779E2,1.836799998282E1,3.184035320112E0));
#2740=LINE('',#2739,#2738);
#2741=DIRECTION('',(1.E0,1.192486198676E-8,4.371140871484E-8));
#2742=VECTOR('',#2741,2.E0);
#2743=CARTESIAN_POINT('',(1.461609957315E2,1.436799965323E1,9.184035229928E0));
#2744=LINE('',#2743,#2742);
#2745=DIRECTION('',(1.E0,-2.384972219716E-8,4.371140871484E-8));
#2746=VECTOR('',#2745,2.E0);
#2747=CARTESIAN_POINT('',(1.461609956838E2,1.836800003052E1,9.184035229928E0));
#2748=LINE('',#2747,#2746);
#2749=CARTESIAN_POINT('',(1.461609955291E2,1.836800003052E1,1.218403522993E1));
#2750=DIRECTION('',(1.E0,0.E0,4.371140765486E-8));
#2751=DIRECTION('',(4.371140486607E-8,-3.907985046681E-14,-1.E0));
#2752=AXIS2_PLACEMENT_3D('',#2749,#2750,#2751);
#2754=CARTESIAN_POINT('',(1.521609955884E2,2.136800003052E1,1.218403549220E1));
#2755=CARTESIAN_POINT('',(1.521609956030E2,2.136800003052E1,1.185070215131E1));
#2756=CARTESIAN_POINT('',(1.520343275739E2,2.127299898982E1,1.134237053254E1));
#2757=CARTESIAN_POINT('',(1.517063964494E2,2.102705062154E1,1.075228444451E1));
#2758=CARTESIAN_POINT('',(1.512825310856E2,2.070915157598E1,1.028211614827E1));
#2759=CARTESIAN_POINT('',(1.506219660928E2,2.021372780344E1,9.774489047097E0));
#2760=CARTESIAN_POINT('',(1.496405047639E2,1.947763177549E1,9.334649018481E0));
#2761=CARTESIAN_POINT('',(1.486943290248E2,1.876799995003E1,9.184035327944E0));
#2762=CARTESIAN_POINT('',(1.481609956838E2,1.836799993512E1,9.184035317351E0));
#2764=DIRECTION('',(4.371140486607E-8,0.E0,-1.E0));
#2765=VECTOR('',#2764,1.2E1);
#2766=CARTESIAN_POINT('',(1.521609955884E2,2.136800003052E1,1.218403549220E1));
#2767=LINE('',#2766,#2765);
#2768=DIRECTION('',(0.E0,0.E0,1.E0));
#2769=VECTOR('',#2768,1.E0);
#2770=CARTESIAN_POINT('',(1.704661756012E2,3.264794764488E1,-7.096364997533E0));
#2771=LINE('',#2770,#2769);
#2772=DIRECTION('',(0.E0,0.E0,1.E0));
#2773=VECTOR('',#2772,1.E0);
#2774=CARTESIAN_POINT('',(1.704661756012E2,3.199669764488E1,-7.096364997533E0));
#2775=LINE('',#2774,#2773);
#2776=DIRECTION('',(0.E0,0.E0,1.E0));
#2777=VECTOR('',#2776,1.E0);
#2778=CARTESIAN_POINT('',(1.756761756012E2,3.199669764488E1,-7.096364997533E0));
#2779=LINE('',#2778,#2777);
#2780=DIRECTION('',(0.E0,0.E0,1.E0));
#2781=VECTOR('',#2780,1.E0);
#2782=CARTESIAN_POINT('',(1.756761756012E2,3.264794764488E1,-7.096364997533E0));
#2783=LINE('',#2782,#2781);
#2784=DIRECTION('',(1.E0,0.E0,0.E0));
#2785=VECTOR('',#2784,5.21E0);
#2786=CARTESIAN_POINT('',(1.704661756012E2,3.264794764488E1,-6.096364997533E0));
#2787=LINE('',#2786,#2785);
#2788=DIRECTION('',(0.E0,1.E0,0.E0));
#2789=VECTOR('',#2788,6.5125E-1);
#2790=CARTESIAN_POINT('',(1.704661756012E2,3.199669764488E1,-6.096364997533E0));
#2791=LINE('',#2790,#2789);
#2792=DIRECTION('',(-1.E0,0.E0,0.E0));
#2793=VECTOR('',#2792,5.21E0);
#2794=CARTESIAN_POINT('',(1.756761756012E2,3.199669764488E1,-6.096364997533E0));
#2795=LINE('',#2794,#2793);
#2796=DIRECTION('',(0.E0,-1.E0,0.E0));
#2797=VECTOR('',#2796,6.5125E-1);
#2798=CARTESIAN_POINT('',(1.756761756012E2,3.264794764488E1,-6.096364997533E0));
#2799=LINE('',#2798,#2797);
#2800=DIRECTION('',(1.E0,0.E0,0.E0));
#2801=VECTOR('',#2800,4.544893696308E0);
#2802=CARTESIAN_POINT('',(1.704661756012E2,3.416753092645E1,-6.096364997533E0));
#2803=LINE('',#2802,#2801);
#2804=DIRECTION('',(0.E0,1.E0,0.E0));
#2805=VECTOR('',#2804,6.5125E-1);
#2806=CARTESIAN_POINT('',(1.704661756012E2,3.351628092645E1,-6.096364997533E0));
#2807=LINE('',#2806,#2805);
#2808=DIRECTION('',(-1.E0,0.E0,0.E0));
#2809=VECTOR('',#2808,5.21E0);
#2810=CARTESIAN_POINT('',(1.756761756012E2,3.351628092645E1,-6.096364997533E0));
#2811=LINE('',#2810,#2809);
#2812=DIRECTION('',(0.E0,-1.E0,0.E0));
#2813=VECTOR('',#2812,9.76875E-1);
#2814=CARTESIAN_POINT('',(1.756761756012E2,3.449315592645E1,-6.096364997533E0));
#2815=LINE('',#2814,#2813);
#2816=DIRECTION('',(8.529522188910E-1,-5.219889963294E-1,0.E0));
#2817=VECTOR('',#2816,5.198465365180E0);
#2818=CARTESIAN_POINT('',(1.712421330332E2,3.720669764488E1,-6.096364997533E0));
#2819=LINE('',#2818,#2817);
#2820=DIRECTION('',(-1.E0,0.E0,0.E0));
#2821=VECTOR('',#2820,4.434042568058E0);
#2822=CARTESIAN_POINT('',(1.756761756012E2,3.720669764488E1,-6.096364997533E0));
#2823=LINE('',#2822,#2821);
#2824=DIRECTION('',(0.E0,-1.E0,0.E0));
#2825=VECTOR('',#2824,6.5125E-1);
#2826=CARTESIAN_POINT('',(1.756761756012E2,3.785794764488E1,-6.096364997533E0));
#2827=LINE('',#2826,#2825);
#2828=DIRECTION('',(1.E0,0.E0,0.E0));
#2829=VECTOR('',#2828,5.21E0);
#2830=CARTESIAN_POINT('',(1.704661756012E2,3.785794764488E1,-6.096364997533E0));
#2831=LINE('',#2830,#2829);
#2832=DIRECTION('',(0.E0,1.E0,0.E0));
#2833=VECTOR('',#2832,9.76875E-1);
#2834=CARTESIAN_POINT('',(1.704661756012E2,3.688107264488E1,-6.096364997533E0));
#2835=LINE('',#2834,#2833);
#2836=DIRECTION('',(-8.586072809584E-1,5.126339211223E-1,0.E0));
#2837=VECTOR('',#2836,5.293332350076E0);
#2838=CARTESIAN_POINT('',(1.750110692975E2,3.416753092645E1,-6.096364997533E0));
#2839=LINE('',#2838,#2837);
#2840=DIRECTION('',(-2.001232084928E-1,-9.797707392153E-1,0.E0));
#2841=VECTOR('',#2840,5.539140185199E-1);
#2842=CARTESIAN_POINT('',(1.756761756012E2,4.567294764488E1,-6.096364997533E0));
#2843=LINE('',#2842,#2841);
#2844=DIRECTION('',(0.E0,-1.E0,0.E0));
#2845=VECTOR('',#2844,8.683337473869E-1);
#2846=CARTESIAN_POINT('',(1.756761756012E2,4.654128139226E1,-6.096364997533E0));
#2847=LINE('',#2846,#2845);
#2848=DIRECTION('',(2.001236481947E-1,-9.797706494039E-1,0.E0));
#2849=VECTOR('',#2848,5.539128014871E-1);
#2850=CARTESIAN_POINT('',(1.755653245506E2,4.708398889749E1,-6.096364997533E0));
#2851=LINE('',#2850,#2849);
#2852=DIRECTION('',(4.547764255314E-1,-8.906056381929E-1,0.E0));
#2853=VECTOR('',#2852,4.874969078961E-1);
#2854=CARTESIAN_POINT('',(1.753436224494E2,4.751815639226E1,-6.096364997533E0));
#2855=LINE('',#2854,#2853);
#2856=DIRECTION('',(7.145107183351E-1,-6.996244945571E-1,0.E0));
#2857=VECTOR('',#2856,6.205704002515E-1);
#2858=CARTESIAN_POINT('',(1.749002182469E2,4.795232264488E1,-6.096364997533E0));
#2859=LINE('',#2858,#2857);
#2860=DIRECTION('',(8.981377659536E-1,-4.397141723527E-1,0.E0));
#2861=VECTOR('',#2860,4.936928601265E-1);
#2862=CARTESIAN_POINT('',(1.744568140445E2,4.816940639226E1,-6.096364997533E0));
#2863=LINE('',#2862,#2861);
#2864=DIRECTION('',(9.813592930674E-1,-1.921820436730E-1,0.E0));
#2865=VECTOR('',#2864,5.647835278396E-1);
#2866=CARTESIAN_POINT('',(1.739025584809E2,4.827794764488E1,-6.096364997533E0));
#2867=LINE('',#2866,#2865);
#2868=DIRECTION('',(1.E0,0.E0,0.E0));
#2869=VECTOR('',#2868,1.662765914500E0);
#2870=CARTESIAN_POINT('',(1.722397925664E2,4.827794764488E1,-6.096364997533E0));
#2871=LINE('',#2870,#2869);
#2872=DIRECTION('',(9.813592727596E-1,1.921821473726E-1,0.E0));
#2873=VECTOR('',#2872,5.647832230881E-1);
#2874=CARTESIAN_POINT('',(1.716855373133E2,4.816940639226E1,-6.096364997533E0));
#2875=LINE('',#2874,#2873);
#2876=DIRECTION('',(8.981377963584E-1,4.397141102494E-1,0.E0));
#2877=VECTOR('',#2876,4.936929298534E-1);
#2878=CARTESIAN_POINT('',(1.712421330332E2,4.795232264488E1,-6.096364997533E0));
#2879=LINE('',#2878,#2877);
#2880=DIRECTION('',(7.145107489524E-1,6.996244632883E-1,0.E0));
#2881=VECTOR('',#2880,6.205704279871E-1);
#2882=CARTESIAN_POINT('',(1.707987287919E2,4.751815639226E1,-6.096364997533E0));
#2883=LINE('',#2882,#2881);
#2884=DIRECTION('',(4.547764728997E-1,8.906056140048E-1,0.E0));
#2885=VECTOR('',#2884,4.874969211361E-1);
#2886=CARTESIAN_POINT('',(1.705770266616E2,4.708398889749E1,-6.096364997533E0));
#2887=LINE('',#2886,#2885);
#2888=DIRECTION('',(2.001236650126E-1,9.797706459687E-1,0.E0));
#2889=VECTOR('',#2888,5.539128034292E-1);
#2890=CARTESIAN_POINT('',(1.704661756012E2,4.654128139226E1,-6.096364997533E0));
#2891=LINE('',#2890,#2889);
#2892=DIRECTION('',(3.273131962904E-14,1.E0,0.E0));
#2893=VECTOR('',#2892,8.683337473869E-1);
#2894=CARTESIAN_POINT('',(1.704661756012E2,4.567294764488E1,-6.096364997533E0));
#2895=LINE('',#2894,#2893);
#2896=DIRECTION('',(-2.001232253108E-1,9.797707357802E-1,0.E0));
#2897=VECTOR('',#2896,5.539140204619E-1);
#2898=CARTESIAN_POINT('',(1.705770266616E2,4.513023889749E1,-6.096364997533E0));
#2899=LINE('',#2898,#2897);
#2900=DIRECTION('',(-4.547775049247E-1,8.906050870136E-1,0.E0));
#2901=VECTOR('',#2900,4.874958148610E-1);
#2902=CARTESIAN_POINT('',(1.707987287919E2,4.469607264488E1,-6.096364997533E0));
#2903=LINE('',#2902,#2901);
#2904=DIRECTION('',(-7.145107489524E-1,6.996244632883E-1,0.E0));
#2905=VECTOR('',#2904,6.205704279871E-1);
#2906=CARTESIAN_POINT('',(1.712421330332E2,4.426190639226E1,-6.096364997533E0));
#2907=LINE('',#2906,#2905);
#2908=DIRECTION('',(-8.981377963584E-1,4.397141102494E-1,0.E0));
#2909=VECTOR('',#2908,4.936929298534E-1);
#2910=CARTESIAN_POINT('',(1.716855373133E2,4.404482264488E1,-6.096364997533E0));
#2911=LINE('',#2910,#2909);
#2912=DIRECTION('',(-9.813592727596E-1,1.921821473726E-1,0.E0));
#2913=VECTOR('',#2912,5.647832230881E-1);
#2914=CARTESIAN_POINT('',(1.722397925664E2,4.393628139226E1,-6.096364997533E0));
#2915=LINE('',#2914,#2913);
#2916=DIRECTION('',(-1.E0,0.E0,0.E0));
#2917=VECTOR('',#2916,1.662765914500E0);
#2918=CARTESIAN_POINT('',(1.739025584809E2,4.393628139226E1,-6.096364997533E0));
#2919=LINE('',#2918,#2917);
#2920=DIRECTION('',(-9.813592930674E-1,-1.921820436730E-1,0.E0));
#2921=VECTOR('',#2920,5.647835278396E-1);
#2922=CARTESIAN_POINT('',(1.744568140445E2,4.404482264488E1,-6.096364997533E0));
#2923=LINE('',#2922,#2921);
#2924=DIRECTION('',(-8.981377659536E-1,-4.397141723527E-1,0.E0));
#2925=VECTOR('',#2924,4.936928601265E-1);
#2926=CARTESIAN_POINT('',(1.749002182469E2,4.426190639226E1,-6.096364997533E0));
#2927=LINE('',#2926,#2925);
#2928=DIRECTION('',(-7.145107183351E-1,-6.996244945571E-1,0.E0));
#2929=VECTOR('',#2928,6.205704002515E-1);
#2930=CARTESIAN_POINT('',(1.753436224494E2,4.469607264488E1,-6.096364997533E0));
#2931=LINE('',#2930,#2929);
#2932=DIRECTION('',(-4.547774575563E-1,-8.906051112017E-1,0.E0));
#2933=VECTOR('',#2932,4.874958016210E-1);
#2934=CARTESIAN_POINT('',(1.755653245506E2,4.513023889749E1,-6.096364997533E0));
#2935=LINE('',#2934,#2933);
#2936=DIRECTION('',(0.E0,1.E0,0.E0));
#2937=VECTOR('',#2936,8.683337473869E-1);
#2938=CARTESIAN_POINT('',(1.750110692975E2,4.567294764488E1,-6.096364997533E0));
#2939=LINE('',#2938,#2937);
#2940=DIRECTION('',(2.473834390652E-1,9.689176611437E-1,0.E0));
#2941=VECTOR('',#2940,4.480940641546E-1);
#2942=CARTESIAN_POINT('',(1.749002182469E2,4.523878139226E1,-6.096364997533E0));
#2943=LINE('',#2942,#2941);
#2944=DIRECTION('',(5.627909312418E-1,8.265992787996E-1,0.E0));
#2945=VECTOR('',#2944,3.939333221690E-1);
#2946=CARTESIAN_POINT('',(1.746785161457E2,4.491315639226E1,-6.096364997533E0));
#2947=LINE('',#2946,#2945);
#2948=DIRECTION('',(8.373788769559E-1,5.466229197794E-1,0.E0));
#2949=VECTOR('',#2948,3.971361966940E-1);
#2950=CARTESIAN_POINT('',(1.743459626833E2,4.469607264488E1,-6.096364997533E0));
#2951=LINE('',#2950,#2949);
#2952=DIRECTION('',(9.713213633444E-1,2.377704967206E-1,0.E0));
#2953=VECTOR('',#2952,4.564958819958E-1);
#2954=CARTESIAN_POINT('',(1.739025584809E2,4.458753139226E1,-6.096364997533E0));
#2955=LINE('',#2954,#2953);
#2956=DIRECTION('',(1.E0,0.E0,0.E0));
#2957=VECTOR('',#2956,1.662765914500E0);
#2958=CARTESIAN_POINT('',(1.722397925664E2,4.458753139226E1,-6.096364997533E0));
#2959=LINE('',#2958,#2957);
#2960=DIRECTION('',(9.713213633444E-1,-2.377704967206E-1,0.E0));
#2961=VECTOR('',#2960,4.564958819958E-1);
#2962=CARTESIAN_POINT('',(1.717963883639E2,4.469607264488E1,-6.096364997533E0));
#2963=LINE('',#2962,#2961);
#2964=DIRECTION('',(8.373786433120E-1,-5.466232777014E-1,0.E0));
#2965=VECTOR('',#2964,3.971359366542E-1);
#2966=CARTESIAN_POINT('',(1.714638352120E2,4.491315639226E1,-6.096364997533E0));
#2967=LINE('',#2966,#2965);
#2968=DIRECTION('',(5.627910658975E-1,-8.265991871191E-1,0.E0));
#2969=VECTOR('',#2968,3.939333658613E-1);
#2970=CARTESIAN_POINT('',(1.712421330332E2,4.523878139226E1,-6.096364997533E0));
#2971=LINE('',#2970,#2969);
#2972=DIRECTION('',(2.473834390653E-1,-9.689176611437E-1,0.E0));
#2973=VECTOR('',#2972,4.480940641546E-1);
#2974=CARTESIAN_POINT('',(1.711312819826E2,4.567294764488E1,-6.096364997533E0));
#2975=LINE('',#2974,#2973);
#2976=DIRECTION('',(0.E0,-1.E0,0.E0));
#2977=VECTOR('',#2976,8.683337473869E-1);
#2978=CARTESIAN_POINT('',(1.711312819826E2,4.654128139226E1,-6.096364997533E0));
#2979=LINE('',#2978,#2977);
#2980=DIRECTION('',(-2.473834390653E-1,-9.689176611437E-1,0.E0));
#2981=VECTOR('',#2980,4.480940641546E-1);
#2982=CARTESIAN_POINT('',(1.712421330332E2,4.697544764488E1,-6.096364997533E0));
#2983=LINE('',#2982,#2981);
#2984=DIRECTION('',(-5.627910658975E-1,-8.265991871191E-1,0.E0));
#2985=VECTOR('',#2984,3.939333658613E-1);
#2986=CARTESIAN_POINT('',(1.714638352120E2,4.730107264488E1,-6.096364997533E0));
#2987=LINE('',#2986,#2985);
#2988=DIRECTION('',(-8.373786433120E-1,-5.466232777013E-1,0.E0));
#2989=VECTOR('',#2988,3.971359366542E-1);
#2990=CARTESIAN_POINT('',(1.717963883639E2,4.751815639226E1,-6.096364997533E0));
#2991=LINE('',#2990,#2989);
#2992=DIRECTION('',(-9.713213633444E-1,-2.377704967207E-1,0.E0));
#2993=VECTOR('',#2992,4.564958819958E-1);
#2994=CARTESIAN_POINT('',(1.722397925664E2,4.762669764488E1,-6.096364997533E0));
#2995=LINE('',#2994,#2993);
#2996=DIRECTION('',(-1.E0,0.E0,0.E0));
#2997=VECTOR('',#2996,1.662765914500E0);
#2998=CARTESIAN_POINT('',(1.739025584809E2,4.762669764488E1,-6.096364997533E0));
#2999=LINE('',#2998,#2997);
#3000=DIRECTION('',(-9.713213633444E-1,2.377704967207E-1,0.E0));
#3001=VECTOR('',#3000,4.564958819958E-1);
#3002=CARTESIAN_POINT('',(1.743459626833E2,4.751815639226E1,-6.096364997533E0));
#3003=LINE('',#3002,#3001);
#3004=DIRECTION('',(-8.373788769559E-1,5.466229197794E-1,0.E0));
#3005=VECTOR('',#3004,3.971361966940E-1);
#3006=CARTESIAN_POINT('',(1.746785161457E2,4.730107264488E1,-6.096364997533E0));
#3007=LINE('',#3006,#3005);
#3008=DIRECTION('',(-5.627909312418E-1,8.265992787996E-1,0.E0));
#3009=VECTOR('',#3008,3.939333221690E-1);
#3010=CARTESIAN_POINT('',(1.749002182469E2,4.697544764488E1,-6.096364997533E0));
#3011=LINE('',#3010,#3009);
#3012=DIRECTION('',(-2.473834390652E-1,9.689176611437E-1,0.E0));
#3013=VECTOR('',#3012,4.480940641546E-1);
#3014=CARTESIAN_POINT('',(1.750110692975E2,4.654128139226E1,-6.096364997533E0));
#3015=LINE('',#3014,#3013);
#3016=DIRECTION('',(1.E0,0.E0,0.E0));
#3017=VECTOR('',#3016,3.436383034885E0);
#3018=CARTESIAN_POINT('',(1.722397925664E2,5.305378015010E1,-6.096364997533E0));
#3019=LINE('',#3018,#3017);
#3020=DIRECTION('',(9.813596875559E-1,1.921800292438E-1,0.E0));
#3021=VECTOR('',#3020,5.647829843683E-1);
#3022=CARTESIAN_POINT('',(1.716855373133E2,5.294524013965E1,-6.096364997533E0));
#3023=LINE('',#3022,#3021);
#3024=DIRECTION('',(8.981377963584E-1,4.397141102494E-1,0.E0));
#3025=VECTOR('',#3024,4.936929298534E-1);
#3026=CARTESIAN_POINT('',(1.712421330332E2,5.272815639226E1,-6.096364997533E0));
#3027=LINE('',#3026,#3025);
#3028=DIRECTION('',(7.145097483531E-1,6.996254851765E-1,0.E0));
#3029=VECTOR('',#3028,6.205712970338E-1);
#3030=CARTESIAN_POINT('',(1.707987287919E2,5.229398889749E1,-6.096364997533E0));
#3031=LINE('',#3030,#3029);
#3032=DIRECTION('',(4.547775049247E-1,8.906050870136E-1,0.E0));
#3033=VECTOR('',#3032,4.874958148610E-1);
#3034=CARTESIAN_POINT('',(1.705770266616E2,5.185982264488E1,-6.096364997533E0));
#3035=LINE('',#3034,#3033);
#3036=DIRECTION('',(2.001232253107E-1,9.797707357802E-1,0.E0));
#3037=VECTOR('',#3036,5.539140204619E-1);
#3038=CARTESIAN_POINT('',(1.704661756012E2,5.131711389749E1,-6.096364997533E0));
#3039=LINE('',#3038,#3037);
#3040=DIRECTION('',(6.546273290323E-14,1.E0,0.E0));
#3041=VECTOR('',#3040,4.341662526131E-1);
#3042=CARTESIAN_POINT('',(1.704661756012E2,5.088294764488E1,-6.096364997533E0));
#3043=LINE('',#3042,#3041);
#3044=DIRECTION('',(-2.001232253108E-1,9.797707357802E-1,0.E0));
#3045=VECTOR('',#3044,5.539140204619E-1);
#3046=CARTESIAN_POINT('',(1.705770266616E2,5.034023889749E1,-6.096364997533E0));
#3047=LINE('',#3046,#3045);
#3048=DIRECTION('',(-4.547775049247E-1,8.906050870136E-1,0.E0));
#3049=VECTOR('',#3048,4.874958148610E-1);
#3050=CARTESIAN_POINT('',(1.707987287919E2,4.990607264488E1,-6.096364997533E0));
#3051=LINE('',#3050,#3049);
#3052=DIRECTION('',(-7.145107489524E-1,6.996244632883E-1,0.E0));
#3053=VECTOR('',#3052,6.205704279871E-1);
#3054=CARTESIAN_POINT('',(1.712421330332E2,4.947190639226E1,-6.096364997533E0));
#3055=LINE('',#3054,#3053);
#3056=DIRECTION('',(-8.981377963584E-1,4.397141102494E-1,0.E0));
#3057=VECTOR('',#3056,4.936929298534E-1);
#3058=CARTESIAN_POINT('',(1.716855373133E2,4.925482264488E1,-6.096364997533E0));
#3059=LINE('',#3058,#3057);
#3060=DIRECTION('',(-9.813592727596E-1,1.921821473726E-1,0.E0));
#3061=VECTOR('',#3060,5.647832230881E-1);
#3062=CARTESIAN_POINT('',(1.722397925664E2,4.914628139226E1,-6.096364997533E0));
#3063=LINE('',#3062,#3061);
#3064=DIRECTION('',(-1.E0,0.E0,0.E0));
#3065=VECTOR('',#3064,3.436383034885E0);
#3066=CARTESIAN_POINT('',(1.756761756012E2,4.914628139226E1,-6.096364997533E0));
#3067=LINE('',#3066,#3065);
#3068=DIRECTION('',(0.E0,-1.E0,0.E0));
#3069=VECTOR('',#3068,6.5125E-1);
#3070=CARTESIAN_POINT('',(1.756761756012E2,4.979753139226E1,-6.096364997533E0));
#3071=LINE('',#3070,#3069);
#3072=DIRECTION('',(1.E0,0.E0,0.E0));
#3073=VECTOR('',#3072,3.436383034885E0);
#3074=CARTESIAN_POINT('',(1.722397925664E2,4.979753139226E1,-6.096364997533E0));
#3075=LINE('',#3074,#3073);
#3076=DIRECTION('',(9.713213633444E-1,-2.377704967207E-1,0.E0));
#3077=VECTOR('',#3076,4.564958819958E-1);
#3078=CARTESIAN_POINT('',(1.717963883639E2,4.990607264488E1,-6.096364997533E0));
#3079=LINE('',#3078,#3077);
#3080=DIRECTION('',(8.373786433120E-1,-5.466232777013E-1,0.E0));
#3081=VECTOR('',#3080,3.971359366542E-1);
#3082=CARTESIAN_POINT('',(1.714638352120E2,5.012315639226E1,-6.096364997533E0));
#3083=LINE('',#3082,#3081);
#3084=DIRECTION('',(5.627910658975E-1,-8.265991871191E-1,0.E0));
#3085=VECTOR('',#3084,3.939333658613E-1);
#3086=CARTESIAN_POINT('',(1.712421330332E2,5.044878139226E1,-6.096364997533E0));
#3087=LINE('',#3086,#3085);
#3088=DIRECTION('',(2.473834390653E-1,-9.689176611437E-1,0.E0));
#3089=VECTOR('',#3088,4.480940641546E-1);
#3090=CARTESIAN_POINT('',(1.711312819826E2,5.088294764488E1,-6.096364997533E0));
#3091=LINE('',#3090,#3089);
#3092=DIRECTION('',(0.E0,-1.E0,0.E0));
#3093=VECTOR('',#3092,4.341662526131E-1);
#3094=CARTESIAN_POINT('',(1.711312819826E2,5.131711389749E1,-6.096364997533E0));
#3095=LINE('',#3094,#3093);
#3096=DIRECTION('',(-2.473827746112E-1,-9.689178307915E-1,0.E0));
#3097=VECTOR('',#3096,4.480952677063E-1);
#3098=CARTESIAN_POINT('',(1.712421330332E2,5.175128139226E1,-6.096364997533E0));
#3099=LINE('',#3098,#3097);
#3100=DIRECTION('',(-5.627910658975E-1,-8.265991871191E-1,0.E0));
#3101=VECTOR('',#3100,3.939333658613E-1);
#3102=CARTESIAN_POINT('',(1.714638352120E2,5.207690639226E1,-6.096364997533E0));
#3103=LINE('',#3102,#3101);
#3104=DIRECTION('',(-8.373800750004E-1,-5.466210844747E-1,0.E0));
#3105=VECTOR('',#3104,3.971352576616E-1);
#3106=CARTESIAN_POINT('',(1.717963883639E2,5.229398889749E1,-6.096364997533E0));
#3107=LINE('',#3106,#3105);
#3108=DIRECTION('',(-9.713207349042E-1,-2.377730639603E-1,0.E0));
#3109=VECTOR('',#3108,4.564961773466E-1);
#3110=CARTESIAN_POINT('',(1.722397925664E2,5.240253139226E1,-6.096364997533E0));
#3111=LINE('',#3110,#3109);
#3112=DIRECTION('',(-1.E0,0.E0,0.E0));
#3113=VECTOR('',#3112,3.436383034885E0);
#3114=CARTESIAN_POINT('',(1.756761756012E2,5.240253139226E1,-6.096364997533E0));
#3115=LINE('',#3114,#3113);
#3116=DIRECTION('',(0.E0,-1.E0,0.E0));
#3117=VECTOR('',#3116,6.512487578392E-1);
#3118=CARTESIAN_POINT('',(1.756761756012E2,5.305378015010E1,-6.096364997533E0));
#3119=LINE('',#3118,#3117);
#3120=DIRECTION('',(0.E0,-1.E0,0.E0));
#3121=VECTOR('',#3120,4.124582505226E0);
#3122=CARTESIAN_POINT('',(1.756761756012E2,5.804669764488E1,-6.096364997533E0));
#3123=LINE('',#3122,#3121);
#3124=DIRECTION('',(1.E0,0.E0,0.E0));
#3125=VECTOR('',#3124,5.542552530765E-1);
#3126=CARTESIAN_POINT('',(1.751219203482E2,5.804669764488E1,-6.096364997533E0));
#3127=LINE('',#3126,#3125);
#3128=DIRECTION('',(0.E0,1.E0,0.E0));
#3129=VECTOR('',#3128,1.736667494774E0);
#3130=CARTESIAN_POINT('',(1.751219203482E2,5.631003015010E1,-6.096364997533E0));
#3131=LINE('',#3130,#3129);
#3132=DIRECTION('',(1.E0,0.E0,0.E0));
#3133=VECTOR('',#3132,4.655744746923E0);
#3134=CARTESIAN_POINT('',(1.704661756012E2,5.631003015010E1,-6.096364997533E0));
#3135=LINE('',#3134,#3133);
#3136=DIRECTION('',(4.364178031540E-14,1.E0,0.E0));
#3137=VECTOR('',#3136,6.5125E-1);
#3138=CARTESIAN_POINT('',(1.704661756012E2,5.565878015010E1,-6.096364997533E0));
#3139=LINE('',#3138,#3137);
#3140=DIRECTION('',(-1.E0,0.E0,0.E0));
#3141=VECTOR('',#3140,4.655744746923E0);
#3142=CARTESIAN_POINT('',(1.751219203482E2,5.565878015010E1,-6.096364997533E0));
#3143=LINE('',#3142,#3141);
#3144=DIRECTION('',(0.E0,1.E0,0.E0));
#3145=VECTOR('',#3144,1.736665010452E0);
#3146=CARTESIAN_POINT('',(1.751219203482E2,5.392211513965E1,-6.096364997533E0));
#3147=LINE('',#3146,#3145);
#3148=DIRECTION('',(-1.E0,0.E0,0.E0));
#3149=VECTOR('',#3148,5.542552530765E-1);
#3150=CARTESIAN_POINT('',(1.756761756012E2,5.392211513965E1,-6.096364997533E0));
#3151=LINE('',#3150,#3149);
#3152=DIRECTION('',(-2.001233458994E-1,-9.797707111493E-1,0.E0));
#3153=VECTOR('',#3152,2.126347939336E-1);
#3154=CARTESIAN_POINT('',(1.613131271103E2,3.221244386093E1,-6.096364997533E0));
#3155=LINE('',#3154,#3153);
#3156=DIRECTION('',(0.E0,-1.E0,0.E0));
#3157=VECTOR('',#3156,3.333333134651E-1);
#3158=CARTESIAN_POINT('',(1.613131271103E2,3.254577717439E1,-6.096364997533E0));
#3159=LINE('',#3158,#3157);
#3160=DIRECTION('',(2.001233184181E-1,-9.797707167625E-1,0.E0));
#3161=VECTOR('',#3160,2.126348231331E-1);
#3162=CARTESIAN_POINT('',(1.612705739239E2,3.275411054746E1,-6.096364997533E0));
#3163=LINE('',#3162,#3161);
#3164=DIRECTION('',(4.547771995497E-1,-8.906052429498E-1,0.E0));
#3165=VECTOR('',#3164,1.871386096698E-1);
#3166=CARTESIAN_POINT('',(1.611854675511E2,3.292077717439E1,-6.096364997533E0));
#3167=LINE('',#3166,#3165);
#3168=DIRECTION('',(7.145104681851E-1,-6.996247500295E-1,0.E0));
#3169=VECTOR('',#3168,2.382228858016E-1);
#3170=CARTESIAN_POINT('',(1.610152548054E2,3.308744380132E1,-6.096364997533E0));
#3171=LINE('',#3170,#3169);
#3172=DIRECTION('',(8.981380143666E-1,-4.397136649566E-1,0.E0));
#3173=VECTOR('',#3172,1.895173602985E-1);
#3174=CARTESIAN_POINT('',(1.608450420597E2,3.317077717439E1,-6.096364997533E0));
#3175=LINE('',#3174,#3173);
#3176=DIRECTION('',(9.813591893677E-1,-1.921825732045E-1,0.E0));
#3177=VECTOR('',#3176,2.168075192015E-1);
#3178=CARTESIAN_POINT('',(1.606322760084E2,3.321244380132E1,-6.096364997533E0));
#3179=LINE('',#3178,#3177);
#3180=DIRECTION('',(1.E0,0.E0,0.E0));
#3181=VECTOR('',#3180,6.382978558540E-1);
#3182=CARTESIAN_POINT('',(1.599939781526E2,3.321244380132E1,-6.096364997533E0));
#3183=LINE('',#3182,#3181);
#3184=DIRECTION('',(9.813591690599E-1,1.921826769043E-1,0.E0));
#3185=VECTOR('',#3184,2.168074022144E-1);
#3186=CARTESIAN_POINT('',(1.597812122205E2,3.317077717439E1,-6.096364997533E0));
#3187=LINE('',#3186,#3185);
#3188=DIRECTION('',(8.981380447713E-1,4.397136028534E-1,0.E0));
#3189=VECTOR('',#3188,1.895173870651E-1);
#3190=CARTESIAN_POINT('',(1.596109994450E2,3.308744380132E1,-6.096364997533E0));
#3191=LINE('',#3190,#3189);
#3192=DIRECTION('',(7.145104988025E-1,6.996247187608E-1,0.E0));
#3193=VECTOR('',#3192,2.382228964486E-1);
#3194=CARTESIAN_POINT('',(1.594407866845E2,3.292077717439E1,-6.096364997533E0));
#3195=LINE('',#3194,#3193);
#3196=DIRECTION('',(4.547772469181E-1,8.906052187617E-1,0.E0));
#3197=VECTOR('',#3196,1.871386147523E-1);
#3198=CARTESIAN_POINT('',(1.593556803004E2,3.275411054746E1,-6.096364997533E0));
#3199=LINE('',#3198,#3197);
#3200=DIRECTION('',(2.001233352361E-1,9.797707133274E-1,0.E0));
#3201=VECTOR('',#3200,2.126348238786E-1);
#3202=CARTESIAN_POINT('',(1.593131271103E2,3.254577717439E1,-6.096364997533E0));
#3203=LINE('',#3202,#3201);
#3204=DIRECTION('',(0.E0,1.E0,0.E0));
#3205=VECTOR('',#3204,3.333333134651E-1);
#3206=CARTESIAN_POINT('',(1.593131271103E2,3.221244386093E1,-6.096364997533E0));
#3207=LINE('',#3206,#3205);
#3208=DIRECTION('',(-2.001233627174E-1,9.797707077141E-1,0.E0));
#3209=VECTOR('',#3208,2.126347946791E-1);
#3210=CARTESIAN_POINT('',(1.593556803004E2,3.200411051766E1,-6.096364997533E0));
#3211=LINE('',#3210,#3209);
#3212=DIRECTION('',(-4.547771179149E-1,8.906052846357E-1,0.E0));
#3213=VECTOR('',#3212,1.871386678365E-1);
#3214=CARTESIAN_POINT('',(1.594407866845E2,3.183744383113E1,-6.096364997533E0));
#3215=LINE('',#3214,#3213);
#3216=DIRECTION('',(-7.145104362650E-1,6.996247826288E-1,0.E0));
#3217=VECTOR('',#3216,2.382229172991E-1);
#3218=CARTESIAN_POINT('',(1.596109994450E2,3.167077717439E1,-6.096364997533E0));
#3219=LINE('',#3218,#3217);
#3220=DIRECTION('',(-8.981381301632E-1,4.397134284359E-1,0.E0));
#3221=VECTOR('',#3220,1.895173690464E-1);
#3222=CARTESIAN_POINT('',(1.597812122205E2,3.158744384230E1,-6.096364997533E0));
#3223=LINE('',#3222,#3221);
#3224=DIRECTION('',(-9.813591334130E-1,1.921828589309E-1,0.E0));
#3225=VECTOR('',#3224,2.168074100897E-1);
#3226=CARTESIAN_POINT('',(1.599939781526E2,3.154577717439E1,-6.096364997533E0));
#3227=LINE('',#3226,#3225);
#3228=DIRECTION('',(-1.E0,0.E0,0.E0));
#3229=VECTOR('',#3228,6.382978558540E-1);
#3230=CARTESIAN_POINT('',(1.606322760084E2,3.154577717439E1,-6.096364997533E0));
#3231=LINE('',#3230,#3229);
#3232=DIRECTION('',(-9.813591537209E-1,-1.921827552310E-1,0.E0));
#3233=VECTOR('',#3232,2.168075270768E-1);
#3234=CARTESIAN_POINT('',(1.608450420597E2,3.158744384230E1,-6.096364997533E0));
#3235=LINE('',#3234,#3233);
#3236=DIRECTION('',(-8.981380997585E-1,-4.397134905391E-1,0.E0));
#3237=VECTOR('',#3236,1.895173422798E-1);
#3238=CARTESIAN_POINT('',(1.610152548054E2,3.167077717439E1,-6.096364997533E0));
#3239=LINE('',#3238,#3237);
#3240=DIRECTION('',(-7.145104056477E-1,-6.996248138976E-1,0.E0));
#3241=VECTOR('',#3240,2.382229066520E-1);
#3242=CARTESIAN_POINT('',(1.611854675511E2,3.183744383113E1,-6.096364997533E0));
#3243=LINE('',#3242,#3241);
#3244=DIRECTION('',(-4.547770705465E-1,-8.906053088238E-1,0.E0));
#3245=VECTOR('',#3244,1.871386627540E-1);
#3246=CARTESIAN_POINT('',(1.612705739239E2,3.200411051766E1,-6.096364997533E0));
#3247=LINE('',#3246,#3245);
#3248=DIRECTION('',(0.E0,1.E0,0.E0));
#3249=VECTOR('',#3248,3.333333134651E-1);
#3250=CARTESIAN_POINT('',(1.610578079918E2,3.221244386093E1,-6.096364997533E0));
#3251=LINE('',#3250,#3249);
#3252=DIRECTION('',(2.473831898946E-1,9.689177247618E-1,0.E0));
#3253=VECTOR('',#3252,1.720132497069E-1);
#3254=CARTESIAN_POINT('',(1.610152548054E2,3.204577717439E1,-6.096364997533E0));
#3255=LINE('',#3254,#3253);
#3256=DIRECTION('',(5.627909312417E-1,8.265992787996E-1,0.E0));
#3257=VECTOR('',#3256,1.512220046714E-1);
#3258=CARTESIAN_POINT('',(1.609301484326E2,3.192077717439E1,-6.096364997533E0));
#3259=LINE('',#3258,#3257);
#3260=DIRECTION('',(8.373793243581E-1,5.466222343973E-1,0.E0));
#3261=VECTOR('',#3260,1.524514335926E-1);
#3262=CARTESIAN_POINT('',(1.608024887541E2,3.183744383113E1,-6.096364997533E0));
#3263=LINE('',#3262,#3261);
#3264=DIRECTION('',(9.713211669575E-1,2.377712989836E-1,0.E0));
#3265=VECTOR('',#3264,1.752383778474E-1);
#3266=CARTESIAN_POINT('',(1.606322760084E2,3.179577717439E1,-6.096364997533E0));
#3267=LINE('',#3266,#3265);
#3268=DIRECTION('',(1.E0,0.E0,0.E0));
#3269=VECTOR('',#3268,6.382978558540E-1);
#3270=CARTESIAN_POINT('',(1.599939781526E2,3.179577717439E1,-6.096364997533E0));
#3271=LINE('',#3270,#3269);
#3272=DIRECTION('',(9.713211669575E-1,-2.377712989836E-1,0.E0));
#3273=VECTOR('',#3272,1.752383778474E-1);
#3274=CARTESIAN_POINT('',(1.598237654069E2,3.183744383113E1,-6.096364997533E0));
#3275=LINE('',#3274,#3273);
#3276=DIRECTION('',(8.373790907147E-1,-5.466225923193E-1,0.E0));
#3277=VECTOR('',#3276,1.524513337692E-1);
#3278=CARTESIAN_POINT('',(1.596961058477E2,3.192077717439E1,-6.096364997533E0));
#3279=LINE('',#3278,#3277);
#3280=DIRECTION('',(5.627910658975E-1,-8.265991871191E-1,0.E0));
#3281=VECTOR('',#3280,1.512220214439E-1);
#3282=CARTESIAN_POINT('',(1.596109994450E2,3.204577717439E1,-6.096364997533E0));
#3283=LINE('',#3282,#3281);
#3284=DIRECTION('',(2.473831898946E-1,-9.689177247618E-1,0.E0));
#3285=VECTOR('',#3284,1.720132497069E-1);
#3286=CARTESIAN_POINT('',(1.595684462586E2,3.221244386093E1,-6.096364997533E0));
#3287=LINE('',#3286,#3285);
#3288=DIRECTION('',(0.E0,-1.E0,0.E0));
#3289=VECTOR('',#3288,3.333333134651E-1);
#3290=CARTESIAN_POINT('',(1.595684462586E2,3.254577717439E1,-6.096364997533E0));
#3291=LINE('',#3290,#3289);
#3292=DIRECTION('',(-2.473832729514E-1,-9.689177035558E-1,0.E0));
#3293=VECTOR('',#3292,1.720131919549E-1);
#3294=CARTESIAN_POINT('',(1.596109994450E2,3.271244380132E1,-6.096364997533E0));
#3295=LINE('',#3294,#3293);
#3296=DIRECTION('',(-5.627910658975E-1,-8.265991871191E-1,0.E0));
#3297=VECTOR('',#3296,1.512220214439E-1);
#3298=CARTESIAN_POINT('',(1.596961058477E2,3.283744380132E1,-6.096364997533E0));
#3299=LINE('',#3298,#3297);
#3300=DIRECTION('',(-8.373790012342E-1,-5.466227293958E-1,0.E0));
#3301=VECTOR('',#3300,1.524513500598E-1);
#3302=CARTESIAN_POINT('',(1.598237654069E2,3.292077717439E1,-6.096364997533E0));
#3303=LINE('',#3302,#3301);
#3304=DIRECTION('',(-9.713212062349E-1,-2.377711385310E-1,0.E0));
#3305=VECTOR('',#3304,1.752383707613E-1);
#3306=CARTESIAN_POINT('',(1.599939781526E2,3.296244380132E1,-6.096364997533E0));
#3307=LINE('',#3306,#3305);
#3308=DIRECTION('',(-1.E0,0.E0,0.E0));
#3309=VECTOR('',#3308,6.382978558540E-1);
#3310=CARTESIAN_POINT('',(1.606322760084E2,3.296244380132E1,-6.096364997533E0));
#3311=LINE('',#3310,#3309);
#3312=DIRECTION('',(-9.713212062349E-1,2.377711385310E-1,0.E0));
#3313=VECTOR('',#3312,1.752383707613E-1);
#3314=CARTESIAN_POINT('',(1.608024887541E2,3.292077717439E1,-6.096364997533E0));
#3315=LINE('',#3314,#3313);
#3316=DIRECTION('',(-8.373792348777E-1,5.466223714738E-1,0.E0));
#3317=VECTOR('',#3316,1.524514498832E-1);
#3318=CARTESIAN_POINT('',(1.609301484326E2,3.283744380132E1,-6.096364997533E0));
#3319=LINE('',#3318,#3317);
#3320=DIRECTION('',(-5.627909312417E-1,8.265992787996E-1,0.E0));
#3321=VECTOR('',#3320,1.512220046714E-1);
#3322=CARTESIAN_POINT('',(1.610152548054E2,3.271244380132E1,-6.096364997533E0));
#3323=LINE('',#3322,#3321);
#3324=DIRECTION('',(-2.473832729514E-1,9.689177035558E-1,0.E0));
#3325=VECTOR('',#3324,1.720131919549E-1);
#3326=CARTESIAN_POINT('',(1.610578079918E2,3.254577717439E1,-6.096364997533E0));
#3327=LINE('',#3326,#3325);
#3328=DIRECTION('',(1.E0,0.E0,0.E0));
#3329=VECTOR('',#3328,9.787234067917E-1);
#3330=CARTESIAN_POINT('',(1.593131271103E2,3.375411042825E1,-6.096364997533E0));
#3331=LINE('',#3330,#3329);
#3332=DIRECTION('',(0.E0,1.E0,0.E0));
#3333=VECTOR('',#3332,2.083332538605E-1);
#3334=CARTESIAN_POINT('',(1.593131271103E2,3.354577717439E1,-6.096364997533E0));
#3335=LINE('',#3334,#3333);
#3336=DIRECTION('',(-1.E0,0.E0,0.E0));
#3337=VECTOR('',#3336,1.361702084541E0);
#3338=CARTESIAN_POINT('',(1.606748291948E2,3.354577717439E1,-6.096364997533E0));
#3339=LINE('',#3338,#3337);
#3340=DIRECTION('',(0.E0,-1.E0,0.E0));
#3341=VECTOR('',#3340,2.083332538605E-1);
#3342=CARTESIAN_POINT('',(1.606748291948E2,3.375411042825E1,-6.096364997533E0));
#3343=LINE('',#3342,#3341);
#3344=DIRECTION('',(1.E0,0.E0,0.E0));
#3345=VECTOR('',#3344,2.127659320831E-1);
#3346=CARTESIAN_POINT('',(1.604620632628E2,3.375411042825E1,-6.096364997533E0));
#3347=LINE('',#3346,#3345);
#3348=DIRECTION('',(-7.145097177357E-1,-6.996255164452E-1,0.E0));
#3349=VECTOR('',#3348,1.191115680035E-1);
#3350=CARTESIAN_POINT('',(1.605471696356E2,3.383744392053E1,-6.096364997533E0));
#3351=LINE('',#3350,#3349);
#3352=DIRECTION('',(-5.627909312417E-1,-8.265992787996E-1,0.E0));
#3353=VECTOR('',#3352,1.512220046714E-1);
#3354=CARTESIAN_POINT('',(1.606322760084E2,3.396244392053E1,-6.096364997533E0));
#3355=LINE('',#3354,#3353);
#3356=DIRECTION('',(-2.473834390653E-1,-9.689176611437E-1,0.E0));
#3357=VECTOR('',#3356,1.720130764509E-1);
#3358=CARTESIAN_POINT('',(1.606748291948E2,3.412911042825E1,-6.096364997533E0));
#3359=LINE('',#3358,#3357);
#3360=DIRECTION('',(0.E0,-1.E0,0.E0));
#3361=VECTOR('',#3360,1.666667461395E-1);
#3362=CARTESIAN_POINT('',(1.606748291948E2,3.429577717439E1,-6.096364997533E0));
#3363=LINE('',#3362,#3361);
#3364=DIRECTION('',(3.222637633772E-1,-9.466499177700E-1,0.E0));
#3365=VECTOR('',#3364,1.320445897196E-1);
#3366=CARTESIAN_POINT('',(1.606322760084E2,3.442077717439E1,-6.096364997533E0));
#3367=LINE('',#3366,#3365);
#3368=DIRECTION('',(5.627909312417E-1,-8.265992787996E-1,0.E0));
#3369=VECTOR('',#3368,1.512220046714E-1);
#3370=CARTESIAN_POINT('',(1.605471696356E2,3.454577717439E1,-6.096364997533E0));
#3371=LINE('',#3370,#3369);
#3372=DIRECTION('',(7.145107183351E-1,-6.996244945571E-1,0.E0));
#3373=VECTOR('',#3372,1.191114011999E-1);
#3374=CARTESIAN_POINT('',(1.604620632628E2,3.462911042825E1,-6.096364997533E0));
#3375=LINE('',#3374,#3373);
#3376=DIRECTION('',(9.506450175458E-1,-3.102805998049E-1,0.E0));
#3377=VECTOR('',#3376,1.342873069271E-1);
#3378=CARTESIAN_POINT('',(1.603344037035E2,3.467077717439E1,-6.096364997533E0));
#3379=LINE('',#3378,#3377);
#3380=DIRECTION('',(9.813590653599E-1,-1.921832064360E-1,0.E0));
#3381=VECTOR('',#3380,2.168074251244E-1);
#3382=CARTESIAN_POINT('',(1.601216377714E2,3.471244392053E1,-6.096364997533E0));
#3383=LINE('',#3382,#3381);
#3384=DIRECTION('',(1.E0,0.E0,0.E0));
#3385=VECTOR('',#3384,8.085106611252E-1);
#3386=CARTESIAN_POINT('',(1.593131271103E2,3.471244392053E1,-6.096364997533E0));
#3387=LINE('',#3386,#3385);
#3388=DIRECTION('',(0.E0,1.E0,0.E0));
#3389=VECTOR('',#3388,2.083334922791E-1);
#3390=CARTESIAN_POINT('',(1.593131271103E2,3.450411042825E1,-6.096364997533E0));
#3391=LINE('',#3390,#3389);
#3392=DIRECTION('',(-1.E0,0.E0,0.E0));
#3393=VECTOR('',#3392,8.085106611252E-1);
#3394=CARTESIAN_POINT('',(1.601216377714E2,3.450411042825E1,-6.096364997533E0));
#3395=LINE('',#3394,#3393);
#3396=DIRECTION('',(-9.813592727596E-1,1.921821473726E-1,0.E0));
#3397=VECTOR('',#3396,2.168073793044E-1);
#3398=CARTESIAN_POINT('',(1.603344037035E2,3.446244392053E1,-6.096364997533E0));
#3399=LINE('',#3398,#3397);
#3400=DIRECTION('',(-7.145097177357E-1,6.996255164452E-1,0.E0));
#3401=VECTOR('',#3400,1.191115680035E-1);
#3402=CARTESIAN_POINT('',(1.604195100763E2,3.437911042825E1,-6.096364997533E0));
#3403=LINE('',#3402,#3401);
#3404=DIRECTION('',(-4.547774575564E-1,8.906051112017E-1,0.E0));
#3405=VECTOR('',#3404,9.356925175068E-2);
#3406=CARTESIAN_POINT('',(1.604620632628E2,3.429577717439E1,-6.096364997533E0));
#3407=LINE('',#3406,#3405);
#3408=DIRECTION('',(-2.473831068378E-1,9.689177459678E-1,0.E0));
#3409=VECTOR('',#3408,1.720133074589E-1);
#3410=CARTESIAN_POINT('',(1.605046164492E2,3.412911042825E1,-6.096364997533E0));
#3411=LINE('',#3410,#3409);
#3412=DIRECTION('',(2.473834390653E-1,9.689176611437E-1,0.E0));
#3413=VECTOR('',#3412,1.720130764509E-1);
#3414=CARTESIAN_POINT('',(1.604620632628E2,3.396244392053E1,-6.096364997533E0));
#3415=LINE('',#3414,#3413);
#3416=DIRECTION('',(5.627909312417E-1,8.265992787996E-1,0.E0));
#3417=VECTOR('',#3416,1.512220046714E-1);
#3418=CARTESIAN_POINT('',(1.603769568899E2,3.383744392053E1,-6.096364997533E0));
#3419=LINE('',#3418,#3417);
#3420=DIRECTION('',(7.145097177357E-1,6.996255164452E-1,0.E0));
#3421=VECTOR('',#3420,1.191115680035E-1);
#3422=CARTESIAN_POINT('',(1.602918505171E2,3.375411042825E1,-6.096364997533E0));
#3423=LINE('',#3422,#3421);
#3424=DIRECTION('',(1.E0,0.E0,0.E0));
#3425=VECTOR('',#3424,2.127659618855E-1);
#3426=CARTESIAN_POINT('',(1.593131271103E2,3.525411042825E1,-6.096364997533E0));
#3427=LINE('',#3426,#3425);
#3428=DIRECTION('',(0.E0,1.E0,0.E0));
#3429=VECTOR('',#3428,2.083332538605E-1);
#3430=CARTESIAN_POINT('',(1.593131271103E2,3.504577717439E1,-6.096364997533E0));
#3431=LINE('',#3430,#3429);
#3432=DIRECTION('',(-1.E0,0.E0,0.E0));
#3433=VECTOR('',#3432,2.127659618855E-1);
#3434=CARTESIAN_POINT('',(1.595258930722E2,3.504577717439E1,-6.096364997533E0));
#3435=LINE('',#3434,#3433);
#3436=DIRECTION('',(0.E0,-1.E0,0.E0));
#3437=VECTOR('',#3436,2.083332538605E-1);
#3438=CARTESIAN_POINT('',(1.595258930722E2,3.525411042825E1,-6.096364997533E0));
#3439=LINE('',#3438,#3437);
#3440=DIRECTION('',(1.E0,0.E0,0.E0));
#3441=VECTOR('',#3440,2.127659320831E-1);
#3442=CARTESIAN_POINT('',(1.603344037035E2,3.525411042825E1,-6.096364997533E0));
#3443=LINE('',#3442,#3441);
#3444=DIRECTION('',(0.E0,1.E0,0.E0));
#3445=VECTOR('',#3444,2.083332538605E-1);
#3446=CARTESIAN_POINT('',(1.603344037035E2,3.504577717439E1,-6.096364997533E0));
#3447=LINE('',#3446,#3445);
#3448=DIRECTION('',(-1.E0,0.E0,0.E0));
#3449=VECTOR('',#3448,2.127659320831E-1);
#3450=CARTESIAN_POINT('',(1.605471696356E2,3.504577717439E1,-6.096364997533E0));
#3451=LINE('',#3450,#3449);
#3452=DIRECTION('',(0.E0,-1.E0,0.E0));
#3453=VECTOR('',#3452,2.083332538605E-1);
#3454=CARTESIAN_POINT('',(1.605471696356E2,3.525411042825E1,-6.096364997533E0));
#3455=LINE('',#3454,#3453);
#3456=DIRECTION('',(8.981387596046E-1,4.397121427660E-1,0.E0));
#3457=VECTOR('',#3456,9.475860152246E-2);
#3458=CARTESIAN_POINT('',(1.603344037035E2,3.779577717439E1,-6.096364997533E0));
#3459=LINE('',#3458,#3457);
#3460=DIRECTION('',(8.981387596046E-1,-4.397121427660E-1,0.E0));
#3461=VECTOR('',#3460,9.475860152246E-2);
#3462=CARTESIAN_POINT('',(1.602492973307E2,3.783744368211E1,-6.096364997533E0));
#3463=LINE('',#3462,#3461);
#3464=DIRECTION('',(5.627909312417E-1,-8.265992787996E-1,0.E0));
#3465=VECTOR('',#3464,1.512220046714E-1);
#3466=CARTESIAN_POINT('',(1.601641909578E2,3.796244368211E1,-6.096364997533E0));
#3467=LINE('',#3466,#3465);
#3468=DIRECTION('',(2.876777574807E-1,-9.577272617248E-1,0.E0));
#3469=VECTOR('',#3468,7.395983393053E-1);
#3470=CARTESIAN_POINT('',(1.599514249662E2,3.867077717439E1,-6.096364997533E0));
#3471=LINE('',#3470,#3469);
#3472=DIRECTION('',(6.080771975856E-1,-7.938779010506E-1,0.E0));
#3473=VECTOR('',#3472,2.099397243586E-1);
#3474=CARTESIAN_POINT('',(1.598237654069E2,3.883744368211E1,-6.096364997533E0));
#3475=LINE('',#3474,#3473);
#3476=DIRECTION('',(8.981377963584E-1,-4.397141102494E-1,0.E0));
#3477=VECTOR('',#3476,1.895174394831E-1);
#3478=CARTESIAN_POINT('',(1.596535526314E2,3.892077717439E1,-6.096364997533E0));
#3479=LINE('',#3478,#3477);
#3480=DIRECTION('',(1.E0,0.E0,0.E0));
#3481=VECTOR('',#3480,8.510637283325E-2);
#3482=CARTESIAN_POINT('',(1.595684462586E2,3.892077717439E1,-6.096364997533E0));
#3483=LINE('',#3482,#3481);
#3484=DIRECTION('',(8.373786725175E-1,5.466232329611E-1,0.E0));
#3485=VECTOR('',#3484,1.524514277003E-1);
#3486=CARTESIAN_POINT('',(1.594407866845E2,3.883744368211E1,-6.096364997533E0));
#3487=LINE('',#3486,#3485);
#3488=DIRECTION('',(4.547775049247E-1,8.906050870136E-1,0.E0));
#3489=VECTOR('',#3488,1.871385085839E-1);
#3490=CARTESIAN_POINT('',(1.593556803004E2,3.867077717439E1,-6.096364997533E0));
#3491=LINE('',#3490,#3489);
#3492=DIRECTION('',(1.677993428846E-1,9.858211706631E-1,0.E0));
#3493=VECTOR('',#3492,2.535956900092E-1);
#3494=CARTESIAN_POINT('',(1.593131271103E2,3.842077717439E1,-6.096364997533E0));
#3495=LINE('',#3494,#3493);
#3496=DIRECTION('',(0.E0,1.E0,0.E0));
#3497=VECTOR('',#3496,2.5E-1);
#3498=CARTESIAN_POINT('',(1.593131271103E2,3.817077717439E1,-6.096364997533E0));
#3499=LINE('',#3498,#3497);
#3500=DIRECTION('',(-1.677993428846E-1,9.858211706631E-1,0.E0));
#3501=VECTOR('',#3500,2.535956900092E-1);
#3502=CARTESIAN_POINT('',(1.593556803004E2,3.792077717439E1,-6.096364997533E0));
#3503=LINE('',#3502,#3501);
#3504=DIRECTION('',(-3.222637886596E-1,9.466499091632E-1,0.E0));
#3505=VECTOR('',#3504,1.320445909201E-1);
#3506=CARTESIAN_POINT('',(1.593982334906E2,3.779577717439E1,-6.096364997533E0));
#3507=LINE('',#3506,#3505);
#3508=DIRECTION('',(-5.627909649057E-1,8.265992558795E-1,0.E0));
#3509=VECTOR('',#3508,1.512220088645E-1);
#3510=CARTESIAN_POINT('',(1.594833398709E2,3.767077717439E1,-6.096364997533E0));
#3511=LINE('',#3510,#3509);
#3512=DIRECTION('',(-8.981377811560E-1,4.397141413010E-1,0.E0));
#3513=VECTOR('',#3512,1.895174260998E-1);
#3514=CARTESIAN_POINT('',(1.596535526314E2,3.758744368211E1,-6.096364997533E0));
#3515=LINE('',#3514,#3513);
#3516=DIRECTION('',(0.E0,-1.E0,0.E0));
#3517=VECTOR('',#3516,2.083334922791E-1);
#3518=CARTESIAN_POINT('',(1.596535526314E2,3.779577717439E1,-6.096364997533E0));
#3519=LINE('',#3518,#3517);
#3520=DIRECTION('',(8.981387596046E-1,-4.397121427660E-1,0.E0));
#3521=VECTOR('',#3520,9.475860152246E-2);
#3522=CARTESIAN_POINT('',(1.595684462586E2,3.783744368211E1,-6.096364997533E0));
#3523=LINE('',#3522,#3521);
#3524=DIRECTION('',(4.547764255314E-1,-8.906056381928E-1,0.E0));
#3525=VECTOR('',#3524,9.356946408755E-2);
#3526=CARTESIAN_POINT('',(1.595258930722E2,3.792077717439E1,-6.096364997533E0));
#3527=LINE('',#3526,#3525);
#3528=DIRECTION('',(1.677993857134E-1,-9.858211633731E-1,0.E0));
#3529=VECTOR('',#3528,2.535956918845E-1);
#3530=CARTESIAN_POINT('',(1.594833398709E2,3.817077717439E1,-6.096364997533E0));
#3531=LINE('',#3530,#3529);
#3532=DIRECTION('',(0.E0,-1.E0,0.E0));
#3533=VECTOR('',#3532,2.5E-1);
#3534=CARTESIAN_POINT('',(1.594833398709E2,3.842077717439E1,-6.096364997533E0));
#3535=LINE('',#3534,#3533);
#3536=DIRECTION('',(-2.473835203918E-1,-9.689176403795E-1,0.E0));
#3537=VECTOR('',#3536,1.720130801372E-1);
#3538=CARTESIAN_POINT('',(1.595258930722E2,3.858744368211E1,-6.096364997533E0));
#3539=LINE('',#3538,#3537);
#3540=DIRECTION('',(-4.547764255314E-1,-8.906056381928E-1,0.E0));
#3541=VECTOR('',#3540,9.356946408755E-2);
#3542=CARTESIAN_POINT('',(1.595684462586E2,3.867077717439E1,-6.096364997533E0));
#3543=LINE('',#3542,#3541);
#3544=DIRECTION('',(-8.981387596046E-1,-4.397121427660E-1,0.E0));
#3545=VECTOR('',#3544,9.475860152246E-2);
#3546=CARTESIAN_POINT('',(1.596535526314E2,3.871244368211E1,-6.096364997533E0));
#3547=LINE('',#3546,#3545);
#3548=DIRECTION('',(-8.981388204137E-1,4.397120185598E-1,0.E0));
#3549=VECTOR('',#3548,9.475862828908E-2);
#3550=CARTESIAN_POINT('',(1.597386590341E2,3.867077717439E1,-6.096364997533E0));
#3551=LINE('',#3550,#3549);
#3552=DIRECTION('',(-5.627909312417E-1,8.265992787996E-1,0.E0));
#3553=VECTOR('',#3552,1.512220046714E-1);
#3554=CARTESIAN_POINT('',(1.598237654069E2,3.854577717439E1,-6.096364997533E0));
#3555=LINE('',#3554,#3553);
#3556=DIRECTION('',(-2.876776835597E-1,9.577272839289E-1,0.E0));
#3557=VECTOR('',#3556,7.395983221583E-1);
#3558=CARTESIAN_POINT('',(1.600365313390E2,3.783744368211E1,-6.096364997533E0));
#3559=LINE('',#3558,#3557);
#3560=DIRECTION('',(-6.080773765196E-1,7.938777639946E-1,0.E0));
#3561=VECTOR('',#3560,2.099397606028E-1);
#3562=CARTESIAN_POINT('',(1.601641909578E2,3.767077717439E1,-6.096364997533E0));
#3563=LINE('',#3562,#3561);
#3564=DIRECTION('',(-8.981377659536E-1,4.397141723527E-1,0.E0));
#3565=VECTOR('',#3564,1.895174127165E-1);
#3566=CARTESIAN_POINT('',(1.603344037035E2,3.758744368211E1,-6.096364997533E0));
#3567=LINE('',#3566,#3565);
#3568=DIRECTION('',(-1.E0,0.E0,0.E0));
#3569=VECTOR('',#3568,8.510637283325E-2);
#3570=CARTESIAN_POINT('',(1.604195100763E2,3.758744368211E1,-6.096364997533E0));
#3571=LINE('',#3570,#3569);
#3572=DIRECTION('',(-8.373786433120E-1,-5.466232777014E-1,0.E0));
#3573=VECTOR('',#3572,1.524514152223E-1);
#3574=CARTESIAN_POINT('',(1.605471696356E2,3.767077717439E1,-6.096364997533E0));
#3575=LINE('',#3574,#3573);
#3576=DIRECTION('',(-4.547774575564E-1,-8.906051112017E-1,0.E0));
#3577=VECTOR('',#3576,1.871385035014E-1);
#3578=CARTESIAN_POINT('',(1.606322760084E2,3.783744368211E1,-6.096364997533E0));
#3579=LINE('',#3578,#3577);
#3580=DIRECTION('',(-1.677993286083E-1,-9.858211730931E-1,0.E0));
#3581=VECTOR('',#3580,2.535956893841E-1);
#3582=CARTESIAN_POINT('',(1.606748291948E2,3.808744368211E1,-6.096364997533E0));
#3583=LINE('',#3582,#3581);
#3584=DIRECTION('',(0.E0,-1.E0,0.E0));
#3585=VECTOR('',#3584,2.5E-1);
#3586=CARTESIAN_POINT('',(1.606748291948E2,3.833744368211E1,-6.096364997533E0));
#3587=LINE('',#3586,#3585);
#3588=DIRECTION('',(1.677993286083E-1,-9.858211730931E-1,0.E0));
#3589=VECTOR('',#3588,2.535956893841E-1);
#3590=CARTESIAN_POINT('',(1.606322760084E2,3.858744368211E1,-6.096364997533E0));
#3591=LINE('',#3590,#3589);
#3592=DIRECTION('',(3.222637633772E-1,-9.466499177700E-1,0.E0));
#3593=VECTOR('',#3592,1.320445897196E-1);
#3594=CARTESIAN_POINT('',(1.605897228220E2,3.871244368211E1,-6.096364997533E0));
#3595=LINE('',#3594,#3593);
#3596=DIRECTION('',(5.627909312417E-1,-8.265992787996E-1,0.E0));
#3597=VECTOR('',#3596,1.512220046714E-1);
#3598=CARTESIAN_POINT('',(1.605046164492E2,3.883744368211E1,-6.096364997533E0));
#3599=LINE('',#3598,#3597);
#3600=DIRECTION('',(8.981377659536E-1,-4.397141723527E-1,0.E0));
#3601=VECTOR('',#3600,1.895174127165E-1);
#3602=CARTESIAN_POINT('',(1.603344037035E2,3.892077717439E1,-6.096364997533E0));
#3603=LINE('',#3602,#3601);
#3604=DIRECTION('',(0.E0,1.E0,0.E0));
#3605=VECTOR('',#3604,2.083334922791E-1);
#3606=CARTESIAN_POINT('',(1.603344037035E2,3.871244368211E1,-6.096364997533E0));
#3607=LINE('',#3606,#3605);
#3608=DIRECTION('',(-8.981387596046E-1,4.397121427660E-1,0.E0));
#3609=VECTOR('',#3608,9.475860152246E-2);
#3610=CARTESIAN_POINT('',(1.604195100763E2,3.867077717439E1,-6.096364997533E0));
#3611=LINE('',#3610,#3609);
#3612=DIRECTION('',(-4.547764255314E-1,8.906056381928E-1,0.E0));
#3613=VECTOR('',#3612,9.356946408755E-2);
#3614=CARTESIAN_POINT('',(1.604620632628E2,3.858744368211E1,-6.096364997533E0));
#3615=LINE('',#3614,#3613);
#3616=DIRECTION('',(-1.677993286083E-1,9.858211730931E-1,0.E0));
#3617=VECTOR('',#3616,2.535956893841E-1);
#3618=CARTESIAN_POINT('',(1.605046164492E2,3.833744368211E1,-6.096364997533E0));
#3619=LINE('',#3618,#3617);
#3620=DIRECTION('',(0.E0,1.E0,0.E0));
#3621=VECTOR('',#3620,2.5E-1);
#3622=CARTESIAN_POINT('',(1.605046164492E2,3.808744368211E1,-6.096364997533E0));
#3623=LINE('',#3622,#3621);
#3624=DIRECTION('',(2.473834390653E-1,9.689176611437E-1,0.E0));
#3625=VECTOR('',#3624,1.720130764509E-1);
#3626=CARTESIAN_POINT('',(1.604620632628E2,3.792077717439E1,-6.096364997533E0));
#3627=LINE('',#3626,#3625);
#3628=DIRECTION('',(4.547764255314E-1,8.906056381928E-1,0.E0));
#3629=VECTOR('',#3628,9.356946408755E-2);
#3630=CARTESIAN_POINT('',(1.604195100763E2,3.783744368211E1,-6.096364997533E0));
#3631=LINE('',#3630,#3629);
#3632=DIRECTION('',(1.E0,0.E0,0.E0));
#3633=VECTOR('',#3632,9.787234067917E-1);
#3634=CARTESIAN_POINT('',(1.593131271103E2,3.946244368211E1,-6.096364997533E0));
#3635=LINE('',#3634,#3633);
#3636=DIRECTION('',(0.E0,1.E0,0.E0));
#3637=VECTOR('',#3636,2.083330154419E-1);
#3638=CARTESIAN_POINT('',(1.593131271103E2,3.925411066667E1,-6.096364997533E0));
#3639=LINE('',#3638,#3637);
#3640=DIRECTION('',(-1.E0,0.E0,0.E0));
#3641=VECTOR('',#3640,2.E0);
#3642=CARTESIAN_POINT('',(1.613131271103E2,3.925411066667E1,-6.096364997533E0));
#3643=LINE('',#3642,#3641);
#3644=DIRECTION('',(0.E0,-1.E0,0.E0));
#3645=VECTOR('',#3644,2.083330154419E-1);
#3646=CARTESIAN_POINT('',(1.613131271103E2,3.946244368211E1,-6.096364997533E0));
#3647=LINE('',#3646,#3645);
#3648=DIRECTION('',(1.E0,0.E0,0.E0));
#3649=VECTOR('',#3648,8.510638475418E-1);
#3650=CARTESIAN_POINT('',(1.604620632628E2,3.946244368211E1,-6.096364997533E0));
#3651=LINE('',#3650,#3649);
#3652=DIRECTION('',(-7.145097177357E-1,-6.996255164452E-1,0.E0));
#3653=VECTOR('',#3652,1.191115680035E-1);
#3654=CARTESIAN_POINT('',(1.605471696356E2,3.954577717439E1,-6.096364997533E0));
#3655=LINE('',#3654,#3653);
#3656=DIRECTION('',(-5.627909312417E-1,-8.265992787996E-1,0.E0));
#3657=VECTOR('',#3656,1.512220046714E-1);
#3658=CARTESIAN_POINT('',(1.606322760084E2,3.967077717439E1,-6.096364997533E0));
#3659=LINE('',#3658,#3657);
#3660=DIRECTION('',(-2.473827746112E-1,-9.689178307915E-1,0.E0));
#3661=VECTOR('',#3660,1.720135384669E-1);
#3662=CARTESIAN_POINT('',(1.606748291948E2,3.983744415895E1,-6.096364997533E0));
#3663=LINE('',#3662,#3661);
#3664=DIRECTION('',(0.E0,-1.E0,0.E0));
#3665=VECTOR('',#3664,1.666660308838E-1);
#3666=CARTESIAN_POINT('',(1.606748291948E2,4.000411018983E1,-6.096364997533E0));
#3667=LINE('',#3666,#3665);
#3668=DIRECTION('',(3.222637633772E-1,-9.466499177700E-1,0.E0));
#3669=VECTOR('',#3668,1.320445897196E-1);
#3670=CARTESIAN_POINT('',(1.606322760084E2,4.012911018983E1,-6.096364997533E0));
#3671=LINE('',#3670,#3669);
#3672=DIRECTION('',(5.627909312417E-1,-8.265992787996E-1,0.E0));
#3673=VECTOR('',#3672,1.512220046714E-1);
#3674=CARTESIAN_POINT('',(1.605471696356E2,4.025411018983E1,-6.096364997533E0));
#3675=LINE('',#3674,#3673);
#3676=DIRECTION('',(7.145077165410E-1,-6.996275602085E-1,0.E0));
#3677=VECTOR('',#3676,1.191119016114E-1);
#3678=CARTESIAN_POINT('',(1.604620632628E2,4.033744415895E1,-6.096364997533E0));
#3679=LINE('',#3678,#3677);
#3680=DIRECTION('',(8.981407468995E-1,-4.397080835723E-1,0.E0));
#3681=VECTOR('',#3680,9.475839185234E-2);
#3682=CARTESIAN_POINT('',(1.603769568899E2,4.037911018983E1,-6.096364997533E0));
#3683=LINE('',#3682,#3681);
#3684=DIRECTION('',(9.813588579591E-1,-1.921842654987E-1,0.E0));
#3685=VECTOR('',#3684,2.168074709445E-1);
#3686=CARTESIAN_POINT('',(1.601641909578E2,4.042077717439E1,-6.096364997533E0));
#3687=LINE('',#3686,#3685);
#3688=DIRECTION('',(1.E0,0.E0,0.E0));
#3689=VECTOR('',#3688,8.510638475418E-1);
#3690=CARTESIAN_POINT('',(1.593131271103E2,4.042077717439E1,-6.096364997533E0));
#3691=LINE('',#3690,#3689);
#3692=DIRECTION('',(0.E0,1.E0,0.E0));
#3693=VECTOR('',#3692,2.083330154419E-1);
#3694=CARTESIAN_POINT('',(1.593131271103E2,4.021244415895E1,-6.096364997533E0));
#3695=LINE('',#3694,#3693);
#3696=DIRECTION('',(-1.E0,0.E0,0.E0));
#3697=VECTOR('',#3696,8.510638475418E-1);
#3698=CARTESIAN_POINT('',(1.601641909578E2,4.021244415895E1,-6.096364997533E0));
#3699=LINE('',#3698,#3697);
#3700=DIRECTION('',(-9.713207349042E-1,2.377730639603E-1,0.E0));
#3701=VECTOR('',#3700,1.752384557952E-1);
#3702=CARTESIAN_POINT('',(1.603344037035E2,4.017077717439E1,-6.096364997533E0));
#3703=LINE('',#3702,#3701);
#3704=DIRECTION('',(-7.145117189358E-1,6.996234726647E-1,0.E0));
#3705=VECTOR('',#3704,1.191112343966E-1);
#3706=CARTESIAN_POINT('',(1.604195100763E2,4.008744415895E1,-6.096364997533E0));
#3707=LINE('',#3706,#3705);
#3708=DIRECTION('',(-4.547743614938E-1,8.906066921644E-1,0.E0));
#3709=VECTOR('',#3708,9.356988876166E-2);
#3710=CARTESIAN_POINT('',(1.604620632628E2,4.000411018983E1,-6.096364997533E0));
#3711=LINE('',#3710,#3709);
#3712=DIRECTION('',(-2.473841035229E-1,9.689174914946E-1,0.E0));
#3713=VECTOR('',#3712,1.720126144350E-1);
#3714=CARTESIAN_POINT('',(1.605046164492E2,3.983744415895E1,-6.096364997533E0));
#3715=LINE('',#3714,#3713);
#3716=DIRECTION('',(2.473827746112E-1,9.689178307915E-1,0.E0));
#3717=VECTOR('',#3716,1.720135384669E-1);
#3718=CARTESIAN_POINT('',(1.604620632628E2,3.967077717439E1,-6.096364997533E0));
#3719=LINE('',#3718,#3717);
#3720=DIRECTION('',(5.627909312417E-1,8.265992787996E-1,0.E0));
#3721=VECTOR('',#3720,1.512220046714E-1);
#3722=CARTESIAN_POINT('',(1.603769568899E2,3.954577717439E1,-6.096364997533E0));
#3723=LINE('',#3722,#3721);
#3724=DIRECTION('',(7.145097177357E-1,6.996255164452E-1,0.E0));
#3725=VECTOR('',#3724,1.191115680035E-1);
#3726=CARTESIAN_POINT('',(1.602918505171E2,3.946244368211E1,-6.096364997533E0));
#3727=LINE('',#3726,#3725);
#3728=DIRECTION('',(0.E0,1.E0,0.E0));
#3729=VECTOR('',#3728,3.333339691162E-1);
#3730=CARTESIAN_POINT('',(1.593131271103E2,4.125411018983E1,-6.096364997533E0));
#3731=LINE('',#3730,#3729);
#3732=DIRECTION('',(-2.473841238545E-1,9.689174863035E-1,0.E0));
#3733=VECTOR('',#3732,1.720126153566E-1);
#3734=CARTESIAN_POINT('',(1.593556803004E2,4.108744415895E1,-6.096364997533E0));
#3735=LINE('',#3734,#3733);
#3736=DIRECTION('',(-4.547743930726E-1,8.906066760391E-1,0.E0));
#3737=VECTOR('',#3736,9.356989045583E-2);
#3738=CARTESIAN_POINT('',(1.593982334906E2,4.100411018983E1,-6.096364997533E0));
#3739=LINE('',#3738,#3737);
#3740=DIRECTION('',(-7.145117495531E-1,6.996234413959E-1,0.E0));
#3741=VECTOR('',#3740,1.191112397201E-1);
#3742=CARTESIAN_POINT('',(1.594833398709E2,4.092077717439E1,-6.096364997533E0));
#3743=LINE('',#3742,#3741);
#3744=DIRECTION('',(-8.373801042057E-1,5.466210397345E-1,0.E0));
#3745=VECTOR('',#3744,1.524511670505E-1);
#3746=CARTESIAN_POINT('',(1.596109994450E2,4.083744415895E1,-6.096364997533E0));
#3747=LINE('',#3746,#3745);
#3748=DIRECTION('',(-9.630229956878E-1,2.694192082545E-1,0.E0));
#3749=VECTOR('',#3748,3.093096800933E-1);
#3750=CARTESIAN_POINT('',(1.599088717797E2,4.075411018983E1,-6.096364997533E0));
#3751=LINE('',#3750,#3749);
#3752=DIRECTION('',(-1.E0,0.E0,0.E0));
#3753=VECTOR('',#3752,1.702128052711E-1);
#3754=CARTESIAN_POINT('',(1.600790845850E2,4.075411018983E1,-6.096364997533E0));
#3755=LINE('',#3754,#3753);
#3756=DIRECTION('',(-9.713207349042E-1,-2.377730639603E-1,0.E0));
#3757=VECTOR('',#3756,1.752384557952E-1);
#3758=CARTESIAN_POINT('',(1.602492973307E2,4.079577717439E1,-6.096364997533E0));
#3759=LINE('',#3758,#3757);
#3760=DIRECTION('',(-9.506444938501E-1,-3.102822043116E-1,0.E0));
#3761=VECTOR('',#3760,1.342873809039E-1);
#3762=CARTESIAN_POINT('',(1.603769568899E2,4.083744415895E1,-6.096364997533E0));
#3763=LINE('',#3762,#3761);
#3764=DIRECTION('',(-8.373800750004E-1,-5.466210844748E-1,0.E0));
#3765=VECTOR('',#3764,1.524511545726E-1);
#3766=CARTESIAN_POINT('',(1.605046164492E2,4.092077717439E1,-6.096364997533E0));
#3767=LINE('',#3766,#3765);
#3768=DIRECTION('',(-7.145117189358E-1,-6.996234726647E-1,0.E0));
#3769=VECTOR('',#3768,1.191112343966E-1);
#3770=CARTESIAN_POINT('',(1.605897228220E2,4.100411018983E1,-6.096364997533E0));
#3771=LINE('',#3770,#3769);
#3772=DIRECTION('',(-4.547743614938E-1,-8.906066921644E-1,0.E0));
#3773=VECTOR('',#3772,9.356988876166E-2);
#3774=CARTESIAN_POINT('',(1.606322760084E2,4.108744415895E1,-6.096364997533E0));
#3775=LINE('',#3774,#3773);
#3776=DIRECTION('',(-2.473841035229E-1,-9.689174914946E-1,0.E0));
#3777=VECTOR('',#3776,1.720126144350E-1);
#3778=CARTESIAN_POINT('',(1.606748291948E2,4.125411018983E1,-6.096364997533E0));
#3779=LINE('',#3778,#3777);
#3780=DIRECTION('',(0.E0,-1.E0,0.E0));
#3781=VECTOR('',#3780,3.333339691162E-1);
#3782=CARTESIAN_POINT('',(1.606748291948E2,4.158744415895E1,-6.096364997533E0));
#3783=LINE('',#3782,#3781);
#3784=DIRECTION('',(2.473841035229E-1,-9.689174914946E-1,0.E0));
#3785=VECTOR('',#3784,1.720126144350E-1);
#3786=CARTESIAN_POINT('',(1.606322760084E2,4.175411018983E1,-6.096364997533E0));
#3787=LINE('',#3786,#3785);
#3788=DIRECTION('',(4.547743614938E-1,-8.906066921644E-1,0.E0));
#3789=VECTOR('',#3788,9.356988876166E-2);
#3790=CARTESIAN_POINT('',(1.605897228220E2,4.183744415895E1,-6.096364997533E0));
#3791=LINE('',#3790,#3789);
#3792=DIRECTION('',(7.145117189358E-1,-6.996234726647E-1,0.E0));
#3793=VECTOR('',#3792,1.191112343966E-1);
#3794=CARTESIAN_POINT('',(1.605046164492E2,4.192077717439E1,-6.096364997533E0));
#3795=LINE('',#3794,#3793);
#3796=DIRECTION('',(8.373800750004E-1,-5.466210844748E-1,0.E0));
#3797=VECTOR('',#3796,1.524511545726E-1);
#3798=CARTESIAN_POINT('',(1.603769568899E2,4.200411018983E1,-6.096364997533E0));
#3799=LINE('',#3798,#3797);
#3800=DIRECTION('',(9.506444938501E-1,-3.102822043116E-1,0.E0));
#3801=VECTOR('',#3800,1.342873809039E-1);
#3802=CARTESIAN_POINT('',(1.602492973307E2,4.204577717439E1,-6.096364997533E0));
#3803=LINE('',#3802,#3801);
#3804=DIRECTION('',(9.713207349042E-1,-2.377730639603E-1,0.E0));
#3805=VECTOR('',#3804,1.752384557952E-1);
#3806=CARTESIAN_POINT('',(1.600790845850E2,4.208744415895E1,-6.096364997533E0));
#3807=LINE('',#3806,#3805);
#3808=DIRECTION('',(1.E0,0.E0,0.E0));
#3809=VECTOR('',#3808,1.702128052711E-1);
#3810=CARTESIAN_POINT('',(1.599088717797E2,4.208744415895E1,-6.096364997533E0));
#3811=LINE('',#3810,#3809);
#3812=DIRECTION('',(9.630229956878E-1,2.694192082545E-1,0.E0));
#3813=VECTOR('',#3812,3.093096800933E-1);
#3814=CARTESIAN_POINT('',(1.596109994450E2,4.200411018983E1,-6.096364997533E0));
#3815=LINE('',#3814,#3813);
#3816=DIRECTION('',(8.373801042057E-1,5.466210397345E-1,0.E0));
#3817=VECTOR('',#3816,1.524511670505E-1);
#3818=CARTESIAN_POINT('',(1.594833398709E2,4.192077717439E1,-6.096364997533E0));
#3819=LINE('',#3818,#3817);
#3820=DIRECTION('',(7.145117495531E-1,6.996234413959E-1,0.E0));
#3821=VECTOR('',#3820,1.191112397201E-1);
#3822=CARTESIAN_POINT('',(1.593982334906E2,4.183744415895E1,-6.096364997533E0));
#3823=LINE('',#3822,#3821);
#3824=DIRECTION('',(4.547743930726E-1,8.906066760391E-1,0.E0));
#3825=VECTOR('',#3824,9.356989045583E-2);
#3826=CARTESIAN_POINT('',(1.593556803004E2,4.175411018983E1,-6.096364997533E0));
#3827=LINE('',#3826,#3825);
#3828=DIRECTION('',(2.473841238545E-1,9.689174863035E-1,0.E0));
#3829=VECTOR('',#3828,1.720126153566E-1);
#3830=CARTESIAN_POINT('',(1.593131271103E2,4.158744415895E1,-6.096364997533E0));
#3831=LINE('',#3830,#3829);
#3832=DIRECTION('',(2.473828559375E-1,-9.689178100273E-1,0.E0));
#3833=VECTOR('',#3832,1.720135421532E-1);
#3834=CARTESIAN_POINT('',(1.594833398709E2,4.133744415895E1,-6.096364997533E0));
#3835=LINE('',#3834,#3833);
#3836=DIRECTION('',(0.E0,-1.E0,0.E0));
#3837=VECTOR('',#3836,1.666660308838E-1);
#3838=CARTESIAN_POINT('',(1.594833398709E2,4.150411018983E1,-6.096364997533E0));
#3839=LINE('',#3838,#3837);
#3840=DIRECTION('',(-2.473828559375E-1,-9.689178100273E-1,0.E0));
#3841=VECTOR('',#3840,1.720135421532E-1);
#3842=CARTESIAN_POINT('',(1.595258930722E2,4.167077717439E1,-6.096364997533E0));
#3843=LINE('',#3842,#3841);
#3844=DIRECTION('',(-7.145117189358E-1,-6.996234726647E-1,0.E0));
#3845=VECTOR('',#3844,1.191112343966E-1);
#3846=CARTESIAN_POINT('',(1.596109994450E2,4.175411018983E1,-6.096364997533E0));
#3847=LINE('',#3846,#3845);
#3848=DIRECTION('',(-8.373772700341E-1,-5.466253814361E-1,0.E0));
#3849=VECTOR('',#3848,1.524517008289E-1);
#3850=CARTESIAN_POINT('',(1.597386590341E2,4.183744415895E1,-6.096364997533E0));
#3851=LINE('',#3850,#3849);
#3852=DIRECTION('',(-9.713219917786E-1,-2.377679294760E-1,0.E0));
#3853=VECTOR('',#3852,1.752382290396E-1);
#3854=CARTESIAN_POINT('',(1.599088717797E2,4.187911018983E1,-6.096364997533E0));
#3855=LINE('',#3854,#3853);
#3856=DIRECTION('',(-1.E0,0.E0,0.E0));
#3857=VECTOR('',#3856,1.702128052711E-1);
#3858=CARTESIAN_POINT('',(1.600790845850E2,4.187911018983E1,-6.096364997533E0));
#3859=LINE('',#3858,#3857);
#3860=DIRECTION('',(-9.713219917786E-1,2.377679294760E-1,0.E0));
#3861=VECTOR('',#3860,1.752382290396E-1);
#3862=CARTESIAN_POINT('',(1.602492973307E2,4.183744415895E1,-6.096364997533E0));
#3863=LINE('',#3862,#3861);
#3864=DIRECTION('',(-8.373772116227E-1,5.466254709167E-1,0.E0));
#3865=VECTOR('',#3864,1.524516758732E-1);
#3866=CARTESIAN_POINT('',(1.603769568899E2,4.175411018983E1,-6.096364997533E0));
#3867=LINE('',#3866,#3865);
#3868=DIRECTION('',(-7.145117189358E-1,6.996234726647E-1,0.E0));
#3869=VECTOR('',#3868,1.191112343966E-1);
#3870=CARTESIAN_POINT('',(1.604620632628E2,4.167077717439E1,-6.096364997533E0));
#3871=LINE('',#3870,#3869);
#3872=DIRECTION('',(-2.473827746112E-1,9.689178307915E-1,0.E0));
#3873=VECTOR('',#3872,1.720135384669E-1);
#3874=CARTESIAN_POINT('',(1.605046164492E2,4.150411018983E1,-6.096364997533E0));
#3875=LINE('',#3874,#3873);
#3876=DIRECTION('',(0.E0,1.E0,0.E0));
#3877=VECTOR('',#3876,1.666660308838E-1);
#3878=CARTESIAN_POINT('',(1.605046164492E2,4.133744415895E1,-6.096364997533E0));
#3879=LINE('',#3878,#3877);
#3880=DIRECTION('',(2.473827746112E-1,9.689178307915E-1,0.E0));
#3881=VECTOR('',#3880,1.720135384669E-1);
#3882=CARTESIAN_POINT('',(1.604620632628E2,4.117077717439E1,-6.096364997533E0));
#3883=LINE('',#3882,#3881);
#3884=DIRECTION('',(7.145117189358E-1,6.996234726647E-1,0.E0));
#3885=VECTOR('',#3884,1.191112343966E-1);
#3886=CARTESIAN_POINT('',(1.603769568899E2,4.108744415895E1,-6.096364997533E0));
#3887=LINE('',#3886,#3885);
#3888=DIRECTION('',(8.373772116227E-1,5.466254709167E-1,0.E0));
#3889=VECTOR('',#3888,1.524516758732E-1);
#3890=CARTESIAN_POINT('',(1.602492973307E2,4.100411018983E1,-6.096364997533E0));
#3891=LINE('',#3890,#3889);
#3892=DIRECTION('',(9.713219917786E-1,2.377679294760E-1,0.E0));
#3893=VECTOR('',#3892,1.752382290396E-1);
#3894=CARTESIAN_POINT('',(1.600790845850E2,4.096244415895E1,-6.096364997533E0));
#3895=LINE('',#3894,#3893);
#3896=DIRECTION('',(1.E0,0.E0,0.E0));
#3897=VECTOR('',#3896,1.702128052711E-1);
#3898=CARTESIAN_POINT('',(1.599088717797E2,4.096244415895E1,-6.096364997533E0));
#3899=LINE('',#3898,#3897);
#3900=DIRECTION('',(9.713219917786E-1,-2.377679294760E-1,0.E0));
#3901=VECTOR('',#3900,1.752382290396E-1);
#3902=CARTESIAN_POINT('',(1.597386590341E2,4.100411018983E1,-6.096364997533E0));
#3903=LINE('',#3902,#3901);
#3904=DIRECTION('',(8.373772700341E-1,-5.466253814361E-1,0.E0));
#3905=VECTOR('',#3904,1.524517008289E-1);
#3906=CARTESIAN_POINT('',(1.596109994450E2,4.108744415895E1,-6.096364997533E0));
#3907=LINE('',#3906,#3905);
#3908=DIRECTION('',(7.145117189358E-1,-6.996234726647E-1,0.E0));
#3909=VECTOR('',#3908,1.191112343966E-1);
#3910=CARTESIAN_POINT('',(1.595258930722E2,4.117077717439E1,-6.096364997533E0));
#3911=LINE('',#3910,#3909);
#3912=DIRECTION('',(1.E0,0.E0,0.E0));
#3913=VECTOR('',#3912,8.510638475418E-1);
#3914=CARTESIAN_POINT('',(1.593131271103E2,4.262911018983E1,-6.096364997533E0));
#3915=LINE('',#3914,#3913);
#3916=DIRECTION('',(0.E0,1.E0,0.E0));
#3917=VECTOR('',#3916,2.083330154419E-1);
#3918=CARTESIAN_POINT('',(1.593131271103E2,4.242077717439E1,-6.096364997533E0));
#3919=LINE('',#3918,#3917);
#3920=DIRECTION('',(-1.E0,0.E0,0.E0));
#3921=VECTOR('',#3920,1.361702084541E0);
#3922=CARTESIAN_POINT('',(1.606748291948E2,4.242077717439E1,-6.096364997533E0));
#3923=LINE('',#3922,#3921);
#3924=DIRECTION('',(0.E0,-1.E0,0.E0));
#3925=VECTOR('',#3924,2.083330154419E-1);
#3926=CARTESIAN_POINT('',(1.606748291948E2,4.262911018983E1,-6.096364997533E0));
#3927=LINE('',#3926,#3925);
#3928=DIRECTION('',(1.E0,0.E0,0.E0));
#3929=VECTOR('',#3928,2.553191184998E-1);
#3930=CARTESIAN_POINT('',(1.604195100763E2,4.262911018983E1,-6.096364997533E0));
#3931=LINE('',#3930,#3929);
#3932=DIRECTION('',(-7.145077165411E-1,-6.996275602085E-1,0.E0));
#3933=VECTOR('',#3932,1.191119016114E-1);
#3934=CARTESIAN_POINT('',(1.605046164492E2,4.271244415895E1,-6.096364997533E0));
#3935=LINE('',#3934,#3933);
#3936=DIRECTION('',(-5.627909312417E-1,-8.265992787996E-1,0.E0));
#3937=VECTOR('',#3936,1.512220046714E-1);
#3938=CARTESIAN_POINT('',(1.605897228220E2,4.283744415895E1,-6.096364997533E0));
#3939=LINE('',#3938,#3937);
#3940=DIRECTION('',(-3.222637633772E-1,-9.466499177700E-1,0.E0));
#3941=VECTOR('',#3940,1.320445897196E-1);
#3942=CARTESIAN_POINT('',(1.606322760084E2,4.296244415895E1,-6.096364997533E0));
#3943=LINE('',#3942,#3941);
#3944=DIRECTION('',(-2.001236481946E-1,-9.797706494039E-1,0.E0));
#3945=VECTOR('',#3944,2.126344727398E-1);
#3946=CARTESIAN_POINT('',(1.606748291948E2,4.317077717439E1,-6.096364997533E0));
#3947=LINE('',#3946,#3945);
#3948=DIRECTION('',(1.E0,0.E0,0.E0));
#3949=VECTOR('',#3948,2.127659320831E-1);
#3950=CARTESIAN_POINT('',(1.604620632628E2,4.317077717439E1,-6.096364997533E0));
#3951=LINE('',#3950,#3949);
#3952=DIRECTION('',(1.677993286083E-1,9.858211730931E-1,0.E0));
#3953=VECTOR('',#3952,2.535956893841E-1);
#3954=CARTESIAN_POINT('',(1.604195100763E2,4.292077717439E1,-6.096364997533E0));
#3955=LINE('',#3954,#3953);
#3956=DIRECTION('',(4.547764255314E-1,8.906056381928E-1,0.E0));
#3957=VECTOR('',#3956,1.871389281751E-1);
#3958=CARTESIAN_POINT('',(1.603344037035E2,4.275411018983E1,-6.096364997533E0));
#3959=LINE('',#3958,#3957);
#3960=DIRECTION('',(8.060043958311E-1,5.919095487496E-1,0.E0));
#3961=VECTOR('',#3960,2.111809148274E-1);
#3962=CARTESIAN_POINT('',(1.601641909578E2,4.262911018983E1,-6.096364997533E0));
#3963=LINE('',#3962,#3961);
#3964=DIRECTION('',(2.001237154668E-1,-9.797706356631E-1,0.E0));
#3965=VECTOR('',#3964,2.126344757218E-1);
#3966=CARTESIAN_POINT('',(1.594833398709E2,4.442077717439E1,-6.096364997533E0));
#3967=LINE('',#3966,#3965);
#3968=DIRECTION('',(1.E0,0.E0,0.E0));
#3969=VECTOR('',#3968,1.702127605677E-1);
#3970=CARTESIAN_POINT('',(1.593131271103E2,4.442077717439E1,-6.096364997533E0));
#3971=LINE('',#3970,#3969);
#3972=DIRECTION('',(-1.677993428846E-1,9.858211706631E-1,0.E0));
#3973=VECTOR('',#3972,2.535956900092E-1);
#3974=CARTESIAN_POINT('',(1.593556803004E2,4.417077717439E1,-6.096364997533E0));
#3975=LINE('',#3974,#3973);
#3976=DIRECTION('',(-3.222637886596E-1,9.466499091632E-1,0.E0));
#3977=VECTOR('',#3976,1.320445909201E-1);
#3978=CARTESIAN_POINT('',(1.593982334906E2,4.404577717439E1,-6.096364997533E0));
#3979=LINE('',#3978,#3977);
#3980=DIRECTION('',(-5.627909649057E-1,8.265992558795E-1,0.E0));
#3981=VECTOR('',#3980,1.512220088645E-1);
#3982=CARTESIAN_POINT('',(1.594833398709E2,4.392077717439E1,-6.096364997533E0));
#3983=LINE('',#3982,#3981);
#3984=DIRECTION('',(-8.981387748069E-1,4.397121117144E-1,0.E0));
#3985=VECTOR('',#3984,1.895172164282E-1);
#3986=CARTESIAN_POINT('',(1.596535526314E2,4.383744415895E1,-6.096364997533E0));
#3987=LINE('',#3986,#3985);
#3988=DIRECTION('',(-1.E0,0.E0,0.E0));
#3989=VECTOR('',#3988,8.510638177395E-1);
#3990=CARTESIAN_POINT('',(1.605046164492E2,4.383744415895E1,-6.096364997533E0));
#3991=LINE('',#3990,#3989);
#3992=DIRECTION('',(0.E0,1.E0,0.E0));
#3993=VECTOR('',#3992,3.333339691162E-1);
#3994=CARTESIAN_POINT('',(1.605046164492E2,4.350411018983E1,-6.096364997533E0));
#3995=LINE('',#3994,#3993);
#3996=DIRECTION('',(-1.E0,0.E0,0.E0));
#3997=VECTOR('',#3996,1.702127456665E-1);
#3998=CARTESIAN_POINT('',(1.606748291948E2,4.350411018983E1,-6.096364997533E0));
#3999=LINE('',#3998,#3997);
#4000=DIRECTION('',(0.E0,-1.E0,0.E0));
#4001=VECTOR('',#4000,3.333339691162E-1);
#4002=CARTESIAN_POINT('',(1.606748291948E2,4.383744415895E1,-6.096364997533E0));
#4003=LINE('',#4002,#4001);
#4004=DIRECTION('',(-1.E0,0.E0,0.E0));
#4005=VECTOR('',#4004,3.404256105423E-1);
#4006=CARTESIAN_POINT('',(1.610152548054E2,4.383744415895E1,-6.096364997533E0));
#4007=LINE('',#4006,#4005);
#4008=DIRECTION('',(0.E0,-1.E0,0.E0));
#4009=VECTOR('',#4008,2.083330154419E-1);
#4010=CARTESIAN_POINT('',(1.610152548054E2,4.404577717439E1,-6.096364997533E0));
#4011=LINE('',#4010,#4009);
#4012=DIRECTION('',(1.E0,0.E0,0.E0));
#4013=VECTOR('',#4012,3.404256105423E-1);
#4014=CARTESIAN_POINT('',(1.606748291948E2,4.404577717439E1,-6.096364997533E0));
#4015=LINE('',#4014,#4013);
#4016=DIRECTION('',(0.E0,-1.E0,0.E0));
#4017=VECTOR('',#4016,4.583330154419E-1);
#4018=CARTESIAN_POINT('',(1.606748291948E2,4.450411018983E1,-6.096364997533E0));
#4019=LINE('',#4018,#4017);
#4020=DIRECTION('',(1.E0,0.E0,0.E0));
#4021=VECTOR('',#4020,1.702127456665E-1);
#4022=CARTESIAN_POINT('',(1.605046164492E2,4.450411018983E1,-6.096364997533E0));
#4023=LINE('',#4022,#4021);
#4024=DIRECTION('',(0.E0,1.E0,0.E0));
#4025=VECTOR('',#4024,4.583330154419E-1);
#4026=CARTESIAN_POINT('',(1.605046164492E2,4.404577717439E1,-6.096364997533E0));
#4027=LINE('',#4026,#4025);
#4028=DIRECTION('',(1.E0,0.E0,0.E0));
#4029=VECTOR('',#4028,7.659574151039E-1);
#4030=CARTESIAN_POINT('',(1.597386590341E2,4.404577717439E1,-6.096364997533E0));
#4031=LINE('',#4030,#4029);
#4032=DIRECTION('',(9.506445152164E-1,-3.102821388495E-1,0.E0));
#4033=VECTOR('',#4032,1.342874092353E-1);
#4034=CARTESIAN_POINT('',(1.596109994450E2,4.408744415895E1,-6.096364997533E0));
#4035=LINE('',#4034,#4033);
#4036=DIRECTION('',(5.627909312417E-1,-8.265992787996E-1,0.E0));
#4037=VECTOR('',#4036,1.512220046714E-1);
#4038=CARTESIAN_POINT('',(1.595258930722E2,4.421244415895E1,-6.096364997533E0));
#4039=LINE('',#4038,#4037);
#4040=DIRECTION('',(1.E0,0.E0,0.E0));
#4041=VECTOR('',#4040,8.510638475418E-1);
#4042=CARTESIAN_POINT('',(1.593131271103E2,4.704577717439E1,-6.096364997533E0));
#4043=LINE('',#4042,#4041);
#4044=DIRECTION('',(0.E0,1.E0,0.E0));
#4045=VECTOR('',#4044,2.083330154419E-1);
#4046=CARTESIAN_POINT('',(1.593131271103E2,4.683744415895E1,-6.096364997533E0));
#4047=LINE('',#4046,#4045);
#4048=DIRECTION('',(-1.E0,0.E0,0.E0));
#4049=VECTOR('',#4048,1.361702084541E0);
#4050=CARTESIAN_POINT('',(1.606748291948E2,4.683744415895E1,-6.096364997533E0));
#4051=LINE('',#4050,#4049);
#4052=DIRECTION('',(0.E0,-1.E0,0.E0));
#4053=VECTOR('',#4052,2.083330154419E-1);
#4054=CARTESIAN_POINT('',(1.606748291948E2,4.704577717439E1,-6.096364997533E0));
#4055=LINE('',#4054,#4053);
#4056=DIRECTION('',(1.E0,0.E0,0.E0));
#4057=VECTOR('',#4056,2.553191184998E-1);
#4058=CARTESIAN_POINT('',(1.604195100763E2,4.704577717439E1,-6.096364997533E0));
#4059=LINE('',#4058,#4057);
#4060=DIRECTION('',(-7.145117189358E-1,-6.996234726647E-1,0.E0));
#4061=VECTOR('',#4060,1.191112343966E-1);
#4062=CARTESIAN_POINT('',(1.605046164492E2,4.712911018983E1,-6.096364997533E0));
#4063=LINE('',#4062,#4061);
#4064=DIRECTION('',(-5.627909312417E-1,-8.265992787996E-1,0.E0));
#4065=VECTOR('',#4064,1.512220046714E-1);
#4066=CARTESIAN_POINT('',(1.605897228220E2,4.725411018983E1,-6.096364997533E0));
#4067=LINE('',#4066,#4065);
#4068=DIRECTION('',(-3.222637633772E-1,-9.466499177700E-1,0.E0));
#4069=VECTOR('',#4068,1.320445897196E-1);
#4070=CARTESIAN_POINT('',(1.606322760084E2,4.737911018983E1,-6.096364997533E0));
#4071=LINE('',#4070,#4069);
#4072=DIRECTION('',(-2.001236481946E-1,-9.797706494039E-1,0.E0));
#4073=VECTOR('',#4072,2.126344727398E-1);
#4074=CARTESIAN_POINT('',(1.606748291948E2,4.758744320528E1,-6.096364997533E0));
#4075=LINE('',#4074,#4073);
#4076=DIRECTION('',(1.E0,0.E0,0.E0));
#4077=VECTOR('',#4076,2.127659320831E-1);
#4078=CARTESIAN_POINT('',(1.604620632628E2,4.758744320528E1,-6.096364997533E0));
#4079=LINE('',#4078,#4077);
#4080=DIRECTION('',(1.677999506911E-1,9.858210672064E-1,0.E0));
#4081=VECTOR('',#4080,2.535947492318E-1);
#4082=CARTESIAN_POINT('',(1.604195100763E2,4.733744415895E1,-6.096364997533E0));
#4083=LINE('',#4082,#4081);
#4084=DIRECTION('',(4.547764255314E-1,8.906056381928E-1,0.E0));
#4085=VECTOR('',#4084,1.871389281751E-1);
#4086=CARTESIAN_POINT('',(1.603344037035E2,4.717077717439E1,-6.096364997533E0));
#4087=LINE('',#4086,#4085);
#4088=DIRECTION('',(8.060043958311E-1,5.919095487496E-1,0.E0));
#4089=VECTOR('',#4088,2.111809148274E-1);
#4090=CARTESIAN_POINT('',(1.601641909578E2,4.704577717439E1,-6.096364997533E0));
#4091=LINE('',#4090,#4089);
#4092=DIRECTION('',(9.506424097295E-1,-3.102885895802E-1,0.E0));
#4093=VECTOR('',#4092,1.342876909808E-1);
#4094=CARTESIAN_POINT('',(1.593131271103E2,4.925411114351E1,-6.096364997533E0));
#4095=LINE('',#4094,#4093);
#4096=DIRECTION('',(0.E0,1.E0,0.E0));
#4097=VECTOR('',#4096,2.083339691162E-1);
#4098=CARTESIAN_POINT('',(1.593131271103E2,4.904577717439E1,-6.096364997533E0));
#4099=LINE('',#4098,#4097);
#4100=DIRECTION('',(-8.981407621015E-1,4.397080525209E-1,0.E0));
#4101=VECTOR('',#4100,9.475839854401E-2);
#4102=CARTESIAN_POINT('',(1.593982334906E2,4.900411114351E1,-6.096364997533E0));
#4103=LINE('',#4102,#4101);
#4104=DIRECTION('',(-9.506424150713E-1,3.102885732144E-1,0.E0));
#4105=VECTOR('',#4104,1.342876980637E-1);
#4106=CARTESIAN_POINT('',(1.595258930722E2,4.896244320528E1,-6.096364997533E0));
#4107=LINE('',#4106,#4105);
#4108=DIRECTION('',(8.981407773035E-1,4.397080214695E-1,0.E0));
#4109=VECTOR('',#4108,9.475840523568E-2);
#4110=CARTESIAN_POINT('',(1.594407866845E2,4.892077717439E1,-6.096364997533E0));
#4111=LINE('',#4110,#4109);
#4112=DIRECTION('',(5.627909817377E-1,8.265992444194E-1,0.E0));
#4113=VECTOR('',#4112,1.512220109611E-1);
#4114=CARTESIAN_POINT('',(1.593556803004E2,4.879577717439E1,-6.096364997533E0));
#4115=LINE('',#4114,#4113);
#4116=DIRECTION('',(2.001227856107E-1,9.797708255911E-1,0.E0));
#4117=VECTOR('',#4116,2.126354078675E-1);
#4118=CARTESIAN_POINT('',(1.593131271103E2,4.858744320528E1,-6.096364997533E0));
#4119=LINE('',#4118,#4117);
#4120=DIRECTION('',(0.E0,1.E0,0.E0));
#4121=VECTOR('',#4120,2.5E-1);
#4122=CARTESIAN_POINT('',(1.593131271103E2,4.833744320528E1,-6.096364997533E0));
#4123=LINE('',#4122,#4121);
#4124=DIRECTION('',(-2.473841238545E-1,9.689174863035E-1,0.E0));
#4125=VECTOR('',#4124,1.720126153566E-1);
#4126=CARTESIAN_POINT('',(1.593556803004E2,4.817077717439E1,-6.096364997533E0));
#4127=LINE('',#4126,#4125);
#4128=DIRECTION('',(-4.547743930726E-1,8.906066760391E-1,0.E0));
#4129=VECTOR('',#4128,9.356989045583E-2);
#4130=CARTESIAN_POINT('',(1.593982334906E2,4.808744320528E1,-6.096364997533E0));
#4131=LINE('',#4130,#4129);
#4132=DIRECTION('',(-7.145104460365E-1,6.996247726494E-1,0.E0));
#4133=VECTOR('',#4132,1.786672011722E-1);
#4134=CARTESIAN_POINT('',(1.595258930722E2,4.796244320528E1,-6.096364997533E0));
#4135=LINE('',#4134,#4133);
#4136=DIRECTION('',(-9.713220013931E-1,2.377678901991E-1,0.E0));
#4137=VECTOR('',#4136,1.752382579873E-1);
#4138=CARTESIAN_POINT('',(1.596961058477E2,4.792077717439E1,-6.096364997533E0));
#4139=LINE('',#4138,#4137);
#4140=DIRECTION('',(-1.E0,0.E0,0.E0));
#4141=VECTOR('',#4140,1.276595592499E-1);
#4142=CARTESIAN_POINT('',(1.598237654069E2,4.792077717439E1,-6.096364997533E0));
#4143=LINE('',#4142,#4141);
#4144=DIRECTION('',(-8.981367723003E-1,-4.397162019326E-1,0.E0));
#4145=VECTOR('',#4144,1.895176223890E-1);
#4146=CARTESIAN_POINT('',(1.599939781526E2,4.800411114351E1,-6.096364997533E0));
#4147=LINE('',#4146,#4145);
#4148=DIRECTION('',(-7.145159662884E-1,-6.996191349005E-1,0.E0));
#4149=VECTOR('',#4148,1.191106097740E-1);
#4150=CARTESIAN_POINT('',(1.600790845850E2,4.808744320528E1,-6.096364997533E0));
#4151=LINE('',#4150,#4149);
#4152=DIRECTION('',(-4.547743614938E-1,-8.906066921644E-1,0.E0));
#4153=VECTOR('',#4152,1.871397775233E-1);
#4154=CARTESIAN_POINT('',(1.601641909578E2,4.825411114351E1,-6.096364997533E0));
#4155=LINE('',#4154,#4153);
#4156=DIRECTION('',(-1.677993286083E-1,-9.858211730931E-1,0.E0));
#4157=VECTOR('',#4156,2.535956893841E-1);
#4158=CARTESIAN_POINT('',(1.602067441443E2,4.850411114351E1,-6.096364997533E0));
#4159=LINE('',#4158,#4157);
#4160=DIRECTION('',(0.E0,-1.E0,0.E0));
#4161=VECTOR('',#4160,4.583320617676E-1);
#4162=CARTESIAN_POINT('',(1.602067441443E2,4.896244320528E1,-6.096364997533E0));
#4163=LINE('',#4162,#4161);
#4164=DIRECTION('',(-1.E0,0.E0,0.E0));
#4165=VECTOR('',#4164,1.276595592499E-1);
#4166=CARTESIAN_POINT('',(1.603344037035E2,4.896244320528E1,-6.096364997533E0));
#4167=LINE('',#4166,#4165);
#4168=DIRECTION('',(-8.981407468995E-1,4.397080835723E-1,0.E0));
#4169=VECTOR('',#4168,9.475839185234E-2);
#4170=CARTESIAN_POINT('',(1.604195100763E2,4.892077717439E1,-6.096364997533E0));
#4171=LINE('',#4170,#4169);
#4172=DIRECTION('',(-4.547743614938E-1,8.906066921644E-1,0.E0));
#4173=VECTOR('',#4172,9.356988876166E-2);
#4174=CARTESIAN_POINT('',(1.604620632628E2,4.883744320528E1,-6.096364997533E0));
#4175=LINE('',#4174,#4173);
#4176=DIRECTION('',(-2.473841035229E-1,9.689174914946E-1,0.E0));
#4177=VECTOR('',#4176,1.720126144350E-1);
#4178=CARTESIAN_POINT('',(1.605046164492E2,4.867077717439E1,-6.096364997533E0));
#4179=LINE('',#4178,#4177);
#4180=DIRECTION('',(0.E0,1.E0,0.E0));
#4181=VECTOR('',#4180,2.5E-1);
#4182=CARTESIAN_POINT('',(1.605046164492E2,4.842077717439E1,-6.096364997533E0));
#4183=LINE('',#4182,#4181);
#4184=DIRECTION('',(2.473841035229E-1,9.689174914946E-1,0.E0));
#4185=VECTOR('',#4184,1.720126144350E-1);
#4186=CARTESIAN_POINT('',(1.604620632628E2,4.825411114351E1,-6.096364997533E0));
#4187=LINE('',#4186,#4185);
#4188=DIRECTION('',(4.547743614938E-1,8.906066921644E-1,0.E0));
#4189=VECTOR('',#4188,9.356988876166E-2);
#4190=CARTESIAN_POINT('',(1.604195100763E2,4.817077717439E1,-6.096364997533E0));
#4191=LINE('',#4190,#4189);
#4192=DIRECTION('',(8.981407468995E-1,4.397080835723E-1,0.E0));
#4193=VECTOR('',#4192,9.475839185234E-2);
#4194=CARTESIAN_POINT('',(1.603344037035E2,4.812911114351E1,-6.096364997533E0));
#4195=LINE('',#4194,#4193);
#4196=DIRECTION('',(0.E0,1.E0,0.E0));
#4197=VECTOR('',#4196,2.083339691162E-1);
#4198=CARTESIAN_POINT('',(1.603344037035E2,4.792077717439E1,-6.096364997533E0));
#4199=LINE('',#4198,#4197);
#4200=DIRECTION('',(-1.E0,0.E0,0.E0));
#4201=VECTOR('',#4200,8.510637283325E-2);
#4202=CARTESIAN_POINT('',(1.604195100763E2,4.792077717439E1,-6.096364997533E0));
#4203=LINE('',#4202,#4201);
#4204=DIRECTION('',(-8.981407468995E-1,-4.397080835723E-1,0.E0));
#4205=VECTOR('',#4204,9.475839185234E-2);
#4206=CARTESIAN_POINT('',(1.605046164492E2,4.796244320528E1,-6.096364997533E0));
#4207=LINE('',#4206,#4205);
#4208=DIRECTION('',(-7.145077165410E-1,-6.996275602085E-1,0.E0));
#4209=VECTOR('',#4208,1.191119016114E-1);
#4210=CARTESIAN_POINT('',(1.605897228220E2,4.804577717439E1,-6.096364997533E0));
#4211=LINE('',#4210,#4209);
#4212=DIRECTION('',(-4.547743614938E-1,-8.906066921644E-1,0.E0));
#4213=VECTOR('',#4212,9.356988876166E-2);
#4214=CARTESIAN_POINT('',(1.606322760084E2,4.812911114351E1,-6.096364997533E0));
#4215=LINE('',#4214,#4213);
#4216=DIRECTION('',(-1.443685390539E-1,-9.895239890632E-1,0.E0));
#4217=VECTOR('',#4216,2.947538757094E-1);
#4218=CARTESIAN_POINT('',(1.606748291948E2,4.842077717439E1,-6.096364997533E0));
#4219=LINE('',#4218,#4217);
#4220=DIRECTION('',(0.E0,-1.E0,0.E0));
#4221=VECTOR('',#4220,2.5E-1);
#4222=CARTESIAN_POINT('',(1.606748291948E2,4.867077717439E1,-6.096364997533E0));
#4223=LINE('',#4222,#4221);
#4224=DIRECTION('',(1.677993286083E-1,-9.858211730931E-1,0.E0));
#4225=VECTOR('',#4224,2.535956893841E-1);
#4226=CARTESIAN_POINT('',(1.606322760084E2,4.892077717439E1,-6.096364997533E0));
#4227=LINE('',#4226,#4225);
#4228=DIRECTION('',(5.627909312417E-1,-8.265992787996E-1,0.E0));
#4229=VECTOR('',#4228,1.512220046714E-1);
#4230=CARTESIAN_POINT('',(1.605471696356E2,4.904577717439E1,-6.096364997533E0));
#4231=LINE('',#4230,#4229);
#4232=DIRECTION('',(7.145077165410E-1,-6.996275602085E-1,0.E0));
#4233=VECTOR('',#4232,1.191119016114E-1);
#4234=CARTESIAN_POINT('',(1.604620632628E2,4.912911114351E1,-6.096364997533E0));
#4235=LINE('',#4234,#4233);
#4236=DIRECTION('',(9.506465886201E-1,-3.102757862690E-1,0.E0));
#4237=VECTOR('',#4236,1.342870849988E-1);
#4238=CARTESIAN_POINT('',(1.603344037035E2,4.917077717439E1,-6.096364997533E0));
#4239=LINE('',#4238,#4237);
#4240=DIRECTION('',(1.E0,0.E0,0.E0));
#4241=VECTOR('',#4240,6.808510720730E-1);
#4242=CARTESIAN_POINT('',(1.596535526314E2,4.917077717439E1,-6.096364997533E0));
#4243=LINE('',#4242,#4241);
#4244=DIRECTION('',(9.813596900943E-1,-1.921800162814E-1,0.E0));
#4245=VECTOR('',#4244,2.168073022888E-1);
#4246=CARTESIAN_POINT('',(1.594407866845E2,4.921244320528E1,-6.096364997533E0));
#4247=LINE('',#4246,#4245);
#4248=DIRECTION('',(-1.E0,0.E0,0.E0));
#4249=VECTOR('',#4248,2.553191184998E-1);
#4250=CARTESIAN_POINT('',(1.600365313390E2,4.896244320528E1,-6.096364997533E0));
#4251=LINE('',#4250,#4249);
#4252=DIRECTION('',(0.E0,1.E0,0.E0));
#4253=VECTOR('',#4252,4.583320617676E-1);
#4254=CARTESIAN_POINT('',(1.600365313390E2,4.850411114351E1,-6.096364997533E0));
#4255=LINE('',#4254,#4253);
#4256=DIRECTION('',(2.473814457133E-1,9.689181700829E-1,0.E0));
#4257=VECTOR('',#4256,1.720144624991E-1);
#4258=CARTESIAN_POINT('',(1.599939781526E2,4.833744320528E1,-6.096364997533E0));
#4259=LINE('',#4258,#4257);
#4260=DIRECTION('',(4.547826177422E-1,8.906024761921E-1,0.E0));
#4261=VECTOR('',#4260,9.356819006823E-2);
#4262=CARTESIAN_POINT('',(1.599514249662E2,4.825411114351E1,-6.096364997533E0));
#4263=LINE('',#4262,#4261);
#4264=DIRECTION('',(7.145077165410E-1,6.996275602085E-1,0.E0));
#4265=VECTOR('',#4264,1.191119016114E-1);
#4266=CARTESIAN_POINT('',(1.598663185933E2,4.817077717439E1,-6.096364997533E0));
#4267=LINE('',#4266,#4265);
#4268=DIRECTION('',(9.506465886201E-1,3.102757862690E-1,0.E0));
#4269=VECTOR('',#4268,1.342870849988E-1);
#4270=CARTESIAN_POINT('',(1.597386590341E2,4.812911114351E1,-6.096364997533E0));
#4271=LINE('',#4270,#4269);
#4272=DIRECTION('',(1.E0,0.E0,0.E0));
#4273=VECTOR('',#4272,8.510640263557E-2);
#4274=CARTESIAN_POINT('',(1.596535526314E2,4.812911114351E1,-6.096364997533E0));
#4275=LINE('',#4274,#4273);
#4276=DIRECTION('',(8.981407468995E-1,-4.397080835723E-1,0.E0));
#4277=VECTOR('',#4276,9.475839185234E-2);
#4278=CARTESIAN_POINT('',(1.595684462586E2,4.817077717439E1,-6.096364997533E0));
#4279=LINE('',#4278,#4277);
#4280=DIRECTION('',(4.547785527433E-1,-8.906045519560E-1,0.E0));
#4281=VECTOR('',#4280,1.871380856046E-1);
#4282=CARTESIAN_POINT('',(1.594833398709E2,4.833744320528E1,-6.096364997533E0));
#4283=LINE('',#4282,#4281);
#4284=DIRECTION('',(0.E0,-1.E0,0.E0));
#4285=VECTOR('',#4284,2.5E-1);
#4286=CARTESIAN_POINT('',(1.594833398709E2,4.858744320528E1,-6.096364997533E0));
#4287=LINE('',#4286,#4285);
#4288=DIRECTION('',(-3.781716621814E-1,-9.257354880974E-1,0.E0));
#4289=VECTOR('',#4288,2.250469726988E-1);
#4290=CARTESIAN_POINT('',(1.595684462586E2,4.879577717439E1,-6.096364997533E0));
#4291=LINE('',#4290,#4289);
#4292=DIRECTION('',(-7.145104664480E-1,-6.996247518036E-1,0.E0));
#4293=VECTOR('',#4292,1.786672064957E-1);
#4294=CARTESIAN_POINT('',(1.596961058477E2,4.892077717439E1,-6.096364997533E0));
#4295=LINE('',#4294,#4293);
#4296=DIRECTION('',(-8.981407468995E-1,-4.397080835723E-1,0.E0));
#4297=VECTOR('',#4296,9.475839185234E-2);
#4298=CARTESIAN_POINT('',(1.597812122205E2,4.896244320528E1,-6.096364997533E0));
#4299=LINE('',#4298,#4297);
#4300=DIRECTION('',(1.E0,0.E0,0.E0));
#4301=VECTOR('',#4300,9.787234067917E-1);
#4302=CARTESIAN_POINT('',(1.593131271103E2,4.979577717439E1,-6.096364997533E0));
#4303=LINE('',#4302,#4301);
#4304=DIRECTION('',(0.E0,1.E0,0.E0));
#4305=VECTOR('',#4304,2.083339691162E-1);
#4306=CARTESIAN_POINT('',(1.593131271103E2,4.958744320528E1,-6.096364997533E0));
#4307=LINE('',#4306,#4305);
#4308=DIRECTION('',(-1.E0,0.E0,0.E0));
#4309=VECTOR('',#4308,1.361702084541E0);
#4310=CARTESIAN_POINT('',(1.606748291948E2,4.958744320528E1,-6.096364997533E0));
#4311=LINE('',#4310,#4309);
#4312=DIRECTION('',(0.E0,-1.E0,0.E0));
#4313=VECTOR('',#4312,2.083339691162E-1);
#4314=CARTESIAN_POINT('',(1.606748291948E2,4.979577717439E1,-6.096364997533E0));
#4315=LINE('',#4314,#4313);
#4316=DIRECTION('',(1.E0,0.E0,0.E0));
#4317=VECTOR('',#4316,2.127659320831E-1);
#4318=CARTESIAN_POINT('',(1.604620632628E2,4.979577717439E1,-6.096364997533E0));
#4319=LINE('',#4318,#4317);
#4320=DIRECTION('',(-7.145077165410E-1,-6.996275602085E-1,0.E0));
#4321=VECTOR('',#4320,1.191119016114E-1);
#4322=CARTESIAN_POINT('',(1.605471696356E2,4.987911114351E1,-6.096364997533E0));
#4323=LINE('',#4322,#4321);
#4324=DIRECTION('',(-5.627909312417E-1,-8.265992787996E-1,0.E0));
#4325=VECTOR('',#4324,1.512220046714E-1);
#4326=CARTESIAN_POINT('',(1.606322760084E2,5.000411114351E1,-6.096364997533E0));
#4327=LINE('',#4326,#4325);
#4328=DIRECTION('',(-2.473841035229E-1,-9.689174914946E-1,0.E0));
#4329=VECTOR('',#4328,1.720126144350E-1);
#4330=CARTESIAN_POINT('',(1.606748291948E2,5.017077717439E1,-6.096364997533E0));
#4331=LINE('',#4330,#4329);
#4332=DIRECTION('',(0.E0,-1.E0,0.E0));
#4333=VECTOR('',#4332,1.666660308838E-1);
#4334=CARTESIAN_POINT('',(1.606748291948E2,5.033744320528E1,-6.096364997533E0));
#4335=LINE('',#4334,#4333);
#4336=DIRECTION('',(3.222637633772E-1,-9.466499177700E-1,0.E0));
#4337=VECTOR('',#4336,1.320445897196E-1);
#4338=CARTESIAN_POINT('',(1.606322760084E2,5.046244320528E1,-6.096364997533E0));
#4339=LINE('',#4338,#4337);
#4340=DIRECTION('',(5.627909312417E-1,-8.265992787996E-1,0.E0));
#4341=VECTOR('',#4340,1.512220046714E-1);
#4342=CARTESIAN_POINT('',(1.605471696356E2,5.058744320528E1,-6.096364997533E0));
#4343=LINE('',#4342,#4341);
#4344=DIRECTION('',(7.145077165410E-1,-6.996275602085E-1,0.E0));
#4345=VECTOR('',#4344,1.191119016114E-1);
#4346=CARTESIAN_POINT('',(1.604620632628E2,5.067077717439E1,-6.096364997533E0));
#4347=LINE('',#4346,#4345);
#4348=DIRECTION('',(9.506465886201E-1,-3.102757862690E-1,0.E0));
#4349=VECTOR('',#4348,1.342870849988E-1);
#4350=CARTESIAN_POINT('',(1.603344037035E2,5.071244320528E1,-6.096364997533E0));
#4351=LINE('',#4350,#4349);
#4352=DIRECTION('',(9.813580283453E-1,-1.921885017429E-1,0.E0));
#4353=VECTOR('',#4352,2.168076542278E-1);
#4354=CARTESIAN_POINT('',(1.601216377714E2,5.075411114351E1,-6.096364997533E0));
#4355=LINE('',#4354,#4353);
#4356=DIRECTION('',(1.E0,0.E0,0.E0));
#4357=VECTOR('',#4356,8.085106611252E-1);
#4358=CARTESIAN_POINT('',(1.593131271103E2,5.075411114351E1,-6.096364997533E0));
#4359=LINE('',#4358,#4357);
#4360=DIRECTION('',(0.E0,1.E0,0.E0));
#4361=VECTOR('',#4360,2.083339691162E-1);
#4362=CARTESIAN_POINT('',(1.593131271103E2,5.054577717439E1,-6.096364997533E0));
#4363=LINE('',#4362,#4361);
#4364=DIRECTION('',(-1.E0,0.E0,0.E0));
#4365=VECTOR('',#4364,8.085106611252E-1);
#4366=CARTESIAN_POINT('',(1.601216377714E2,5.054577717439E1,-6.096364997533E0));
#4367=LINE('',#4366,#4365);
#4368=DIRECTION('',(-9.813596875559E-1,1.921800292438E-1,0.E0));
#4369=VECTOR('',#4368,2.168072876654E-1);
#4370=CARTESIAN_POINT('',(1.603344037035E2,5.050411114351E1,-6.096364997533E0));
#4371=LINE('',#4370,#4369);
#4372=DIRECTION('',(-7.145077165410E-1,6.996275602085E-1,0.E0));
#4373=VECTOR('',#4372,1.191119016114E-1);
#4374=CARTESIAN_POINT('',(1.604195100763E2,5.042077717439E1,-6.096364997533E0));
#4375=LINE('',#4374,#4373);
#4376=DIRECTION('',(-4.547743614938E-1,8.906066921644E-1,0.E0));
#4377=VECTOR('',#4376,9.356988876166E-2);
#4378=CARTESIAN_POINT('',(1.604620632628E2,5.033744320528E1,-6.096364997533E0));
#4379=LINE('',#4378,#4377);
#4380=DIRECTION('',(-2.473841035229E-1,9.689174914946E-1,0.E0));
#4381=VECTOR('',#4380,1.720126144350E-1);
#4382=CARTESIAN_POINT('',(1.605046164492E2,5.017077717439E1,-6.096364997533E0));
#4383=LINE('',#4382,#4381);
#4384=DIRECTION('',(2.473841035229E-1,9.689174914946E-1,0.E0));
#4385=VECTOR('',#4384,1.720126144350E-1);
#4386=CARTESIAN_POINT('',(1.604620632628E2,5.000411114351E1,-6.096364997533E0));
#4387=LINE('',#4386,#4385);
#4388=DIRECTION('',(5.627909312417E-1,8.265992787996E-1,0.E0));
#4389=VECTOR('',#4388,1.512220046714E-1);
#4390=CARTESIAN_POINT('',(1.603769568899E2,4.987911114351E1,-6.096364997533E0));
#4391=LINE('',#4390,#4389);
#4392=DIRECTION('',(7.145077165410E-1,6.996275602085E-1,0.E0));
#4393=VECTOR('',#4392,1.191119016114E-1);
#4394=CARTESIAN_POINT('',(1.602918505171E2,4.979577717439E1,-6.096364997533E0));
#4395=LINE('',#4394,#4393);
#4396=DIRECTION('',(-9.506445098748E-1,3.102821552150E-1,0.E0));
#4397=VECTOR('',#4396,2.685748043050E-1);
#4398=CARTESIAN_POINT('',(1.591429143497E2,5.108744320528E1,-6.096364997533E0));
#4399=LINE('',#4398,#4397);
#4400=DIRECTION('',(0.E0,-1.E0,0.E0));
#4401=VECTOR('',#4400,2.083339691162E-1);
#4402=CARTESIAN_POINT('',(1.591429143497E2,5.129577717439E1,-6.096364997533E0));
#4403=LINE('',#4402,#4401);
#4404=DIRECTION('',(9.506465993029E-1,-3.102757535385E-1,0.E0));
#4405=VECTOR('',#4404,1.342870991646E-1);
#4406=CARTESIAN_POINT('',(1.590152547756E2,5.133744320528E1,-6.096364997533E0));
#4407=LINE('',#4406,#4405);
#4408=DIRECTION('',(8.373772700341E-1,-5.466253814361E-1,0.E0));
#4409=VECTOR('',#4408,1.524517008289E-1);
#4410=CARTESIAN_POINT('',(1.588875951865E2,5.142077717439E1,-6.096364997533E0));
#4411=LINE('',#4410,#4409);
#4412=DIRECTION('',(4.547784895854E-1,-8.906045842070E-1,0.E0));
#4413=VECTOR('',#4412,1.871380788279E-1);
#4414=CARTESIAN_POINT('',(1.588024888137E2,5.158744320528E1,-6.096364997533E0));
#4415=LINE('',#4414,#4413);
#4416=DIRECTION('',(0.E0,-1.E0,0.E0));
#4417=VECTOR('',#4416,2.5E-1);
#4418=CARTESIAN_POINT('',(1.588024888137E2,5.183744320528E1,-6.096364997533E0));
#4419=LINE('',#4418,#4417);
#4420=DIRECTION('',(-2.473814457133E-1,-9.689181700829E-1,0.E0));
#4421=VECTOR('',#4420,1.720144624991E-1);
#4422=CARTESIAN_POINT('',(1.588450420001E2,5.200411114351E1,-6.096364997533E0));
#4423=LINE('',#4422,#4421);
#4424=DIRECTION('',(-7.145104664480E-1,-6.996247518036E-1,0.E0));
#4425=VECTOR('',#4424,1.786672064957E-1);
#4426=CARTESIAN_POINT('',(1.589727015892E2,5.212911114351E1,-6.096364997533E0));
#4427=LINE('',#4426,#4425);
#4428=DIRECTION('',(-8.981407468995E-1,-4.397080835723E-1,0.E0));
#4429=VECTOR('',#4428,9.475839185234E-2);
#4430=CARTESIAN_POINT('',(1.590578079620E2,5.217077717439E1,-6.096364997533E0));
#4431=LINE('',#4430,#4429);
#4432=DIRECTION('',(-9.713219989895E-1,-2.377679000183E-1,0.E0));
#4433=VECTOR('',#4432,1.752382507503E-1);
#4434=CARTESIAN_POINT('',(1.592280207300E2,5.221244320528E1,-6.096364997533E0));
#4435=LINE('',#4434,#4433);
#4436=DIRECTION('',(-1.E0,0.E0,0.E0));
#4437=VECTOR('',#4436,3.404255285859E-1);
#4438=CARTESIAN_POINT('',(1.595684462586E2,5.221244320528E1,-6.096364997533E0));
#4439=LINE('',#4438,#4437);
#4440=DIRECTION('',(8.981407773035E-1,4.397080214695E-1,0.E0));
#4441=VECTOR('',#4440,9.475840523568E-2);
#4442=CARTESIAN_POINT('',(1.594833398709E2,5.217077717439E1,-6.096364997533E0));
#4443=LINE('',#4442,#4441);
#4444=DIRECTION('',(7.145077471585E-1,6.996275289399E-1,0.E0));
#4445=VECTOR('',#4444,1.191119069349E-1);
#4446=CARTESIAN_POINT('',(1.593982334906E2,5.208744320528E1,-6.096364997533E0));
#4447=LINE('',#4446,#4445);
#4448=DIRECTION('',(4.547826493213E-1,8.906024600664E-1,0.E0));
#4449=VECTOR('',#4448,9.356819176242E-2);
#4450=CARTESIAN_POINT('',(1.593556803004E2,5.200411114351E1,-6.096364997533E0));
#4451=LINE('',#4450,#4449);
#4452=DIRECTION('',(2.473814660448E-1,9.689181648919E-1,0.E0));
#4453=VECTOR('',#4452,1.720144634207E-1);
#4454=CARTESIAN_POINT('',(1.593131271103E2,5.183744320528E1,-6.096364997533E0));
#4455=LINE('',#4454,#4453);
#4456=DIRECTION('',(0.E0,1.E0,0.E0));
#4457=VECTOR('',#4456,2.5E-1);
#4458=CARTESIAN_POINT('',(1.593131271103E2,5.158744320528E1,-6.096364997533E0));
#4459=LINE('',#4458,#4457);
#4460=DIRECTION('',(-2.473841238545E-1,9.689174863035E-1,0.E0));
#4461=VECTOR('',#4460,1.720126153566E-1);
#4462=CARTESIAN_POINT('',(1.593556803004E2,5.142077717439E1,-6.096364997533E0));
#4463=LINE('',#4462,#4461);
#4464=DIRECTION('',(-5.627909817377E-1,8.265992444194E-1,0.E0));
#4465=VECTOR('',#4464,1.512220109611E-1);
#4466=CARTESIAN_POINT('',(1.594407866845E2,5.129577717439E1,-6.096364997533E0));
#4467=LINE('',#4466,#4465);
#4468=DIRECTION('',(-7.145104256249E-1,6.996247934953E-1,0.E0));
#4469=VECTOR('',#4468,1.786671958487E-1);
#4470=CARTESIAN_POINT('',(1.595684462586E2,5.117077717439E1,-6.096364997533E0));
#4471=LINE('',#4470,#4469);
#4472=DIRECTION('',(-8.981407468995E-1,4.397080835723E-1,0.E0));
#4473=VECTOR('',#4472,9.475839185234E-2);
#4474=CARTESIAN_POINT('',(1.596535526314E2,5.112911114351E1,-6.096364997533E0));
#4475=LINE('',#4474,#4473);
#4476=DIRECTION('',(-9.713194876214E-1,2.377781591463E-1,0.E0));
#4477=VECTOR('',#4476,1.752387115033E-1);
#4478=CARTESIAN_POINT('',(1.598237654069E2,5.108744320528E1,-6.096364997533E0));
#4479=LINE('',#4478,#4477);
#4480=DIRECTION('',(-1.E0,0.E0,0.E0));
#4481=VECTOR('',#4480,3.404255509377E-1);
#4482=CARTESIAN_POINT('',(1.601641909578E2,5.108744320528E1,-6.096364997533E0));
#4483=LINE('',#4482,#4481);
#4484=DIRECTION('',(-9.713194780060E-1,-2.377781984247E-1,0.E0));
#4485=VECTOR('',#4484,1.752386825557E-1);
#4486=CARTESIAN_POINT('',(1.603344037035E2,5.112911114351E1,-6.096364997533E0));
#4487=LINE('',#4486,#4485);
#4488=DIRECTION('',(-8.981407468995E-1,-4.397080835723E-1,0.E0));
#4489=VECTOR('',#4488,9.475839185234E-2);
#4490=CARTESIAN_POINT('',(1.604195100763E2,5.117077717439E1,-6.096364997533E0));
#4491=LINE('',#4490,#4489);
#4492=DIRECTION('',(-7.145103848018E-1,-6.996248351869E-1,0.E0));
#4493=VECTOR('',#4492,1.786671852016E-1);
#4494=CARTESIAN_POINT('',(1.605471696356E2,5.129577717439E1,-6.096364997533E0));
#4495=LINE('',#4494,#4493);
#4496=DIRECTION('',(-5.627909312417E-1,-8.265992787996E-1,0.E0));
#4497=VECTOR('',#4496,1.512220046714E-1);
#4498=CARTESIAN_POINT('',(1.606322760084E2,5.142077717439E1,-6.096364997533E0));
#4499=LINE('',#4498,#4497);
#4500=DIRECTION('',(-2.473841035229E-1,-9.689174914946E-1,0.E0));
#4501=VECTOR('',#4500,1.720126144350E-1);
#4502=CARTESIAN_POINT('',(1.606748291948E2,5.158744320528E1,-6.096364997533E0));
#4503=LINE('',#4502,#4501);
#4504=DIRECTION('',(0.E0,-1.E0,0.E0));
#4505=VECTOR('',#4504,2.5E-1);
#4506=CARTESIAN_POINT('',(1.606748291948E2,5.183744320528E1,-6.096364997533E0));
#4507=LINE('',#4506,#4505);
#4508=DIRECTION('',(2.473814457133E-1,-9.689181700829E-1,0.E0));
#4509=VECTOR('',#4508,1.720144624991E-1);
#4510=CARTESIAN_POINT('',(1.606322760084E2,5.200411114351E1,-6.096364997533E0));
#4511=LINE('',#4510,#4509);
#4512=DIRECTION('',(4.547826177422E-1,-8.906024761921E-1,0.E0));
#4513=VECTOR('',#4512,9.356819006823E-2);
#4514=CARTESIAN_POINT('',(1.605897228220E2,5.208744320528E1,-6.096364997533E0));
#4515=LINE('',#4514,#4513);
#4516=DIRECTION('',(7.145077165410E-1,-6.996275602085E-1,0.E0));
#4517=VECTOR('',#4516,1.191119016114E-1);
#4518=CARTESIAN_POINT('',(1.605046164492E2,5.217077717439E1,-6.096364997533E0));
#4519=LINE('',#4518,#4517);
#4520=DIRECTION('',(8.981407468995E-1,-4.397080835723E-1,0.E0));
#4521=VECTOR('',#4520,9.475839185234E-2);
#4522=CARTESIAN_POINT('',(1.604195100763E2,5.221244320528E1,-6.096364997533E0));
#4523=LINE('',#4522,#4521);
#4524=DIRECTION('',(-1.E0,0.E0,0.E0));
#4525=VECTOR('',#4524,2.553191184998E-1);
#4526=CARTESIAN_POINT('',(1.606748291948E2,5.221244320528E1,-6.096364997533E0));
#4527=LINE('',#4526,#4525);
#4528=DIRECTION('',(0.E0,-1.E0,0.E0));
#4529=VECTOR('',#4528,2.083339691162E-1);
#4530=CARTESIAN_POINT('',(1.606748291948E2,5.242077717439E1,-6.096364997533E0));
#4531=LINE('',#4530,#4529);
#4532=DIRECTION('',(1.E0,0.E0,0.E0));
#4533=VECTOR('',#4532,1.446808464825E0);
#4534=CARTESIAN_POINT('',(1.592280207300E2,5.242077717439E1,-6.096364997533E0));
#4535=LINE('',#4534,#4533);
#4536=DIRECTION('',(9.630230009331E-1,2.694191895053E-1,0.E0));
#4537=VECTOR('',#4536,3.093097016186E-1);
#4538=CARTESIAN_POINT('',(1.589301483729E2,5.233744320528E1,-6.096364997533E0));
#4539=LINE('',#4538,#4537);
#4540=DIRECTION('',(8.373829383746E-1,5.466166979878E-1,0.E0));
#4541=VECTOR('',#4540,1.524506332762E-1);
#4542=CARTESIAN_POINT('',(1.588024888137E2,5.225411114351E1,-6.096364997533E0));
#4543=LINE('',#4542,#4541);
#4544=DIRECTION('',(5.627909312417E-1,8.265992787996E-1,0.E0));
#4545=VECTOR('',#4544,1.512220046714E-1);
#4546=CARTESIAN_POINT('',(1.587173824409E2,5.212911114351E1,-6.096364997533E0));
#4547=LINE('',#4546,#4545);
#4548=DIRECTION('',(3.222637633772E-1,9.466499177700E-1,0.E0));
#4549=VECTOR('',#4548,1.320445897196E-1);
#4550=CARTESIAN_POINT('',(1.586748292545E2,5.200411114351E1,-6.096364997533E0));
#4551=LINE('',#4550,#4549);
#4552=DIRECTION('',(2.473814457133E-1,9.689181700829E-1,0.E0));
#4553=VECTOR('',#4552,1.720144624991E-1);
#4554=CARTESIAN_POINT('',(1.586322760680E2,5.183744320528E1,-6.096364997533E0));
#4555=LINE('',#4554,#4553);
#4556=DIRECTION('',(0.E0,1.E0,0.E0));
#4557=VECTOR('',#4556,2.5E-1);
#4558=CARTESIAN_POINT('',(1.586322760680E2,5.158744320528E1,-6.096364997533E0));
#4559=LINE('',#4558,#4557);
#4560=DIRECTION('',(-2.473841035229E-1,9.689174914946E-1,0.E0));
#4561=VECTOR('',#4560,1.720126144350E-1);
#4562=CARTESIAN_POINT('',(1.586748292545E2,5.142077717439E1,-6.096364997533E0));
#4563=LINE('',#4562,#4561);
#4564=DIRECTION('',(-5.627909312417E-1,8.265992787996E-1,0.E0));
#4565=VECTOR('',#4564,1.512220046714E-1);
#4566=CARTESIAN_POINT('',(1.587599356273E2,5.129577717439E1,-6.096364997533E0));
#4567=LINE('',#4566,#4565);
#4568=DIRECTION('',(-7.145103848018E-1,6.996248351869E-1,0.E0));
#4569=VECTOR('',#4568,1.786671852016E-1);
#4570=CARTESIAN_POINT('',(1.588875951865E2,5.117077717439E1,-6.096364997533E0));
#4571=LINE('',#4570,#4569);
#4572=DIRECTION('',(-1.E0,0.E0,0.E0));
#4573=VECTOR('',#4572,4.255319237709E-1);
#4574=CARTESIAN_POINT('',(1.602067441443E2,5.221244320528E1,-6.096364997533E0));
#4575=LINE('',#4574,#4573);
#4576=DIRECTION('',(-8.373829383746E-1,5.466166979878E-1,0.E0));
#4577=VECTOR('',#4576,1.524506332762E-1);
#4578=CARTESIAN_POINT('',(1.603344037035E2,5.212911114351E1,-6.096364997533E0));
#4579=LINE('',#4578,#4577);
#4580=DIRECTION('',(-5.627909312417E-1,8.265992787996E-1,0.E0));
#4581=VECTOR('',#4580,1.512220046714E-1);
#4582=CARTESIAN_POINT('',(1.604195100763E2,5.200411114351E1,-6.096364997533E0));
#4583=LINE('',#4582,#4581);
#4584=DIRECTION('',(-2.473814457133E-1,9.689181700829E-1,0.E0));
#4585=VECTOR('',#4584,1.720144624991E-1);
#4586=CARTESIAN_POINT('',(1.604620632628E2,5.183744320528E1,-6.096364997533E0));
#4587=LINE('',#4586,#4585);
#4588=DIRECTION('',(0.E0,1.E0,0.E0));
#4589=VECTOR('',#4588,2.5E-1);
#4590=CARTESIAN_POINT('',(1.604620632628E2,5.158744320528E1,-6.096364997533E0));
#4591=LINE('',#4590,#4589);
#4592=DIRECTION('',(4.547784895854E-1,8.906045842070E-1,0.E0));
#4593=VECTOR('',#4592,1.871380788279E-1);
#4594=CARTESIAN_POINT('',(1.603769568899E2,5.142077717439E1,-6.096364997533E0));
#4595=LINE('',#4594,#4593);
#4596=DIRECTION('',(8.373772116227E-1,5.466254709167E-1,0.E0));
#4597=VECTOR('',#4596,1.524516758732E-1);
#4598=CARTESIAN_POINT('',(1.602492973307E2,5.133744320528E1,-6.096364997533E0));
#4599=LINE('',#4598,#4597);
#4600=DIRECTION('',(9.506465886201E-1,3.102757862690E-1,0.E0));
#4601=VECTOR('',#4600,1.342870849988E-1);
#4602=CARTESIAN_POINT('',(1.601216377714E2,5.129577717439E1,-6.096364997533E0));
#4603=LINE('',#4602,#4601);
#4604=DIRECTION('',(1.E0,0.E0,0.E0));
#4605=VECTOR('',#4604,2.553191781044E-1);
#4606=CARTESIAN_POINT('',(1.598663185933E2,5.129577717439E1,-6.096364997533E0));
#4607=LINE('',#4606,#4605);
#4608=DIRECTION('',(9.506465886201E-1,-3.102757862690E-1,0.E0));
#4609=VECTOR('',#4608,1.342870849988E-1);
#4610=CARTESIAN_POINT('',(1.597386590341E2,5.133744320528E1,-6.096364997533E0));
#4611=LINE('',#4610,#4609);
#4612=DIRECTION('',(8.981328584749E-1,-4.397241959772E-1,0.E0));
#4613=VECTOR('',#4612,9.475925731088E-2);
#4614=CARTESIAN_POINT('',(1.596535526314E2,5.137911114351E1,-6.096364997533E0));
#4615=LINE('',#4614,#4613);
#4616=DIRECTION('',(5.627909312417E-1,-8.265992787996E-1,0.E0));
#4617=VECTOR('',#4616,1.512220046714E-1);
#4618=CARTESIAN_POINT('',(1.595684462586E2,5.150411114351E1,-6.096364997533E0));
#4619=LINE('',#4618,#4617);
#4620=DIRECTION('',(2.473841035229E-1,-9.689174914946E-1,0.E0));
#4621=VECTOR('',#4620,1.720126144350E-1);
#4622=CARTESIAN_POINT('',(1.595258930722E2,5.167077717439E1,-6.096364997533E0));
#4623=LINE('',#4622,#4621);
#4624=DIRECTION('',(0.E0,-1.E0,0.E0));
#4625=VECTOR('',#4624,1.666660308838E-1);
#4626=CARTESIAN_POINT('',(1.595258930722E2,5.183744320528E1,-6.096364997533E0));
#4627=LINE('',#4626,#4625);
#4628=DIRECTION('',(-2.473814457133E-1,-9.689181700829E-1,0.E0));
#4629=VECTOR('',#4628,1.720144624991E-1);
#4630=CARTESIAN_POINT('',(1.595684462586E2,5.200411114351E1,-6.096364997533E0));
#4631=LINE('',#4630,#4629);
#4632=DIRECTION('',(-5.627909312417E-1,-8.265992787996E-1,0.E0));
#4633=VECTOR('',#4632,1.512220046714E-1);
#4634=CARTESIAN_POINT('',(1.596535526314E2,5.212911114351E1,-6.096364997533E0));
#4635=LINE('',#4634,#4633);
#4636=DIRECTION('',(-8.373829967845E-1,-5.466166085074E-1,0.E0));
#4637=VECTOR('',#4636,1.524506582321E-1);
#4638=CARTESIAN_POINT('',(1.597812122205E2,5.221244320528E1,-6.096364997533E0));
#4639=LINE('',#4638,#4637);
#4640=DIRECTION('',(-9.869443877874E-1,1.610614026234E-1,0.E0));
#4641=VECTOR('',#4640,2.586965604740E-1);
#4642=CARTESIAN_POINT('',(1.599939781526E2,5.275411114351E1,-6.096364997533E0));
#4643=LINE('',#4642,#4641);
#4644=DIRECTION('',(-9.869443937642E-1,-1.610613659987E-1,0.E0));
#4645=VECTOR('',#4644,2.586966193005E-1);
#4646=CARTESIAN_POINT('',(1.602492973307E2,5.279577717439E1,-6.096364997533E0));
#4647=LINE('',#4646,#4645);
#4648=DIRECTION('',(-8.981367723003E-1,-4.397162019326E-1,0.E0));
#4649=VECTOR('',#4648,1.895176223890E-1);
#4650=CARTESIAN_POINT('',(1.604195100763E2,5.287911114351E1,-6.096364997533E0));
#4651=LINE('',#4650,#4649);
#4652=DIRECTION('',(-7.145157213521E-1,-6.996193850521E-1,0.E0));
#4653=VECTOR('',#4652,1.191105671856E-1);
#4654=CARTESIAN_POINT('',(1.605046164492E2,5.296244320528E1,-6.096364997533E0));
#4655=LINE('',#4654,#4653);
#4656=DIRECTION('',(-5.627909312417E-1,-8.265992787996E-1,0.E0));
#4657=VECTOR('',#4656,1.512220046714E-1);
#4658=CARTESIAN_POINT('',(1.605897228220E2,5.308744320528E1,-6.096364997533E0));
#4659=LINE('',#4658,#4657);
#4660=DIRECTION('',(-3.222637633772E-1,-9.466499177700E-1,0.E0));
#4661=VECTOR('',#4660,1.320445897196E-1);
#4662=CARTESIAN_POINT('',(1.606322760084E2,5.321244320528E1,-6.096364997533E0));
#4663=LINE('',#4662,#4661);
#4664=DIRECTION('',(-1.677993286083E-1,-9.858211730931E-1,0.E0));
#4665=VECTOR('',#4664,2.535956893841E-1);
#4666=CARTESIAN_POINT('',(1.606748291948E2,5.346244320528E1,-6.096364997533E0));
#4667=LINE('',#4666,#4665);
#4668=DIRECTION('',(1.677993286083E-1,-9.858211730931E-1,0.E0));
#4669=VECTOR('',#4668,2.535956893841E-1);
#4670=CARTESIAN_POINT('',(1.606322760084E2,5.371244320528E1,-6.096364997533E0));
#4671=LINE('',#4670,#4669);
#4672=DIRECTION('',(5.224757693837E-1,-8.526541329325E-1,0.E0));
#4673=VECTOR('',#4672,2.443358462354E-1);
#4674=CARTESIAN_POINT('',(1.605046164492E2,5.392077717439E1,-6.096364997533E0));
#4675=LINE('',#4674,#4673);
#4676=DIRECTION('',(8.060043958311E-1,-5.919095487496E-1,0.E0));
#4677=VECTOR('',#4676,2.111809148274E-1);
#4678=CARTESIAN_POINT('',(1.603344037035E2,5.404577717439E1,-6.096364997533E0));
#4679=LINE('',#4678,#4677);
#4680=DIRECTION('',(9.713219917786E-1,-2.377679294760E-1,0.E0));
#4681=VECTOR('',#4680,1.752382290396E-1);
#4682=CARTESIAN_POINT('',(1.601641909578E2,5.408744320528E1,-6.096364997533E0));
#4683=LINE('',#4682,#4681);
#4684=DIRECTION('',(1.E0,0.E0,0.E0));
#4685=VECTOR('',#4684,1.702128052711E-1);
#4686=CARTESIAN_POINT('',(1.599939781526E2,5.408744320528E1,-6.096364997533E0));
#4687=LINE('',#4686,#4685);
#4688=DIRECTION('',(0.E0,1.E0,0.E0));
#4689=VECTOR('',#4688,1.125E0);
#4690=CARTESIAN_POINT('',(1.599939781526E2,5.296244320528E1,-6.096364997533E0));
#4691=LINE('',#4690,#4689);
#4692=DIRECTION('',(1.E0,0.E0,0.E0));
#4693=VECTOR('',#4692,8.510637283325E-2);
#4694=CARTESIAN_POINT('',(1.599088717797E2,5.296244320528E1,-6.096364997533E0));
#4695=LINE('',#4694,#4693);
#4696=DIRECTION('',(9.506423990460E-1,-3.102886223117E-1,0.E0));
#4697=VECTOR('',#4696,1.342876768152E-1);
#4698=CARTESIAN_POINT('',(1.597812122205E2,5.300411114351E1,-6.096364997533E0));
#4699=LINE('',#4698,#4697);
#4700=DIRECTION('',(8.981407468995E-1,-4.397080835723E-1,0.E0));
#4701=VECTOR('',#4700,9.475839185234E-2);
#4702=CARTESIAN_POINT('',(1.596961058477E2,5.304577717439E1,-6.096364997533E0));
#4703=LINE('',#4702,#4701);
#4704=DIRECTION('',(7.145104664480E-1,-6.996247518036E-1,0.E0));
#4705=VECTOR('',#4704,1.786672064957E-1);
#4706=CARTESIAN_POINT('',(1.595684462586E2,5.317077717439E1,-6.096364997533E0));
#4707=LINE('',#4706,#4705);
#4708=DIRECTION('',(4.547743614938E-1,-8.906066921644E-1,0.E0));
#4709=VECTOR('',#4708,9.356988876166E-2);
#4710=CARTESIAN_POINT('',(1.595258930722E2,5.325411114351E1,-6.096364997533E0));
#4711=LINE('',#4710,#4709);
#4712=DIRECTION('',(2.473841848496E-1,-9.689174707302E-1,0.E0));
#4713=VECTOR('',#4712,1.720126181213E-1);
#4714=CARTESIAN_POINT('',(1.594833398709E2,5.342077717439E1,-6.096364997533E0));
#4715=LINE('',#4714,#4713);
#4716=DIRECTION('',(-1.443685885548E-1,-9.895239818411E-1,0.E0));
#4717=VECTOR('',#4716,2.947538778607E-1);
#4718=CARTESIAN_POINT('',(1.595258930722E2,5.371244320528E1,-6.096364997533E0));
#4719=LINE('',#4718,#4717);
#4720=DIRECTION('',(-5.627909312417E-1,-8.265992787996E-1,0.E0));
#4721=VECTOR('',#4720,1.512220046714E-1);
#4722=CARTESIAN_POINT('',(1.596109994450E2,5.383744320528E1,-6.096364997533E0));
#4723=LINE('',#4722,#4721);
#4724=DIRECTION('',(-9.506424204131E-1,-3.102885568486E-1,0.E0));
#4725=VECTOR('',#4724,1.342877051465E-1);
#4726=CARTESIAN_POINT('',(1.597386590341E2,5.387911114351E1,-6.096364997533E0));
#4727=LINE('',#4726,#4725);
#4728=DIRECTION('',(0.E0,-1.E0,0.E0));
#4729=VECTOR('',#4728,2.083320617676E-1);
#4730=CARTESIAN_POINT('',(1.597386590341E2,5.408744320528E1,-6.096364997533E0));
#4731=LINE('',#4730,#4729);
#4732=DIRECTION('',(9.713220013931E-1,2.377678901991E-1,0.E0));
#4733=VECTOR('',#4732,1.752382579873E-1);
#4734=CARTESIAN_POINT('',(1.595684462586E2,5.404577717439E1,-6.096364997533E0));
#4735=LINE('',#4734,#4733);
#4736=DIRECTION('',(7.145104256249E-1,6.996247934953E-1,0.E0));
#4737=VECTOR('',#4736,1.786671958487E-1);
#4738=CARTESIAN_POINT('',(1.594407866845E2,5.392077717439E1,-6.096364997533E0));
#4739=LINE('',#4738,#4737);
#4740=DIRECTION('',(4.547785369538E-1,8.906045600187E-1,0.E0));
#4741=VECTOR('',#4740,1.871380839104E-1);
#4742=CARTESIAN_POINT('',(1.593556803004E2,5.375411114351E1,-6.096364997533E0));
#4743=LINE('',#4742,#4741);
#4744=DIRECTION('',(1.443676270146E-1,9.895241221265E-1,0.E0));
#4745=VECTOR('',#4744,2.947557636146E-1);
#4746=CARTESIAN_POINT('',(1.593131271103E2,5.346244320528E1,-6.096364997533E0));
#4747=LINE('',#4746,#4745);
#4748=DIRECTION('',(-1.677993428846E-1,9.858211706631E-1,0.E0));
#4749=VECTOR('',#4748,2.535956900092E-1);
#4750=CARTESIAN_POINT('',(1.593556803004E2,5.321244320528E1,-6.096364997533E0));
#4751=LINE('',#4750,#4749);
#4752=DIRECTION('',(-3.222637886596E-1,9.466499091632E-1,0.E0));
#4753=VECTOR('',#4752,1.320445909201E-1);
#4754=CARTESIAN_POINT('',(1.593982334906E2,5.308744320528E1,-6.096364997533E0));
#4755=LINE('',#4754,#4753);
#4756=DIRECTION('',(-5.627909649057E-1,8.265992558795E-1,0.E0));
#4757=VECTOR('',#4756,1.512220088645E-1);
#4758=CARTESIAN_POINT('',(1.594833398709E2,5.296244320528E1,-6.096364997533E0));
#4759=LINE('',#4758,#4757);
#4760=DIRECTION('',(-7.145157825862E-1,6.996193225142E-1,0.E0));
#4761=VECTOR('',#4760,1.191105778327E-1);
#4762=CARTESIAN_POINT('',(1.595684462586E2,5.287911114351E1,-6.096364997533E0));
#4763=LINE('',#4762,#4761);
#4764=DIRECTION('',(-8.981368027053E-1,4.397161398292E-1,0.E0));
#4765=VECTOR('',#4764,1.895176491556E-1);
#4766=CARTESIAN_POINT('',(1.597386590341E2,5.279577717439E1,-6.096364997533E0));
#4767=LINE('',#4766,#4765);
#4768=DIRECTION('',(8.981407468995E-1,4.397080835723E-1,0.E0));
#4769=VECTOR('',#4768,9.475839185234E-2);
#4770=CARTESIAN_POINT('',(1.602067441443E2,5.300411114351E1,-6.096364997533E0));
#4771=LINE('',#4770,#4769);
#4772=DIRECTION('',(1.E0,0.E0,0.E0));
#4773=VECTOR('',#4772,4.255318641663E-2);
#4774=CARTESIAN_POINT('',(1.601641909578E2,5.300411114351E1,-6.096364997533E0));
#4775=LINE('',#4774,#4773);
#4776=DIRECTION('',(0.E0,-1.E0,0.E0));
#4777=VECTOR('',#4776,8.75E-1);
#4778=CARTESIAN_POINT('',(1.601641909578E2,5.387911114351E1,-6.096364997533E0));
#4779=LINE('',#4778,#4777);
#4780=DIRECTION('',(-1.E0,0.E0,0.E0));
#4781=VECTOR('',#4780,8.510637283325E-2);
#4782=CARTESIAN_POINT('',(1.602492973307E2,5.387911114351E1,-6.096364997533E0));
#4783=LINE('',#4782,#4781);
#4784=DIRECTION('',(-8.373772116227E-1,5.466254709167E-1,0.E0));
#4785=VECTOR('',#4784,1.524516758732E-1);
#4786=CARTESIAN_POINT('',(1.603769568899E2,5.379577717439E1,-6.096364997533E0));
#4787=LINE('',#4786,#4785);
#4788=DIRECTION('',(-5.627909312417E-1,8.265992787996E-1,0.E0));
#4789=VECTOR('',#4788,1.512220046714E-1);
#4790=CARTESIAN_POINT('',(1.604620632628E2,5.367077717439E1,-6.096364997533E0));
#4791=LINE('',#4790,#4789);
#4792=DIRECTION('',(-1.677993286083E-1,9.858211730931E-1,0.E0));
#4793=VECTOR('',#4792,2.535956893841E-1);
#4794=CARTESIAN_POINT('',(1.605046164492E2,5.342077717439E1,-6.096364997533E0));
#4795=LINE('',#4794,#4793);
#4796=DIRECTION('',(2.473841035229E-1,9.689174914946E-1,0.E0));
#4797=VECTOR('',#4796,1.720126144350E-1);
#4798=CARTESIAN_POINT('',(1.604620632628E2,5.325411114351E1,-6.096364997533E0));
#4799=LINE('',#4798,#4797);
#4800=DIRECTION('',(4.547743614938E-1,8.906066921644E-1,0.E0));
#4801=VECTOR('',#4800,9.356988876166E-2);
#4802=CARTESIAN_POINT('',(1.604195100763E2,5.317077717439E1,-6.096364997533E0));
#4803=LINE('',#4802,#4801);
#4804=DIRECTION('',(7.145103848018E-1,6.996248351869E-1,0.E0));
#4805=VECTOR('',#4804,1.786671852016E-1);
#4806=CARTESIAN_POINT('',(1.602918505171E2,5.304577717439E1,-6.096364997533E0));
#4807=LINE('',#4806,#4805);
#4808=DIRECTION('',(0.E0,0.E0,1.E0));
#4809=VECTOR('',#4808,1.E0);
#4810=CARTESIAN_POINT('',(1.704661756012E2,3.416753092645E1,-7.096364997533E0));
#4811=LINE('',#4810,#4809);
#4812=DIRECTION('',(0.E0,0.E0,1.E0));
#4813=VECTOR('',#4812,1.E0);
#4814=CARTESIAN_POINT('',(1.704661756012E2,3.351628092645E1,-7.096364997533E0));
#4815=LINE('',#4814,#4813);
#4816=DIRECTION('',(0.E0,0.E0,1.E0));
#4817=VECTOR('',#4816,1.E0);
#4818=CARTESIAN_POINT('',(1.756761756012E2,3.351628092645E1,-7.096364997533E0));
#4819=LINE('',#4818,#4817);
#4820=DIRECTION('',(0.E0,0.E0,1.E0));
#4821=VECTOR('',#4820,1.E0);
#4822=CARTESIAN_POINT('',(1.756761756012E2,3.449315592645E1,-7.096364997533E0));
#4823=LINE('',#4822,#4821);
#4824=DIRECTION('',(0.E0,0.E0,1.E0));
#4825=VECTOR('',#4824,1.E0);
#4826=CARTESIAN_POINT('',(1.712421330332E2,3.720669764488E1,-7.096364997533E0));
#4827=LINE('',#4826,#4825);
#4828=DIRECTION('',(0.E0,0.E0,1.E0));
#4829=VECTOR('',#4828,1.E0);
#4830=CARTESIAN_POINT('',(1.756761756012E2,3.720669764488E1,-7.096364997533E0));
#4831=LINE('',#4830,#4829);
#4832=DIRECTION('',(0.E0,0.E0,1.E0));
#4833=VECTOR('',#4832,1.E0);
#4834=CARTESIAN_POINT('',(1.756761756012E2,3.785794764488E1,-7.096364997533E0));
#4835=LINE('',#4834,#4833);
#4836=DIRECTION('',(0.E0,0.E0,1.E0));
#4837=VECTOR('',#4836,1.E0);
#4838=CARTESIAN_POINT('',(1.704661756012E2,3.785794764488E1,-7.096364997533E0));
#4839=LINE('',#4838,#4837);
#4840=DIRECTION('',(0.E0,0.E0,1.E0));
#4841=VECTOR('',#4840,1.E0);
#4842=CARTESIAN_POINT('',(1.704661756012E2,3.688107264488E1,-7.096364997533E0));
#4843=LINE('',#4842,#4841);
#4844=DIRECTION('',(0.E0,0.E0,1.E0));
#4845=VECTOR('',#4844,1.E0);
#4846=CARTESIAN_POINT('',(1.750110692975E2,3.416753092645E1,-7.096364997533E0));
#4847=LINE('',#4846,#4845);
#4848=DIRECTION('',(0.E0,-1.421085471520E-14,1.E0));
#4849=VECTOR('',#4848,1.E0);
#4850=CARTESIAN_POINT('',(1.756761756012E2,4.567294764488E1,-7.096364997533E0));
#4851=LINE('',#4850,#4849);
#4852=DIRECTION('',(0.E0,0.E0,1.E0));
#4853=VECTOR('',#4852,1.E0);
#4854=CARTESIAN_POINT('',(1.756761756012E2,4.654128139226E1,-7.096364997533E0));
#4855=LINE('',#4854,#4853);
#4856=DIRECTION('',(0.E0,-2.131628207280E-14,1.E0));
#4857=VECTOR('',#4856,1.E0);
#4858=CARTESIAN_POINT('',(1.755653245506E2,4.708398889749E1,-7.096364997533E0));
#4859=LINE('',#4858,#4857);
#4860=DIRECTION('',(0.E0,0.E0,1.E0));
#4861=VECTOR('',#4860,1.E0);
#4862=CARTESIAN_POINT('',(1.753436224494E2,4.751815639226E1,-7.096364997533E0));
#4863=LINE('',#4862,#4861);
#4864=DIRECTION('',(0.E0,0.E0,1.E0));
#4865=VECTOR('',#4864,1.E0);
#4866=CARTESIAN_POINT('',(1.749002182469E2,4.795232264488E1,-7.096364997533E0));
#4867=LINE('',#4866,#4865);
#4868=DIRECTION('',(0.E0,0.E0,1.E0));
#4869=VECTOR('',#4868,1.E0);
#4870=CARTESIAN_POINT('',(1.744568140445E2,4.816940639226E1,-7.096364997533E0));
#4871=LINE('',#4870,#4869);
#4872=DIRECTION('',(0.E0,0.E0,1.E0));
#4873=VECTOR('',#4872,1.E0);
#4874=CARTESIAN_POINT('',(1.739025584809E2,4.827794764488E1,-7.096364997533E0));
#4875=LINE('',#4874,#4873);
#4876=DIRECTION('',(0.E0,0.E0,1.E0));
#4877=VECTOR('',#4876,1.E0);
#4878=CARTESIAN_POINT('',(1.722397925664E2,4.827794764488E1,-7.096364997533E0));
#4879=LINE('',#4878,#4877);
#4880=DIRECTION('',(2.842170943040E-14,0.E0,1.E0));
#4881=VECTOR('',#4880,1.E0);
#4882=CARTESIAN_POINT('',(1.716855373133E2,4.816940639226E1,-7.096364997533E0));
#4883=LINE('',#4882,#4881);
#4884=DIRECTION('',(0.E0,0.E0,1.E0));
#4885=VECTOR('',#4884,1.E0);
#4886=CARTESIAN_POINT('',(1.712421330332E2,4.795232264488E1,-7.096364997533E0));
#4887=LINE('',#4886,#4885);
#4888=DIRECTION('',(0.E0,0.E0,1.E0));
#4889=VECTOR('',#4888,1.E0);
#4890=CARTESIAN_POINT('',(1.707987287919E2,4.751815639226E1,-7.096364997533E0));
#4891=LINE('',#4890,#4889);
#4892=DIRECTION('',(0.E0,-4.263256414561E-14,1.E0));
#4893=VECTOR('',#4892,1.E0);
#4894=CARTESIAN_POINT('',(1.705770266616E2,4.708398889749E1,-7.096364997533E0));
#4895=LINE('',#4894,#4893);
#4896=DIRECTION('',(0.E0,-1.421085471520E-14,1.E0));
#4897=VECTOR('',#4896,1.E0);
#4898=CARTESIAN_POINT('',(1.704661756012E2,4.654128139226E1,-7.096364997533E0));
#4899=LINE('',#4898,#4897);
#4900=DIRECTION('',(0.E0,4.263256414561E-14,1.E0));
#4901=VECTOR('',#4900,1.E0);
#4902=CARTESIAN_POINT('',(1.704661756012E2,4.567294764488E1,-7.096364997533E0));
#4903=LINE('',#4902,#4901);
#4904=DIRECTION('',(0.E0,0.E0,1.E0));
#4905=VECTOR('',#4904,1.E0);
#4906=CARTESIAN_POINT('',(1.705770266616E2,4.513023889749E1,-7.096364997533E0));
#4907=LINE('',#4906,#4905);
#4908=DIRECTION('',(-2.842170943040E-14,2.131628207280E-14,1.E0));
#4909=VECTOR('',#4908,1.E0);
#4910=CARTESIAN_POINT('',(1.707987287919E2,4.469607264488E1,-7.096364997533E0));
#4911=LINE('',#4910,#4909);
#4912=DIRECTION('',(0.E0,0.E0,1.E0));
#4913=VECTOR('',#4912,1.E0);
#4914=CARTESIAN_POINT('',(1.712421330332E2,4.426190639226E1,-7.096364997533E0));
#4915=LINE('',#4914,#4913);
#4916=DIRECTION('',(0.E0,0.E0,1.E0));
#4917=VECTOR('',#4916,1.E0);
#4918=CARTESIAN_POINT('',(1.716855373133E2,4.404482264488E1,-7.096364997533E0));
#4919=LINE('',#4918,#4917);
#4920=DIRECTION('',(0.E0,0.E0,1.E0));
#4921=VECTOR('',#4920,1.E0);
#4922=CARTESIAN_POINT('',(1.722397925664E2,4.393628139226E1,-7.096364997533E0));
#4923=LINE('',#4922,#4921);
#4924=DIRECTION('',(-5.684341886081E-14,0.E0,1.E0));
#4925=VECTOR('',#4924,1.E0);
#4926=CARTESIAN_POINT('',(1.739025584809E2,4.393628139226E1,-7.096364997533E0));
#4927=LINE('',#4926,#4925);
#4928=DIRECTION('',(0.E0,0.E0,1.E0));
#4929=VECTOR('',#4928,1.E0);
#4930=CARTESIAN_POINT('',(1.744568140445E2,4.404482264488E1,-7.096364997533E0));
#4931=LINE('',#4930,#4929);
#4932=DIRECTION('',(0.E0,0.E0,1.E0));
#4933=VECTOR('',#4932,1.E0);
#4934=CARTESIAN_POINT('',(1.749002182469E2,4.426190639226E1,-7.096364997533E0));
#4935=LINE('',#4934,#4933);
#4936=DIRECTION('',(0.E0,0.E0,1.E0));
#4937=VECTOR('',#4936,1.E0);
#4938=CARTESIAN_POINT('',(1.753436224494E2,4.469607264488E1,-7.096364997533E0));
#4939=LINE('',#4938,#4937);
#4940=DIRECTION('',(0.E0,2.131628207280E-14,1.E0));
#4941=VECTOR('',#4940,1.E0);
#4942=CARTESIAN_POINT('',(1.755653245506E2,4.513023889749E1,-7.096364997533E0));
#4943=LINE('',#4942,#4941);
#4944=DIRECTION('',(0.E0,0.E0,1.E0));
#4945=VECTOR('',#4944,1.E0);
#4946=CARTESIAN_POINT('',(1.750110692975E2,4.567294764488E1,-7.096364997533E0));
#4947=LINE('',#4946,#4945);
#4948=DIRECTION('',(0.E0,0.E0,1.E0));
#4949=VECTOR('',#4948,1.E0);
#4950=CARTESIAN_POINT('',(1.749002182469E2,4.523878139226E1,-7.096364997533E0));
#4951=LINE('',#4950,#4949);
#4952=DIRECTION('',(0.E0,0.E0,1.E0));
#4953=VECTOR('',#4952,1.E0);
#4954=CARTESIAN_POINT('',(1.746785161457E2,4.491315639226E1,-7.096364997533E0));
#4955=LINE('',#4954,#4953);
#4956=DIRECTION('',(0.E0,0.E0,1.E0));
#4957=VECTOR('',#4956,1.E0);
#4958=CARTESIAN_POINT('',(1.743459626833E2,4.469607264488E1,-7.096364997533E0));
#4959=LINE('',#4958,#4957);
#4960=DIRECTION('',(0.E0,0.E0,1.E0));
#4961=VECTOR('',#4960,1.E0);
#4962=CARTESIAN_POINT('',(1.739025584809E2,4.458753139226E1,-7.096364997533E0));
#4963=LINE('',#4962,#4961);
#4964=DIRECTION('',(0.E0,0.E0,1.E0));
#4965=VECTOR('',#4964,1.E0);
#4966=CARTESIAN_POINT('',(1.722397925664E2,4.458753139226E1,-7.096364997533E0));
#4967=LINE('',#4966,#4965);
#4968=DIRECTION('',(0.E0,0.E0,1.E0));
#4969=VECTOR('',#4968,1.E0);
#4970=CARTESIAN_POINT('',(1.717963883639E2,4.469607264488E1,-7.096364997533E0));
#4971=LINE('',#4970,#4969);
#4972=DIRECTION('',(0.E0,0.E0,1.E0));
#4973=VECTOR('',#4972,1.E0);
#4974=CARTESIAN_POINT('',(1.714638352120E2,4.491315639226E1,-7.096364997533E0));
#4975=LINE('',#4974,#4973);
#4976=DIRECTION('',(0.E0,0.E0,1.E0));
#4977=VECTOR('',#4976,1.E0);
#4978=CARTESIAN_POINT('',(1.712421330332E2,4.523878139226E1,-7.096364997533E0));
#4979=LINE('',#4978,#4977);
#4980=DIRECTION('',(0.E0,0.E0,1.E0));
#4981=VECTOR('',#4980,1.E0);
#4982=CARTESIAN_POINT('',(1.711312819826E2,4.567294764488E1,-7.096364997533E0));
#4983=LINE('',#4982,#4981);
#4984=DIRECTION('',(0.E0,0.E0,1.E0));
#4985=VECTOR('',#4984,1.E0);
#4986=CARTESIAN_POINT('',(1.711312819826E2,4.654128139226E1,-7.096364997533E0));
#4987=LINE('',#4986,#4985);
#4988=DIRECTION('',(0.E0,0.E0,1.E0));
#4989=VECTOR('',#4988,1.E0);
#4990=CARTESIAN_POINT('',(1.712421330332E2,4.697544764488E1,-7.096364997533E0));
#4991=LINE('',#4990,#4989);
#4992=DIRECTION('',(0.E0,0.E0,1.E0));
#4993=VECTOR('',#4992,1.E0);
#4994=CARTESIAN_POINT('',(1.714638352120E2,4.730107264488E1,-7.096364997533E0));
#4995=LINE('',#4994,#4993);
#4996=DIRECTION('',(0.E0,0.E0,1.E0));
#4997=VECTOR('',#4996,1.E0);
#4998=CARTESIAN_POINT('',(1.717963883639E2,4.751815639226E1,-7.096364997533E0));
#4999=LINE('',#4998,#4997);
#5000=DIRECTION('',(0.E0,0.E0,1.E0));
#5001=VECTOR('',#5000,1.E0);
#5002=CARTESIAN_POINT('',(1.722397925664E2,4.762669764488E1,-7.096364997533E0));
#5003=LINE('',#5002,#5001);
#5004=DIRECTION('',(0.E0,0.E0,1.E0));
#5005=VECTOR('',#5004,1.E0);
#5006=CARTESIAN_POINT('',(1.739025584809E2,4.762669764488E1,-7.096364997533E0));
#5007=LINE('',#5006,#5005);
#5008=DIRECTION('',(0.E0,0.E0,1.E0));
#5009=VECTOR('',#5008,1.E0);
#5010=CARTESIAN_POINT('',(1.743459626833E2,4.751815639226E1,-7.096364997533E0));
#5011=LINE('',#5010,#5009);
#5012=DIRECTION('',(0.E0,0.E0,1.E0));
#5013=VECTOR('',#5012,1.E0);
#5014=CARTESIAN_POINT('',(1.746785161457E2,4.730107264488E1,-7.096364997533E0));
#5015=LINE('',#5014,#5013);
#5016=DIRECTION('',(0.E0,0.E0,1.E0));
#5017=VECTOR('',#5016,1.E0);
#5018=CARTESIAN_POINT('',(1.749002182469E2,4.697544764488E1,-7.096364997533E0));
#5019=LINE('',#5018,#5017);
#5020=DIRECTION('',(0.E0,0.E0,1.E0));
#5021=VECTOR('',#5020,1.E0);
#5022=CARTESIAN_POINT('',(1.750110692975E2,4.654128139226E1,-7.096364997533E0));
#5023=LINE('',#5022,#5021);
#5024=DIRECTION('',(0.E0,0.E0,1.E0));
#5025=VECTOR('',#5024,1.E0);
#5026=CARTESIAN_POINT('',(1.722397925664E2,5.305378015010E1,-7.096364997533E0));
#5027=LINE('',#5026,#5025);
#5028=DIRECTION('',(2.842170943040E-14,0.E0,1.E0));
#5029=VECTOR('',#5028,1.E0);
#5030=CARTESIAN_POINT('',(1.716855373133E2,5.294524013965E1,-7.096364997533E0));
#5031=LINE('',#5030,#5029);
#5032=DIRECTION('',(0.E0,0.E0,1.E0));
#5033=VECTOR('',#5032,1.E0);
#5034=CARTESIAN_POINT('',(1.712421330332E2,5.272815639226E1,-7.096364997533E0));
#5035=LINE('',#5034,#5033);
#5036=DIRECTION('',(0.E0,0.E0,1.E0));
#5037=VECTOR('',#5036,1.E0);
#5038=CARTESIAN_POINT('',(1.707987287919E2,5.229398889749E1,-7.096364997533E0));
#5039=LINE('',#5038,#5037);
#5040=DIRECTION('',(0.E0,-2.842170943040E-14,1.E0));
#5041=VECTOR('',#5040,1.E0);
#5042=CARTESIAN_POINT('',(1.705770266616E2,5.185982264488E1,-7.096364997533E0));
#5043=LINE('',#5042,#5041);
#5044=DIRECTION('',(0.E0,0.E0,1.E0));
#5045=VECTOR('',#5044,1.E0);
#5046=CARTESIAN_POINT('',(1.704661756012E2,5.131711389749E1,-7.096364997533E0));
#5047=LINE('',#5046,#5045);
#5048=DIRECTION('',(0.E0,3.552713678800E-14,1.E0));
#5049=VECTOR('',#5048,1.E0);
#5050=CARTESIAN_POINT('',(1.704661756012E2,5.088294764488E1,-7.096364997533E0));
#5051=LINE('',#5050,#5049);
#5052=DIRECTION('',(0.E0,0.E0,1.E0));
#5053=VECTOR('',#5052,1.E0);
#5054=CARTESIAN_POINT('',(1.705770266616E2,5.034023889749E1,-7.096364997533E0));
#5055=LINE('',#5054,#5053);
#5056=DIRECTION('',(-2.842170943040E-14,1.421085471520E-14,1.E0));
#5057=VECTOR('',#5056,1.E0);
#5058=CARTESIAN_POINT('',(1.707987287919E2,4.990607264488E1,-7.096364997533E0));
#5059=LINE('',#5058,#5057);
#5060=DIRECTION('',(0.E0,0.E0,1.E0));
#5061=VECTOR('',#5060,1.E0);
#5062=CARTESIAN_POINT('',(1.712421330332E2,4.947190639226E1,-7.096364997533E0));
#5063=LINE('',#5062,#5061);
#5064=DIRECTION('',(2.842170943040E-14,0.E0,1.E0));
#5065=VECTOR('',#5064,1.E0);
#5066=CARTESIAN_POINT('',(1.716855373133E2,4.925482264488E1,-7.096364997533E0));
#5067=LINE('',#5066,#5065);
#5068=DIRECTION('',(0.E0,0.E0,1.E0));
#5069=VECTOR('',#5068,1.E0);
#5070=CARTESIAN_POINT('',(1.722397925664E2,4.914628139226E1,-7.096364997533E0));
#5071=LINE('',#5070,#5069);
#5072=DIRECTION('',(0.E0,0.E0,1.E0));
#5073=VECTOR('',#5072,1.E0);
#5074=CARTESIAN_POINT('',(1.756761756012E2,4.914628139226E1,-7.096364997533E0));
#5075=LINE('',#5074,#5073);
#5076=DIRECTION('',(0.E0,0.E0,1.E0));
#5077=VECTOR('',#5076,1.E0);
#5078=CARTESIAN_POINT('',(1.756761756012E2,4.979753139226E1,-7.096364997533E0));
#5079=LINE('',#5078,#5077);
#5080=DIRECTION('',(0.E0,0.E0,1.E0));
#5081=VECTOR('',#5080,1.E0);
#5082=CARTESIAN_POINT('',(1.722397925664E2,4.979753139226E1,-7.096364997533E0));
#5083=LINE('',#5082,#5081);
#5084=DIRECTION('',(0.E0,0.E0,1.E0));
#5085=VECTOR('',#5084,1.E0);
#5086=CARTESIAN_POINT('',(1.717963883639E2,4.990607264488E1,-7.096364997533E0));
#5087=LINE('',#5086,#5085);
#5088=DIRECTION('',(0.E0,0.E0,1.E0));
#5089=VECTOR('',#5088,1.E0);
#5090=CARTESIAN_POINT('',(1.714638352120E2,5.012315639226E1,-7.096364997533E0));
#5091=LINE('',#5090,#5089);
#5092=DIRECTION('',(0.E0,0.E0,1.E0));
#5093=VECTOR('',#5092,1.E0);
#5094=CARTESIAN_POINT('',(1.712421330332E2,5.044878139226E1,-7.096364997533E0));
#5095=LINE('',#5094,#5093);
#5096=DIRECTION('',(0.E0,0.E0,1.E0));
#5097=VECTOR('',#5096,1.E0);
#5098=CARTESIAN_POINT('',(1.711312819826E2,5.088294764488E1,-7.096364997533E0));
#5099=LINE('',#5098,#5097);
#5100=DIRECTION('',(0.E0,0.E0,1.E0));
#5101=VECTOR('',#5100,1.E0);
#5102=CARTESIAN_POINT('',(1.711312819826E2,5.131711389749E1,-7.096364997533E0));
#5103=LINE('',#5102,#5101);
#5104=DIRECTION('',(0.E0,0.E0,1.E0));
#5105=VECTOR('',#5104,1.E0);
#5106=CARTESIAN_POINT('',(1.712421330332E2,5.175128139226E1,-7.096364997533E0));
#5107=LINE('',#5106,#5105);
#5108=DIRECTION('',(0.E0,0.E0,1.E0));
#5109=VECTOR('',#5108,1.E0);
#5110=CARTESIAN_POINT('',(1.714638352120E2,5.207690639226E1,-7.096364997533E0));
#5111=LINE('',#5110,#5109);
#5112=DIRECTION('',(0.E0,0.E0,1.E0));
#5113=VECTOR('',#5112,1.E0);
#5114=CARTESIAN_POINT('',(1.717963883639E2,5.229398889749E1,-7.096364997533E0));
#5115=LINE('',#5114,#5113);
#5116=DIRECTION('',(0.E0,0.E0,1.E0));
#5117=VECTOR('',#5116,1.E0);
#5118=CARTESIAN_POINT('',(1.722397925664E2,5.240253139226E1,-7.096364997533E0));
#5119=LINE('',#5118,#5117);
#5120=DIRECTION('',(0.E0,0.E0,1.E0));
#5121=VECTOR('',#5120,1.E0);
#5122=CARTESIAN_POINT('',(1.756761756012E2,5.240253139226E1,-7.096364997533E0));
#5123=LINE('',#5122,#5121);
#5124=DIRECTION('',(0.E0,0.E0,1.E0));
#5125=VECTOR('',#5124,1.E0);
#5126=CARTESIAN_POINT('',(1.756761756012E2,5.305378015010E1,-7.096364997533E0));
#5127=LINE('',#5126,#5125);
#5128=DIRECTION('',(0.E0,0.E0,1.E0));
#5129=VECTOR('',#5128,1.E0);
#5130=CARTESIAN_POINT('',(1.756761756012E2,5.804669764488E1,-7.096364997533E0));
#5131=LINE('',#5130,#5129);
#5132=DIRECTION('',(0.E0,0.E0,1.E0));
#5133=VECTOR('',#5132,1.E0);
#5134=CARTESIAN_POINT('',(1.751219203482E2,5.804669764488E1,-7.096364997533E0));
#5135=LINE('',#5134,#5133);
#5136=DIRECTION('',(0.E0,0.E0,1.E0));
#5137=VECTOR('',#5136,1.E0);
#5138=CARTESIAN_POINT('',(1.751219203482E2,5.631003015010E1,-7.096364997533E0));
#5139=LINE('',#5138,#5137);
#5140=DIRECTION('',(0.E0,0.E0,1.E0));
#5141=VECTOR('',#5140,1.E0);
#5142=CARTESIAN_POINT('',(1.704661756012E2,5.631003015010E1,-7.096364997533E0));
#5143=LINE('',#5142,#5141);
#5144=DIRECTION('',(-2.842170943040E-14,0.E0,1.E0));
#5145=VECTOR('',#5144,1.E0);
#5146=CARTESIAN_POINT('',(1.704661756012E2,5.565878015010E1,-7.096364997533E0));
#5147=LINE('',#5146,#5145);
#5148=DIRECTION('',(0.E0,0.E0,1.E0));
#5149=VECTOR('',#5148,1.E0);
#5150=CARTESIAN_POINT('',(1.751219203482E2,5.565878015010E1,-7.096364997533E0));
#5151=LINE('',#5150,#5149);
#5152=DIRECTION('',(0.E0,0.E0,1.E0));
#5153=VECTOR('',#5152,1.E0);
#5154=CARTESIAN_POINT('',(1.751219203482E2,5.392211513965E1,-7.096364997533E0));
#5155=LINE('',#5154,#5153);
#5156=DIRECTION('',(0.E0,0.E0,1.E0));
#5157=VECTOR('',#5156,1.E0);
#5158=CARTESIAN_POINT('',(1.756761756012E2,5.392211513965E1,-7.096364997533E0));
#5159=LINE('',#5158,#5157);
#5160=DIRECTION('',(0.E0,0.E0,1.E0));
#5161=VECTOR('',#5160,1.E0);
#5162=CARTESIAN_POINT('',(1.613131271103E2,3.221244386093E1,-7.096364997533E0));
#5163=LINE('',#5162,#5161);
#5164=DIRECTION('',(0.E0,0.E0,1.E0));
#5165=VECTOR('',#5164,1.E0);
#5166=CARTESIAN_POINT('',(1.613131271103E2,3.254577717439E1,-7.096364997533E0));
#5167=LINE('',#5166,#5165);
#5168=DIRECTION('',(0.E0,0.E0,1.E0));
#5169=VECTOR('',#5168,1.E0);
#5170=CARTESIAN_POINT('',(1.612705739239E2,3.275411054746E1,-7.096364997533E0));
#5171=LINE('',#5170,#5169);
#5172=DIRECTION('',(0.E0,0.E0,1.E0));
#5173=VECTOR('',#5172,1.E0);
#5174=CARTESIAN_POINT('',(1.611854675511E2,3.292077717439E1,-7.096364997533E0));
#5175=LINE('',#5174,#5173);
#5176=DIRECTION('',(0.E0,0.E0,1.E0));
#5177=VECTOR('',#5176,1.E0);
#5178=CARTESIAN_POINT('',(1.610152548054E2,3.308744380132E1,-7.096364997533E0));
#5179=LINE('',#5178,#5177);
#5180=DIRECTION('',(0.E0,0.E0,1.E0));
#5181=VECTOR('',#5180,1.E0);
#5182=CARTESIAN_POINT('',(1.608450420597E2,3.317077717439E1,-7.096364997533E0));
#5183=LINE('',#5182,#5181);
#5184=DIRECTION('',(0.E0,0.E0,1.E0));
#5185=VECTOR('',#5184,1.E0);
#5186=CARTESIAN_POINT('',(1.606322760084E2,3.321244380132E1,-7.096364997533E0));
#5187=LINE('',#5186,#5185);
#5188=DIRECTION('',(0.E0,0.E0,1.E0));
#5189=VECTOR('',#5188,1.E0);
#5190=CARTESIAN_POINT('',(1.599939781526E2,3.321244380132E1,-7.096364997533E0));
#5191=LINE('',#5190,#5189);
#5192=DIRECTION('',(0.E0,0.E0,1.E0));
#5193=VECTOR('',#5192,1.E0);
#5194=CARTESIAN_POINT('',(1.597812122205E2,3.317077717439E1,-7.096364997533E0));
#5195=LINE('',#5194,#5193);
#5196=DIRECTION('',(0.E0,0.E0,1.E0));
#5197=VECTOR('',#5196,1.E0);
#5198=CARTESIAN_POINT('',(1.596109994450E2,3.308744380132E1,-7.096364997533E0));
#5199=LINE('',#5198,#5197);
#5200=DIRECTION('',(0.E0,0.E0,1.E0));
#5201=VECTOR('',#5200,1.E0);
#5202=CARTESIAN_POINT('',(1.594407866845E2,3.292077717439E1,-7.096364997533E0));
#5203=LINE('',#5202,#5201);
#5204=DIRECTION('',(0.E0,0.E0,1.E0));
#5205=VECTOR('',#5204,1.E0);
#5206=CARTESIAN_POINT('',(1.593556803004E2,3.275411054746E1,-7.096364997533E0));
#5207=LINE('',#5206,#5205);
#5208=DIRECTION('',(0.E0,0.E0,1.E0));
#5209=VECTOR('',#5208,1.E0);
#5210=CARTESIAN_POINT('',(1.593131271103E2,3.254577717439E1,-7.096364997533E0));
#5211=LINE('',#5210,#5209);
#5212=DIRECTION('',(0.E0,0.E0,1.E0));
#5213=VECTOR('',#5212,1.E0);
#5214=CARTESIAN_POINT('',(1.593131271103E2,3.221244386093E1,-7.096364997533E0));
#5215=LINE('',#5214,#5213);
#5216=DIRECTION('',(0.E0,0.E0,1.E0));
#5217=VECTOR('',#5216,1.E0);
#5218=CARTESIAN_POINT('',(1.593556803004E2,3.200411051766E1,-7.096364997533E0));
#5219=LINE('',#5218,#5217);
#5220=DIRECTION('',(0.E0,0.E0,1.E0));
#5221=VECTOR('',#5220,1.E0);
#5222=CARTESIAN_POINT('',(1.594407866845E2,3.183744383113E1,-7.096364997533E0));
#5223=LINE('',#5222,#5221);
#5224=DIRECTION('',(0.E0,0.E0,1.E0));
#5225=VECTOR('',#5224,1.E0);
#5226=CARTESIAN_POINT('',(1.596109994450E2,3.167077717439E1,-7.096364997533E0));
#5227=LINE('',#5226,#5225);
#5228=DIRECTION('',(0.E0,0.E0,1.E0));
#5229=VECTOR('',#5228,1.E0);
#5230=CARTESIAN_POINT('',(1.597812122205E2,3.158744384230E1,-7.096364997533E0));
#5231=LINE('',#5230,#5229);
#5232=DIRECTION('',(0.E0,0.E0,1.E0));
#5233=VECTOR('',#5232,1.E0);
#5234=CARTESIAN_POINT('',(1.599939781526E2,3.154577717439E1,-7.096364997533E0));
#5235=LINE('',#5234,#5233);
#5236=DIRECTION('',(0.E0,0.E0,1.E0));
#5237=VECTOR('',#5236,1.E0);
#5238=CARTESIAN_POINT('',(1.606322760084E2,3.154577717439E1,-7.096364997533E0));
#5239=LINE('',#5238,#5237);
#5240=DIRECTION('',(0.E0,0.E0,1.E0));
#5241=VECTOR('',#5240,1.E0);
#5242=CARTESIAN_POINT('',(1.608450420597E2,3.158744384230E1,-7.096364997533E0));
#5243=LINE('',#5242,#5241);
#5244=DIRECTION('',(0.E0,0.E0,1.E0));
#5245=VECTOR('',#5244,1.E0);
#5246=CARTESIAN_POINT('',(1.610152548054E2,3.167077717439E1,-7.096364997533E0));
#5247=LINE('',#5246,#5245);
#5248=DIRECTION('',(0.E0,0.E0,1.E0));
#5249=VECTOR('',#5248,1.E0);
#5250=CARTESIAN_POINT('',(1.611854675511E2,3.183744383113E1,-7.096364997533E0));
#5251=LINE('',#5250,#5249);
#5252=DIRECTION('',(0.E0,0.E0,1.E0));
#5253=VECTOR('',#5252,1.E0);
#5254=CARTESIAN_POINT('',(1.612705739239E2,3.200411051766E1,-7.096364997533E0));
#5255=LINE('',#5254,#5253);
#5256=DIRECTION('',(0.E0,0.E0,1.E0));
#5257=VECTOR('',#5256,1.E0);
#5258=CARTESIAN_POINT('',(1.610578079918E2,3.221244386093E1,-7.096364997533E0));
#5259=LINE('',#5258,#5257);
#5260=DIRECTION('',(0.E0,0.E0,1.E0));
#5261=VECTOR('',#5260,1.E0);
#5262=CARTESIAN_POINT('',(1.610152548054E2,3.204577717439E1,-7.096364997533E0));
#5263=LINE('',#5262,#5261);
#5264=DIRECTION('',(0.E0,0.E0,1.E0));
#5265=VECTOR('',#5264,1.E0);
#5266=CARTESIAN_POINT('',(1.609301484326E2,3.192077717439E1,-7.096364997533E0));
#5267=LINE('',#5266,#5265);
#5268=DIRECTION('',(0.E0,0.E0,1.E0));
#5269=VECTOR('',#5268,1.E0);
#5270=CARTESIAN_POINT('',(1.608024887541E2,3.183744383113E1,-7.096364997533E0));
#5271=LINE('',#5270,#5269);
#5272=DIRECTION('',(0.E0,0.E0,1.E0));
#5273=VECTOR('',#5272,1.E0);
#5274=CARTESIAN_POINT('',(1.606322760084E2,3.179577717439E1,-7.096364997533E0));
#5275=LINE('',#5274,#5273);
#5276=DIRECTION('',(0.E0,0.E0,1.E0));
#5277=VECTOR('',#5276,1.E0);
#5278=CARTESIAN_POINT('',(1.599939781526E2,3.179577717439E1,-7.096364997533E0));
#5279=LINE('',#5278,#5277);
#5280=DIRECTION('',(0.E0,0.E0,1.E0));
#5281=VECTOR('',#5280,1.E0);
#5282=CARTESIAN_POINT('',(1.598237654069E2,3.183744383113E1,-7.096364997533E0));
#5283=LINE('',#5282,#5281);
#5284=DIRECTION('',(0.E0,0.E0,1.E0));
#5285=VECTOR('',#5284,1.E0);
#5286=CARTESIAN_POINT('',(1.596961058477E2,3.192077717439E1,-7.096364997533E0));
#5287=LINE('',#5286,#5285);
#5288=DIRECTION('',(0.E0,0.E0,1.E0));
#5289=VECTOR('',#5288,1.E0);
#5290=CARTESIAN_POINT('',(1.596109994450E2,3.204577717439E1,-7.096364997533E0));
#5291=LINE('',#5290,#5289);
#5292=DIRECTION('',(0.E0,0.E0,1.E0));
#5293=VECTOR('',#5292,1.E0);
#5294=CARTESIAN_POINT('',(1.595684462586E2,3.221244386093E1,-7.096364997533E0));
#5295=LINE('',#5294,#5293);
#5296=DIRECTION('',(0.E0,0.E0,1.E0));
#5297=VECTOR('',#5296,1.E0);
#5298=CARTESIAN_POINT('',(1.595684462586E2,3.254577717439E1,-7.096364997533E0));
#5299=LINE('',#5298,#5297);
#5300=DIRECTION('',(0.E0,0.E0,1.E0));
#5301=VECTOR('',#5300,1.E0);
#5302=CARTESIAN_POINT('',(1.596109994450E2,3.271244380132E1,-7.096364997533E0));
#5303=LINE('',#5302,#5301);
#5304=DIRECTION('',(0.E0,0.E0,1.E0));
#5305=VECTOR('',#5304,1.E0);
#5306=CARTESIAN_POINT('',(1.596961058477E2,3.283744380132E1,-7.096364997533E0));
#5307=LINE('',#5306,#5305);
#5308=DIRECTION('',(0.E0,0.E0,1.E0));
#5309=VECTOR('',#5308,1.E0);
#5310=CARTESIAN_POINT('',(1.598237654069E2,3.292077717439E1,-7.096364997533E0));
#5311=LINE('',#5310,#5309);
#5312=DIRECTION('',(0.E0,0.E0,1.E0));
#5313=VECTOR('',#5312,1.E0);
#5314=CARTESIAN_POINT('',(1.599939781526E2,3.296244380132E1,-7.096364997533E0));
#5315=LINE('',#5314,#5313);
#5316=DIRECTION('',(0.E0,0.E0,1.E0));
#5317=VECTOR('',#5316,1.E0);
#5318=CARTESIAN_POINT('',(1.606322760084E2,3.296244380132E1,-7.096364997533E0));
#5319=LINE('',#5318,#5317);
#5320=DIRECTION('',(0.E0,0.E0,1.E0));
#5321=VECTOR('',#5320,1.E0);
#5322=CARTESIAN_POINT('',(1.608024887541E2,3.292077717439E1,-7.096364997533E0));
#5323=LINE('',#5322,#5321);
#5324=DIRECTION('',(0.E0,0.E0,1.E0));
#5325=VECTOR('',#5324,1.E0);
#5326=CARTESIAN_POINT('',(1.609301484326E2,3.283744380132E1,-7.096364997533E0));
#5327=LINE('',#5326,#5325);
#5328=DIRECTION('',(0.E0,0.E0,1.E0));
#5329=VECTOR('',#5328,1.E0);
#5330=CARTESIAN_POINT('',(1.610152548054E2,3.271244380132E1,-7.096364997533E0));
#5331=LINE('',#5330,#5329);
#5332=DIRECTION('',(0.E0,0.E0,1.E0));
#5333=VECTOR('',#5332,1.E0);
#5334=CARTESIAN_POINT('',(1.610578079918E2,3.254577717439E1,-7.096364997533E0));
#5335=LINE('',#5334,#5333);
#5336=DIRECTION('',(0.E0,0.E0,1.E0));
#5337=VECTOR('',#5336,1.E0);
#5338=CARTESIAN_POINT('',(1.593131271103E2,3.375411042825E1,-7.096364997533E0));
#5339=LINE('',#5338,#5337);
#5340=DIRECTION('',(0.E0,0.E0,1.E0));
#5341=VECTOR('',#5340,1.E0);
#5342=CARTESIAN_POINT('',(1.593131271103E2,3.354577717439E1,-7.096364997533E0));
#5343=LINE('',#5342,#5341);
#5344=DIRECTION('',(0.E0,0.E0,1.E0));
#5345=VECTOR('',#5344,1.E0);
#5346=CARTESIAN_POINT('',(1.606748291948E2,3.354577717439E1,-7.096364997533E0));
#5347=LINE('',#5346,#5345);
#5348=DIRECTION('',(0.E0,0.E0,1.E0));
#5349=VECTOR('',#5348,1.E0);
#5350=CARTESIAN_POINT('',(1.606748291948E2,3.375411042825E1,-7.096364997533E0));
#5351=LINE('',#5350,#5349);
#5352=DIRECTION('',(0.E0,0.E0,1.E0));
#5353=VECTOR('',#5352,1.E0);
#5354=CARTESIAN_POINT('',(1.604620632628E2,3.375411042825E1,-7.096364997533E0));
#5355=LINE('',#5354,#5353);
#5356=DIRECTION('',(0.E0,0.E0,1.E0));
#5357=VECTOR('',#5356,1.E0);
#5358=CARTESIAN_POINT('',(1.605471696356E2,3.383744392053E1,-7.096364997533E0));
#5359=LINE('',#5358,#5357);
#5360=DIRECTION('',(0.E0,0.E0,1.E0));
#5361=VECTOR('',#5360,1.E0);
#5362=CARTESIAN_POINT('',(1.606322760084E2,3.396244392053E1,-7.096364997533E0));
#5363=LINE('',#5362,#5361);
#5364=DIRECTION('',(0.E0,0.E0,1.E0));
#5365=VECTOR('',#5364,1.E0);
#5366=CARTESIAN_POINT('',(1.606748291948E2,3.412911042825E1,-7.096364997533E0));
#5367=LINE('',#5366,#5365);
#5368=DIRECTION('',(0.E0,0.E0,1.E0));
#5369=VECTOR('',#5368,1.E0);
#5370=CARTESIAN_POINT('',(1.606748291948E2,3.429577717439E1,-7.096364997533E0));
#5371=LINE('',#5370,#5369);
#5372=DIRECTION('',(0.E0,0.E0,1.E0));
#5373=VECTOR('',#5372,1.E0);
#5374=CARTESIAN_POINT('',(1.606322760084E2,3.442077717439E1,-7.096364997533E0));
#5375=LINE('',#5374,#5373);
#5376=DIRECTION('',(0.E0,0.E0,1.E0));
#5377=VECTOR('',#5376,1.E0);
#5378=CARTESIAN_POINT('',(1.605471696356E2,3.454577717439E1,-7.096364997533E0));
#5379=LINE('',#5378,#5377);
#5380=DIRECTION('',(0.E0,0.E0,1.E0));
#5381=VECTOR('',#5380,1.E0);
#5382=CARTESIAN_POINT('',(1.604620632628E2,3.462911042825E1,-7.096364997533E0));
#5383=LINE('',#5382,#5381);
#5384=DIRECTION('',(0.E0,0.E0,1.E0));
#5385=VECTOR('',#5384,1.E0);
#5386=CARTESIAN_POINT('',(1.603344037035E2,3.467077717439E1,-7.096364997533E0));
#5387=LINE('',#5386,#5385);
#5388=DIRECTION('',(0.E0,0.E0,1.E0));
#5389=VECTOR('',#5388,1.E0);
#5390=CARTESIAN_POINT('',(1.601216377714E2,3.471244392053E1,-7.096364997533E0));
#5391=LINE('',#5390,#5389);
#5392=DIRECTION('',(0.E0,0.E0,1.E0));
#5393=VECTOR('',#5392,1.E0);
#5394=CARTESIAN_POINT('',(1.593131271103E2,3.471244392053E1,-7.096364997533E0));
#5395=LINE('',#5394,#5393);
#5396=DIRECTION('',(0.E0,0.E0,1.E0));
#5397=VECTOR('',#5396,1.E0);
#5398=CARTESIAN_POINT('',(1.593131271103E2,3.450411042825E1,-7.096364997533E0));
#5399=LINE('',#5398,#5397);
#5400=DIRECTION('',(0.E0,0.E0,1.E0));
#5401=VECTOR('',#5400,1.E0);
#5402=CARTESIAN_POINT('',(1.601216377714E2,3.450411042825E1,-7.096364997533E0));
#5403=LINE('',#5402,#5401);
#5404=DIRECTION('',(0.E0,0.E0,1.E0));
#5405=VECTOR('',#5404,1.E0);
#5406=CARTESIAN_POINT('',(1.603344037035E2,3.446244392053E1,-7.096364997533E0));
#5407=LINE('',#5406,#5405);
#5408=DIRECTION('',(0.E0,0.E0,1.E0));
#5409=VECTOR('',#5408,1.E0);
#5410=CARTESIAN_POINT('',(1.604195100763E2,3.437911042825E1,-7.096364997533E0));
#5411=LINE('',#5410,#5409);
#5412=DIRECTION('',(0.E0,0.E0,1.E0));
#5413=VECTOR('',#5412,1.E0);
#5414=CARTESIAN_POINT('',(1.604620632628E2,3.429577717439E1,-7.096364997533E0));
#5415=LINE('',#5414,#5413);
#5416=DIRECTION('',(0.E0,0.E0,1.E0));
#5417=VECTOR('',#5416,1.E0);
#5418=CARTESIAN_POINT('',(1.605046164492E2,3.412911042825E1,-7.096364997533E0));
#5419=LINE('',#5418,#5417);
#5420=DIRECTION('',(0.E0,0.E0,1.E0));
#5421=VECTOR('',#5420,1.E0);
#5422=CARTESIAN_POINT('',(1.604620632628E2,3.396244392053E1,-7.096364997533E0));
#5423=LINE('',#5422,#5421);
#5424=DIRECTION('',(0.E0,0.E0,1.E0));
#5425=VECTOR('',#5424,1.E0);
#5426=CARTESIAN_POINT('',(1.603769568899E2,3.383744392053E1,-7.096364997533E0));
#5427=LINE('',#5426,#5425);
#5428=DIRECTION('',(0.E0,0.E0,1.E0));
#5429=VECTOR('',#5428,1.E0);
#5430=CARTESIAN_POINT('',(1.602918505171E2,3.375411042825E1,-7.096364997533E0));
#5431=LINE('',#5430,#5429);
#5432=DIRECTION('',(0.E0,0.E0,1.E0));
#5433=VECTOR('',#5432,1.E0);
#5434=CARTESIAN_POINT('',(1.593131271103E2,3.525411042825E1,-7.096364997533E0));
#5435=LINE('',#5434,#5433);
#5436=DIRECTION('',(0.E0,0.E0,1.E0));
#5437=VECTOR('',#5436,1.E0);
#5438=CARTESIAN_POINT('',(1.593131271103E2,3.504577717439E1,-7.096364997533E0));
#5439=LINE('',#5438,#5437);
#5440=DIRECTION('',(0.E0,0.E0,1.E0));
#5441=VECTOR('',#5440,1.E0);
#5442=CARTESIAN_POINT('',(1.595258930722E2,3.504577717439E1,-7.096364997533E0));
#5443=LINE('',#5442,#5441);
#5444=DIRECTION('',(0.E0,0.E0,1.E0));
#5445=VECTOR('',#5444,1.E0);
#5446=CARTESIAN_POINT('',(1.595258930722E2,3.525411042825E1,-7.096364997533E0));
#5447=LINE('',#5446,#5445);
#5448=DIRECTION('',(0.E0,0.E0,1.E0));
#5449=VECTOR('',#5448,1.E0);
#5450=CARTESIAN_POINT('',(1.603344037035E2,3.525411042825E1,-7.096364997533E0));
#5451=LINE('',#5450,#5449);
#5452=DIRECTION('',(0.E0,0.E0,1.E0));
#5453=VECTOR('',#5452,1.E0);
#5454=CARTESIAN_POINT('',(1.603344037035E2,3.504577717439E1,-7.096364997533E0));
#5455=LINE('',#5454,#5453);
#5456=DIRECTION('',(0.E0,0.E0,1.E0));
#5457=VECTOR('',#5456,1.E0);
#5458=CARTESIAN_POINT('',(1.605471696356E2,3.504577717439E1,-7.096364997533E0));
#5459=LINE('',#5458,#5457);
#5460=DIRECTION('',(0.E0,0.E0,1.E0));
#5461=VECTOR('',#5460,1.E0);
#5462=CARTESIAN_POINT('',(1.605471696356E2,3.525411042825E1,-7.096364997533E0));
#5463=LINE('',#5462,#5461);
#5464=DIRECTION('',(0.E0,0.E0,1.E0));
#5465=VECTOR('',#5464,1.E0);
#5466=CARTESIAN_POINT('',(1.603344037035E2,3.779577717439E1,-7.096364997533E0));
#5467=LINE('',#5466,#5465);
#5468=DIRECTION('',(0.E0,0.E0,1.E0));
#5469=VECTOR('',#5468,1.E0);
#5470=CARTESIAN_POINT('',(1.602492973307E2,3.783744368211E1,-7.096364997533E0));
#5471=LINE('',#5470,#5469);
#5472=DIRECTION('',(0.E0,0.E0,1.E0));
#5473=VECTOR('',#5472,1.E0);
#5474=CARTESIAN_POINT('',(1.601641909578E2,3.796244368211E1,-7.096364997533E0));
#5475=LINE('',#5474,#5473);
#5476=DIRECTION('',(0.E0,0.E0,1.E0));
#5477=VECTOR('',#5476,1.E0);
#5478=CARTESIAN_POINT('',(1.599514249662E2,3.867077717439E1,-7.096364997533E0));
#5479=LINE('',#5478,#5477);
#5480=DIRECTION('',(0.E0,0.E0,1.E0));
#5481=VECTOR('',#5480,1.E0);
#5482=CARTESIAN_POINT('',(1.598237654069E2,3.883744368211E1,-7.096364997533E0));
#5483=LINE('',#5482,#5481);
#5484=DIRECTION('',(0.E0,0.E0,1.E0));
#5485=VECTOR('',#5484,1.E0);
#5486=CARTESIAN_POINT('',(1.596535526314E2,3.892077717439E1,-7.096364997533E0));
#5487=LINE('',#5486,#5485);
#5488=DIRECTION('',(2.842170943040E-14,0.E0,1.E0));
#5489=VECTOR('',#5488,1.E0);
#5490=CARTESIAN_POINT('',(1.595684462586E2,3.892077717439E1,-7.096364997533E0));
#5491=LINE('',#5490,#5489);
#5492=DIRECTION('',(0.E0,0.E0,1.E0));
#5493=VECTOR('',#5492,1.E0);
#5494=CARTESIAN_POINT('',(1.594407866845E2,3.883744368211E1,-7.096364997533E0));
#5495=LINE('',#5494,#5493);
#5496=DIRECTION('',(0.E0,0.E0,1.E0));
#5497=VECTOR('',#5496,1.E0);
#5498=CARTESIAN_POINT('',(1.593556803004E2,3.867077717439E1,-7.096364997533E0));
#5499=LINE('',#5498,#5497);
#5500=DIRECTION('',(0.E0,0.E0,1.E0));
#5501=VECTOR('',#5500,1.E0);
#5502=CARTESIAN_POINT('',(1.593131271103E2,3.842077717439E1,-7.096364997533E0));
#5503=LINE('',#5502,#5501);
#5504=DIRECTION('',(0.E0,0.E0,1.E0));
#5505=VECTOR('',#5504,1.E0);
#5506=CARTESIAN_POINT('',(1.593131271103E2,3.817077717439E1,-7.096364997533E0));
#5507=LINE('',#5506,#5505);
#5508=DIRECTION('',(0.E0,0.E0,1.E0));
#5509=VECTOR('',#5508,1.E0);
#5510=CARTESIAN_POINT('',(1.593556803004E2,3.792077717439E1,-7.096364997533E0));
#5511=LINE('',#5510,#5509);
#5512=DIRECTION('',(0.E0,0.E0,1.E0));
#5513=VECTOR('',#5512,1.E0);
#5514=CARTESIAN_POINT('',(1.593982334906E2,3.779577717439E1,-7.096364997533E0));
#5515=LINE('',#5514,#5513);
#5516=DIRECTION('',(0.E0,0.E0,1.E0));
#5517=VECTOR('',#5516,1.E0);
#5518=CARTESIAN_POINT('',(1.594833398709E2,3.767077717439E1,-7.096364997533E0));
#5519=LINE('',#5518,#5517);
#5520=DIRECTION('',(0.E0,0.E0,1.E0));
#5521=VECTOR('',#5520,1.E0);
#5522=CARTESIAN_POINT('',(1.596535526314E2,3.758744368211E1,-7.096364997533E0));
#5523=LINE('',#5522,#5521);
#5524=DIRECTION('',(0.E0,0.E0,1.E0));
#5525=VECTOR('',#5524,1.E0);
#5526=CARTESIAN_POINT('',(1.596535526314E2,3.779577717439E1,-7.096364997533E0));
#5527=LINE('',#5526,#5525);
#5528=DIRECTION('',(0.E0,1.421085471520E-14,1.E0));
#5529=VECTOR('',#5528,1.E0);
#5530=CARTESIAN_POINT('',(1.595684462586E2,3.783744368211E1,-7.096364997533E0));
#5531=LINE('',#5530,#5529);
#5532=DIRECTION('',(0.E0,0.E0,1.E0));
#5533=VECTOR('',#5532,1.E0);
#5534=CARTESIAN_POINT('',(1.595258930722E2,3.792077717439E1,-7.096364997533E0));
#5535=LINE('',#5534,#5533);
#5536=DIRECTION('',(0.E0,0.E0,1.E0));
#5537=VECTOR('',#5536,1.E0);
#5538=CARTESIAN_POINT('',(1.594833398709E2,3.817077717439E1,-7.096364997533E0));
#5539=LINE('',#5538,#5537);
#5540=DIRECTION('',(0.E0,0.E0,1.E0));
#5541=VECTOR('',#5540,1.E0);
#5542=CARTESIAN_POINT('',(1.594833398709E2,3.842077717439E1,-7.096364997533E0));
#5543=LINE('',#5542,#5541);
#5544=DIRECTION('',(0.E0,0.E0,1.E0));
#5545=VECTOR('',#5544,1.E0);
#5546=CARTESIAN_POINT('',(1.595258930722E2,3.858744368211E1,-7.096364997533E0));
#5547=LINE('',#5546,#5545);
#5548=DIRECTION('',(0.E0,0.E0,1.E0));
#5549=VECTOR('',#5548,1.E0);
#5550=CARTESIAN_POINT('',(1.595684462586E2,3.867077717439E1,-7.096364997533E0));
#5551=LINE('',#5550,#5549);
#5552=DIRECTION('',(0.E0,0.E0,1.E0));
#5553=VECTOR('',#5552,1.E0);
#5554=CARTESIAN_POINT('',(1.596535526314E2,3.871244368211E1,-7.096364997533E0));
#5555=LINE('',#5554,#5553);
#5556=DIRECTION('',(0.E0,0.E0,1.E0));
#5557=VECTOR('',#5556,1.E0);
#5558=CARTESIAN_POINT('',(1.597386590341E2,3.867077717439E1,-7.096364997533E0));
#5559=LINE('',#5558,#5557);
#5560=DIRECTION('',(0.E0,0.E0,1.E0));
#5561=VECTOR('',#5560,1.E0);
#5562=CARTESIAN_POINT('',(1.598237654069E2,3.854577717439E1,-7.096364997533E0));
#5563=LINE('',#5562,#5561);
#5564=DIRECTION('',(0.E0,0.E0,1.E0));
#5565=VECTOR('',#5564,1.E0);
#5566=CARTESIAN_POINT('',(1.600365313390E2,3.783744368211E1,-7.096364997533E0));
#5567=LINE('',#5566,#5565);
#5568=DIRECTION('',(0.E0,0.E0,1.E0));
#5569=VECTOR('',#5568,1.E0);
#5570=CARTESIAN_POINT('',(1.601641909578E2,3.767077717439E1,-7.096364997533E0));
#5571=LINE('',#5570,#5569);
#5572=DIRECTION('',(0.E0,0.E0,1.E0));
#5573=VECTOR('',#5572,1.E0);
#5574=CARTESIAN_POINT('',(1.603344037035E2,3.758744368211E1,-7.096364997533E0));
#5575=LINE('',#5574,#5573);
#5576=DIRECTION('',(0.E0,0.E0,1.E0));
#5577=VECTOR('',#5576,1.E0);
#5578=CARTESIAN_POINT('',(1.604195100763E2,3.758744368211E1,-7.096364997533E0));
#5579=LINE('',#5578,#5577);
#5580=DIRECTION('',(0.E0,0.E0,1.E0));
#5581=VECTOR('',#5580,1.E0);
#5582=CARTESIAN_POINT('',(1.605471696356E2,3.767077717439E1,-7.096364997533E0));
#5583=LINE('',#5582,#5581);
#5584=DIRECTION('',(0.E0,0.E0,1.E0));
#5585=VECTOR('',#5584,1.E0);
#5586=CARTESIAN_POINT('',(1.606322760084E2,3.783744368211E1,-7.096364997533E0));
#5587=LINE('',#5586,#5585);
#5588=DIRECTION('',(0.E0,0.E0,1.E0));
#5589=VECTOR('',#5588,1.E0);
#5590=CARTESIAN_POINT('',(1.606748291948E2,3.808744368211E1,-7.096364997533E0));
#5591=LINE('',#5590,#5589);
#5592=DIRECTION('',(0.E0,0.E0,1.E0));
#5593=VECTOR('',#5592,1.E0);
#5594=CARTESIAN_POINT('',(1.606748291948E2,3.833744368211E1,-7.096364997533E0));
#5595=LINE('',#5594,#5593);
#5596=DIRECTION('',(0.E0,0.E0,1.E0));
#5597=VECTOR('',#5596,1.E0);
#5598=CARTESIAN_POINT('',(1.606322760084E2,3.858744368211E1,-7.096364997533E0));
#5599=LINE('',#5598,#5597);
#5600=DIRECTION('',(0.E0,0.E0,1.E0));
#5601=VECTOR('',#5600,1.E0);
#5602=CARTESIAN_POINT('',(1.605897228220E2,3.871244368211E1,-7.096364997533E0));
#5603=LINE('',#5602,#5601);
#5604=DIRECTION('',(0.E0,0.E0,1.E0));
#5605=VECTOR('',#5604,1.E0);
#5606=CARTESIAN_POINT('',(1.605046164492E2,3.883744368211E1,-7.096364997533E0));
#5607=LINE('',#5606,#5605);
#5608=DIRECTION('',(0.E0,0.E0,1.E0));
#5609=VECTOR('',#5608,1.E0);
#5610=CARTESIAN_POINT('',(1.603344037035E2,3.892077717439E1,-7.096364997533E0));
#5611=LINE('',#5610,#5609);
#5612=DIRECTION('',(0.E0,0.E0,1.E0));
#5613=VECTOR('',#5612,1.E0);
#5614=CARTESIAN_POINT('',(1.603344037035E2,3.871244368211E1,-7.096364997533E0));
#5615=LINE('',#5614,#5613);
#5616=DIRECTION('',(0.E0,0.E0,1.E0));
#5617=VECTOR('',#5616,1.E0);
#5618=CARTESIAN_POINT('',(1.604195100763E2,3.867077717439E1,-7.096364997533E0));
#5619=LINE('',#5618,#5617);
#5620=DIRECTION('',(0.E0,0.E0,1.E0));
#5621=VECTOR('',#5620,1.E0);
#5622=CARTESIAN_POINT('',(1.604620632628E2,3.858744368211E1,-7.096364997533E0));
#5623=LINE('',#5622,#5621);
#5624=DIRECTION('',(0.E0,0.E0,1.E0));
#5625=VECTOR('',#5624,1.E0);
#5626=CARTESIAN_POINT('',(1.605046164492E2,3.833744368211E1,-7.096364997533E0));
#5627=LINE('',#5626,#5625);
#5628=DIRECTION('',(0.E0,0.E0,1.E0));
#5629=VECTOR('',#5628,1.E0);
#5630=CARTESIAN_POINT('',(1.605046164492E2,3.808744368211E1,-7.096364997533E0));
#5631=LINE('',#5630,#5629);
#5632=DIRECTION('',(0.E0,0.E0,1.E0));
#5633=VECTOR('',#5632,1.E0);
#5634=CARTESIAN_POINT('',(1.604620632628E2,3.792077717439E1,-7.096364997533E0));
#5635=LINE('',#5634,#5633);
#5636=DIRECTION('',(0.E0,0.E0,1.E0));
#5637=VECTOR('',#5636,1.E0);
#5638=CARTESIAN_POINT('',(1.604195100763E2,3.783744368211E1,-7.096364997533E0));
#5639=LINE('',#5638,#5637);
#5640=DIRECTION('',(0.E0,0.E0,1.E0));
#5641=VECTOR('',#5640,1.E0);
#5642=CARTESIAN_POINT('',(1.593131271103E2,3.946244368211E1,-7.096364997533E0));
#5643=LINE('',#5642,#5641);
#5644=DIRECTION('',(0.E0,0.E0,1.E0));
#5645=VECTOR('',#5644,1.E0);
#5646=CARTESIAN_POINT('',(1.593131271103E2,3.925411066667E1,-7.096364997533E0));
#5647=LINE('',#5646,#5645);
#5648=DIRECTION('',(0.E0,0.E0,1.E0));
#5649=VECTOR('',#5648,1.E0);
#5650=CARTESIAN_POINT('',(1.613131271103E2,3.925411066667E1,-7.096364997533E0));
#5651=LINE('',#5650,#5649);
#5652=DIRECTION('',(0.E0,0.E0,1.E0));
#5653=VECTOR('',#5652,1.E0);
#5654=CARTESIAN_POINT('',(1.613131271103E2,3.946244368211E1,-7.096364997533E0));
#5655=LINE('',#5654,#5653);
#5656=DIRECTION('',(-2.842170943040E-14,0.E0,1.E0));
#5657=VECTOR('',#5656,1.E0);
#5658=CARTESIAN_POINT('',(1.604620632628E2,3.946244368211E1,-7.096364997533E0));
#5659=LINE('',#5658,#5657);
#5660=DIRECTION('',(0.E0,0.E0,1.E0));
#5661=VECTOR('',#5660,1.E0);
#5662=CARTESIAN_POINT('',(1.605471696356E2,3.954577717439E1,-7.096364997533E0));
#5663=LINE('',#5662,#5661);
#5664=DIRECTION('',(0.E0,0.E0,1.E0));
#5665=VECTOR('',#5664,1.E0);
#5666=CARTESIAN_POINT('',(1.606322760084E2,3.967077717439E1,-7.096364997533E0));
#5667=LINE('',#5666,#5665);
#5668=DIRECTION('',(0.E0,0.E0,1.E0));
#5669=VECTOR('',#5668,1.E0);
#5670=CARTESIAN_POINT('',(1.606748291948E2,3.983744415895E1,-7.096364997533E0));
#5671=LINE('',#5670,#5669);
#5672=DIRECTION('',(0.E0,0.E0,1.E0));
#5673=VECTOR('',#5672,1.E0);
#5674=CARTESIAN_POINT('',(1.606748291948E2,4.000411018983E1,-7.096364997533E0));
#5675=LINE('',#5674,#5673);
#5676=DIRECTION('',(0.E0,0.E0,1.E0));
#5677=VECTOR('',#5676,1.E0);
#5678=CARTESIAN_POINT('',(1.606322760084E2,4.012911018983E1,-7.096364997533E0));
#5679=LINE('',#5678,#5677);
#5680=DIRECTION('',(0.E0,0.E0,1.E0));
#5681=VECTOR('',#5680,1.E0);
#5682=CARTESIAN_POINT('',(1.605471696356E2,4.025411018983E1,-7.096364997533E0));
#5683=LINE('',#5682,#5681);
#5684=DIRECTION('',(0.E0,0.E0,1.E0));
#5685=VECTOR('',#5684,1.E0);
#5686=CARTESIAN_POINT('',(1.604620632628E2,4.033744415895E1,-7.096364997533E0));
#5687=LINE('',#5686,#5685);
#5688=DIRECTION('',(0.E0,0.E0,1.E0));
#5689=VECTOR('',#5688,1.E0);
#5690=CARTESIAN_POINT('',(1.603769568899E2,4.037911018983E1,-7.096364997533E0));
#5691=LINE('',#5690,#5689);
#5692=DIRECTION('',(0.E0,0.E0,1.E0));
#5693=VECTOR('',#5692,1.E0);
#5694=CARTESIAN_POINT('',(1.601641909578E2,4.042077717439E1,-7.096364997533E0));
#5695=LINE('',#5694,#5693);
#5696=DIRECTION('',(0.E0,0.E0,1.E0));
#5697=VECTOR('',#5696,1.E0);
#5698=CARTESIAN_POINT('',(1.593131271103E2,4.042077717439E1,-7.096364997533E0));
#5699=LINE('',#5698,#5697);
#5700=DIRECTION('',(0.E0,0.E0,1.E0));
#5701=VECTOR('',#5700,1.E0);
#5702=CARTESIAN_POINT('',(1.593131271103E2,4.021244415895E1,-7.096364997533E0));
#5703=LINE('',#5702,#5701);
#5704=DIRECTION('',(0.E0,0.E0,1.E0));
#5705=VECTOR('',#5704,1.E0);
#5706=CARTESIAN_POINT('',(1.601641909578E2,4.021244415895E1,-7.096364997533E0));
#5707=LINE('',#5706,#5705);
#5708=DIRECTION('',(2.842170943040E-14,0.E0,1.E0));
#5709=VECTOR('',#5708,1.E0);
#5710=CARTESIAN_POINT('',(1.603344037035E2,4.017077717439E1,-7.096364997533E0));
#5711=LINE('',#5710,#5709);
#5712=DIRECTION('',(0.E0,0.E0,1.E0));
#5713=VECTOR('',#5712,1.E0);
#5714=CARTESIAN_POINT('',(1.604195100763E2,4.008744415895E1,-7.096364997533E0));
#5715=LINE('',#5714,#5713);
#5716=DIRECTION('',(0.E0,0.E0,1.E0));
#5717=VECTOR('',#5716,1.E0);
#5718=CARTESIAN_POINT('',(1.604620632628E2,4.000411018983E1,-7.096364997533E0));
#5719=LINE('',#5718,#5717);
#5720=DIRECTION('',(0.E0,0.E0,1.E0));
#5721=VECTOR('',#5720,1.E0);
#5722=CARTESIAN_POINT('',(1.605046164492E2,3.983744415895E1,-7.096364997533E0));
#5723=LINE('',#5722,#5721);
#5724=DIRECTION('',(0.E0,0.E0,1.E0));
#5725=VECTOR('',#5724,1.E0);
#5726=CARTESIAN_POINT('',(1.604620632628E2,3.967077717439E1,-7.096364997533E0));
#5727=LINE('',#5726,#5725);
#5728=DIRECTION('',(0.E0,0.E0,1.E0));
#5729=VECTOR('',#5728,1.E0);
#5730=CARTESIAN_POINT('',(1.603769568899E2,3.954577717439E1,-7.096364997533E0));
#5731=LINE('',#5730,#5729);
#5732=DIRECTION('',(-2.842170943040E-14,0.E0,1.E0));
#5733=VECTOR('',#5732,1.E0);
#5734=CARTESIAN_POINT('',(1.602918505171E2,3.946244368211E1,-7.096364997533E0));
#5735=LINE('',#5734,#5733);
#5736=DIRECTION('',(0.E0,0.E0,1.E0));
#5737=VECTOR('',#5736,1.E0);
#5738=CARTESIAN_POINT('',(1.593131271103E2,4.125411018983E1,-7.096364997533E0));
#5739=LINE('',#5738,#5737);
#5740=DIRECTION('',(0.E0,0.E0,1.E0));
#5741=VECTOR('',#5740,1.E0);
#5742=CARTESIAN_POINT('',(1.593556803004E2,4.108744415895E1,-7.096364997533E0));
#5743=LINE('',#5742,#5741);
#5744=DIRECTION('',(0.E0,0.E0,1.E0));
#5745=VECTOR('',#5744,1.E0);
#5746=CARTESIAN_POINT('',(1.593982334906E2,4.100411018983E1,-7.096364997533E0));
#5747=LINE('',#5746,#5745);
#5748=DIRECTION('',(0.E0,0.E0,1.E0));
#5749=VECTOR('',#5748,1.E0);
#5750=CARTESIAN_POINT('',(1.594833398709E2,4.092077717439E1,-7.096364997533E0));
#5751=LINE('',#5750,#5749);
#5752=DIRECTION('',(0.E0,0.E0,1.E0));
#5753=VECTOR('',#5752,1.E0);
#5754=CARTESIAN_POINT('',(1.596109994450E2,4.083744415895E1,-7.096364997533E0));
#5755=LINE('',#5754,#5753);
#5756=DIRECTION('',(0.E0,0.E0,1.E0));
#5757=VECTOR('',#5756,1.E0);
#5758=CARTESIAN_POINT('',(1.599088717797E2,4.075411018983E1,-7.096364997533E0));
#5759=LINE('',#5758,#5757);
#5760=DIRECTION('',(0.E0,0.E0,1.E0));
#5761=VECTOR('',#5760,1.E0);
#5762=CARTESIAN_POINT('',(1.600790845850E2,4.075411018983E1,-7.096364997533E0));
#5763=LINE('',#5762,#5761);
#5764=DIRECTION('',(0.E0,0.E0,1.E0));
#5765=VECTOR('',#5764,1.E0);
#5766=CARTESIAN_POINT('',(1.602492973307E2,4.079577717439E1,-7.096364997533E0));
#5767=LINE('',#5766,#5765);
#5768=DIRECTION('',(0.E0,0.E0,1.E0));
#5769=VECTOR('',#5768,1.E0);
#5770=CARTESIAN_POINT('',(1.603769568899E2,4.083744415895E1,-7.096364997533E0));
#5771=LINE('',#5770,#5769);
#5772=DIRECTION('',(0.E0,0.E0,1.E0));
#5773=VECTOR('',#5772,1.E0);
#5774=CARTESIAN_POINT('',(1.605046164492E2,4.092077717439E1,-7.096364997533E0));
#5775=LINE('',#5774,#5773);
#5776=DIRECTION('',(0.E0,0.E0,1.E0));
#5777=VECTOR('',#5776,1.E0);
#5778=CARTESIAN_POINT('',(1.605897228220E2,4.100411018983E1,-7.096364997533E0));
#5779=LINE('',#5778,#5777);
#5780=DIRECTION('',(0.E0,0.E0,1.E0));
#5781=VECTOR('',#5780,1.E0);
#5782=CARTESIAN_POINT('',(1.606322760084E2,4.108744415895E1,-7.096364997533E0));
#5783=LINE('',#5782,#5781);
#5784=DIRECTION('',(0.E0,0.E0,1.E0));
#5785=VECTOR('',#5784,1.E0);
#5786=CARTESIAN_POINT('',(1.606748291948E2,4.125411018983E1,-7.096364997533E0));
#5787=LINE('',#5786,#5785);
#5788=DIRECTION('',(0.E0,0.E0,1.E0));
#5789=VECTOR('',#5788,1.E0);
#5790=CARTESIAN_POINT('',(1.606748291948E2,4.158744415895E1,-7.096364997533E0));
#5791=LINE('',#5790,#5789);
#5792=DIRECTION('',(0.E0,0.E0,1.E0));
#5793=VECTOR('',#5792,1.E0);
#5794=CARTESIAN_POINT('',(1.606322760084E2,4.175411018983E1,-7.096364997533E0));
#5795=LINE('',#5794,#5793);
#5796=DIRECTION('',(0.E0,0.E0,1.E0));
#5797=VECTOR('',#5796,1.E0);
#5798=CARTESIAN_POINT('',(1.605897228220E2,4.183744415895E1,-7.096364997533E0));
#5799=LINE('',#5798,#5797);
#5800=DIRECTION('',(0.E0,0.E0,1.E0));
#5801=VECTOR('',#5800,1.E0);
#5802=CARTESIAN_POINT('',(1.605046164492E2,4.192077717439E1,-7.096364997533E0));
#5803=LINE('',#5802,#5801);
#5804=DIRECTION('',(0.E0,0.E0,1.E0));
#5805=VECTOR('',#5804,1.E0);
#5806=CARTESIAN_POINT('',(1.603769568899E2,4.200411018983E1,-7.096364997533E0));
#5807=LINE('',#5806,#5805);
#5808=DIRECTION('',(0.E0,0.E0,1.E0));
#5809=VECTOR('',#5808,1.E0);
#5810=CARTESIAN_POINT('',(1.602492973307E2,4.204577717439E1,-7.096364997533E0));
#5811=LINE('',#5810,#5809);
#5812=DIRECTION('',(0.E0,0.E0,1.E0));
#5813=VECTOR('',#5812,1.E0);
#5814=CARTESIAN_POINT('',(1.600790845850E2,4.208744415895E1,-7.096364997533E0));
#5815=LINE('',#5814,#5813);
#5816=DIRECTION('',(0.E0,0.E0,1.E0));
#5817=VECTOR('',#5816,1.E0);
#5818=CARTESIAN_POINT('',(1.599088717797E2,4.208744415895E1,-7.096364997533E0));
#5819=LINE('',#5818,#5817);
#5820=DIRECTION('',(0.E0,0.E0,1.E0));
#5821=VECTOR('',#5820,1.E0);
#5822=CARTESIAN_POINT('',(1.596109994450E2,4.200411018983E1,-7.096364997533E0));
#5823=LINE('',#5822,#5821);
#5824=DIRECTION('',(0.E0,0.E0,1.E0));
#5825=VECTOR('',#5824,1.E0);
#5826=CARTESIAN_POINT('',(1.594833398709E2,4.192077717439E1,-7.096364997533E0));
#5827=LINE('',#5826,#5825);
#5828=DIRECTION('',(0.E0,0.E0,1.E0));
#5829=VECTOR('',#5828,1.E0);
#5830=CARTESIAN_POINT('',(1.593982334906E2,4.183744415895E1,-7.096364997533E0));
#5831=LINE('',#5830,#5829);
#5832=DIRECTION('',(0.E0,0.E0,1.E0));
#5833=VECTOR('',#5832,1.E0);
#5834=CARTESIAN_POINT('',(1.593556803004E2,4.175411018983E1,-7.096364997533E0));
#5835=LINE('',#5834,#5833);
#5836=DIRECTION('',(0.E0,0.E0,1.E0));
#5837=VECTOR('',#5836,1.E0);
#5838=CARTESIAN_POINT('',(1.593131271103E2,4.158744415895E1,-7.096364997533E0));
#5839=LINE('',#5838,#5837);
#5840=DIRECTION('',(0.E0,0.E0,1.E0));
#5841=VECTOR('',#5840,1.E0);
#5842=CARTESIAN_POINT('',(1.594833398709E2,4.133744415895E1,-7.096364997533E0));
#5843=LINE('',#5842,#5841);
#5844=DIRECTION('',(0.E0,0.E0,1.E0));
#5845=VECTOR('',#5844,1.E0);
#5846=CARTESIAN_POINT('',(1.594833398709E2,4.150411018983E1,-7.096364997533E0));
#5847=LINE('',#5846,#5845);
#5848=DIRECTION('',(0.E0,-1.421085471520E-14,1.E0));
#5849=VECTOR('',#5848,1.E0);
#5850=CARTESIAN_POINT('',(1.595258930722E2,4.167077717439E1,-7.096364997533E0));
#5851=LINE('',#5850,#5849);
#5852=DIRECTION('',(0.E0,0.E0,1.E0));
#5853=VECTOR('',#5852,1.E0);
#5854=CARTESIAN_POINT('',(1.596109994450E2,4.175411018983E1,-7.096364997533E0));
#5855=LINE('',#5854,#5853);
#5856=DIRECTION('',(0.E0,0.E0,1.E0));
#5857=VECTOR('',#5856,1.E0);
#5858=CARTESIAN_POINT('',(1.597386590341E2,4.183744415895E1,-7.096364997533E0));
#5859=LINE('',#5858,#5857);
#5860=DIRECTION('',(0.E0,0.E0,1.E0));
#5861=VECTOR('',#5860,1.E0);
#5862=CARTESIAN_POINT('',(1.599088717797E2,4.187911018983E1,-7.096364997533E0));
#5863=LINE('',#5862,#5861);
#5864=DIRECTION('',(0.E0,0.E0,1.E0));
#5865=VECTOR('',#5864,1.E0);
#5866=CARTESIAN_POINT('',(1.600790845850E2,4.187911018983E1,-7.096364997533E0));
#5867=LINE('',#5866,#5865);
#5868=DIRECTION('',(0.E0,0.E0,1.E0));
#5869=VECTOR('',#5868,1.E0);
#5870=CARTESIAN_POINT('',(1.602492973307E2,4.183744415895E1,-7.096364997533E0));
#5871=LINE('',#5870,#5869);
#5872=DIRECTION('',(0.E0,0.E0,1.E0));
#5873=VECTOR('',#5872,1.E0);
#5874=CARTESIAN_POINT('',(1.603769568899E2,4.175411018983E1,-7.096364997533E0));
#5875=LINE('',#5874,#5873);
#5876=DIRECTION('',(0.E0,0.E0,1.E0));
#5877=VECTOR('',#5876,1.E0);
#5878=CARTESIAN_POINT('',(1.604620632628E2,4.167077717439E1,-7.096364997533E0));
#5879=LINE('',#5878,#5877);
#5880=DIRECTION('',(0.E0,0.E0,1.E0));
#5881=VECTOR('',#5880,1.E0);
#5882=CARTESIAN_POINT('',(1.605046164492E2,4.150411018983E1,-7.096364997533E0));
#5883=LINE('',#5882,#5881);
#5884=DIRECTION('',(0.E0,0.E0,1.E0));
#5885=VECTOR('',#5884,1.E0);
#5886=CARTESIAN_POINT('',(1.605046164492E2,4.133744415895E1,-7.096364997533E0));
#5887=LINE('',#5886,#5885);
#5888=DIRECTION('',(-2.842170943040E-14,0.E0,1.E0));
#5889=VECTOR('',#5888,1.E0);
#5890=CARTESIAN_POINT('',(1.604620632628E2,4.117077717439E1,-7.096364997533E0));
#5891=LINE('',#5890,#5889);
#5892=DIRECTION('',(0.E0,0.E0,1.E0));
#5893=VECTOR('',#5892,1.E0);
#5894=CARTESIAN_POINT('',(1.603769568899E2,4.108744415895E1,-7.096364997533E0));
#5895=LINE('',#5894,#5893);
#5896=DIRECTION('',(0.E0,0.E0,1.E0));
#5897=VECTOR('',#5896,1.E0);
#5898=CARTESIAN_POINT('',(1.602492973307E2,4.100411018983E1,-7.096364997533E0));
#5899=LINE('',#5898,#5897);
#5900=DIRECTION('',(0.E0,0.E0,1.E0));
#5901=VECTOR('',#5900,1.E0);
#5902=CARTESIAN_POINT('',(1.600790845850E2,4.096244415895E1,-7.096364997533E0));
#5903=LINE('',#5902,#5901);
#5904=DIRECTION('',(0.E0,0.E0,1.E0));
#5905=VECTOR('',#5904,1.E0);
#5906=CARTESIAN_POINT('',(1.599088717797E2,4.096244415895E1,-7.096364997533E0));
#5907=LINE('',#5906,#5905);
#5908=DIRECTION('',(0.E0,0.E0,1.E0));
#5909=VECTOR('',#5908,1.E0);
#5910=CARTESIAN_POINT('',(1.597386590341E2,4.100411018983E1,-7.096364997533E0));
#5911=LINE('',#5910,#5909);
#5912=DIRECTION('',(0.E0,0.E0,1.E0));
#5913=VECTOR('',#5912,1.E0);
#5914=CARTESIAN_POINT('',(1.596109994450E2,4.108744415895E1,-7.096364997533E0));
#5915=LINE('',#5914,#5913);
#5916=DIRECTION('',(0.E0,0.E0,1.E0));
#5917=VECTOR('',#5916,1.E0);
#5918=CARTESIAN_POINT('',(1.595258930722E2,4.117077717439E1,-7.096364997533E0));
#5919=LINE('',#5918,#5917);
#5920=DIRECTION('',(0.E0,0.E0,1.E0));
#5921=VECTOR('',#5920,1.E0);
#5922=CARTESIAN_POINT('',(1.593131271103E2,4.262911018983E1,-7.096364997533E0));
#5923=LINE('',#5922,#5921);
#5924=DIRECTION('',(0.E0,0.E0,1.E0));
#5925=VECTOR('',#5924,1.E0);
#5926=CARTESIAN_POINT('',(1.593131271103E2,4.242077717439E1,-7.096364997533E0));
#5927=LINE('',#5926,#5925);
#5928=DIRECTION('',(0.E0,0.E0,1.E0));
#5929=VECTOR('',#5928,1.E0);
#5930=CARTESIAN_POINT('',(1.606748291948E2,4.242077717439E1,-7.096364997533E0));
#5931=LINE('',#5930,#5929);
#5932=DIRECTION('',(0.E0,0.E0,1.E0));
#5933=VECTOR('',#5932,1.E0);
#5934=CARTESIAN_POINT('',(1.606748291948E2,4.262911018983E1,-7.096364997533E0));
#5935=LINE('',#5934,#5933);
#5936=DIRECTION('',(0.E0,0.E0,1.E0));
#5937=VECTOR('',#5936,1.E0);
#5938=CARTESIAN_POINT('',(1.604195100763E2,4.262911018983E1,-7.096364997533E0));
#5939=LINE('',#5938,#5937);
#5940=DIRECTION('',(0.E0,0.E0,1.E0));
#5941=VECTOR('',#5940,1.E0);
#5942=CARTESIAN_POINT('',(1.605046164492E2,4.271244415895E1,-7.096364997533E0));
#5943=LINE('',#5942,#5941);
#5944=DIRECTION('',(0.E0,-1.421085471520E-14,1.E0));
#5945=VECTOR('',#5944,1.E0);
#5946=CARTESIAN_POINT('',(1.605897228220E2,4.283744415895E1,-7.096364997533E0));
#5947=LINE('',#5946,#5945);
#5948=DIRECTION('',(0.E0,0.E0,1.E0));
#5949=VECTOR('',#5948,1.E0);
#5950=CARTESIAN_POINT('',(1.606322760084E2,4.296244415895E1,-7.096364997533E0));
#5951=LINE('',#5950,#5949);
#5952=DIRECTION('',(0.E0,0.E0,1.E0));
#5953=VECTOR('',#5952,1.E0);
#5954=CARTESIAN_POINT('',(1.606748291948E2,4.317077717439E1,-7.096364997533E0));
#5955=LINE('',#5954,#5953);
#5956=DIRECTION('',(0.E0,0.E0,1.E0));
#5957=VECTOR('',#5956,1.E0);
#5958=CARTESIAN_POINT('',(1.604620632628E2,4.317077717439E1,-7.096364997533E0));
#5959=LINE('',#5958,#5957);
#5960=DIRECTION('',(0.E0,-1.421085471520E-14,1.E0));
#5961=VECTOR('',#5960,1.E0);
#5962=CARTESIAN_POINT('',(1.604195100763E2,4.292077717439E1,-7.096364997533E0));
#5963=LINE('',#5962,#5961);
#5964=DIRECTION('',(0.E0,-1.421085471520E-14,1.E0));
#5965=VECTOR('',#5964,1.E0);
#5966=CARTESIAN_POINT('',(1.603344037035E2,4.275411018983E1,-7.096364997533E0));
#5967=LINE('',#5966,#5965);
#5968=DIRECTION('',(0.E0,0.E0,1.E0));
#5969=VECTOR('',#5968,1.E0);
#5970=CARTESIAN_POINT('',(1.601641909578E2,4.262911018983E1,-7.096364997533E0));
#5971=LINE('',#5970,#5969);
#5972=DIRECTION('',(2.842170943040E-14,-1.421085471520E-14,1.E0));
#5973=VECTOR('',#5972,1.E0);
#5974=CARTESIAN_POINT('',(1.594833398709E2,4.442077717439E1,-7.096364997533E0));
#5975=LINE('',#5974,#5973);
#5976=DIRECTION('',(2.842170943040E-14,0.E0,1.E0));
#5977=VECTOR('',#5976,1.E0);
#5978=CARTESIAN_POINT('',(1.593131271103E2,4.442077717439E1,-7.096364997533E0));
#5979=LINE('',#5978,#5977);
#5980=DIRECTION('',(0.E0,0.E0,1.E0));
#5981=VECTOR('',#5980,1.E0);
#5982=CARTESIAN_POINT('',(1.593556803004E2,4.417077717439E1,-7.096364997533E0));
#5983=LINE('',#5982,#5981);
#5984=DIRECTION('',(0.E0,0.E0,1.E0));
#5985=VECTOR('',#5984,1.E0);
#5986=CARTESIAN_POINT('',(1.593982334906E2,4.404577717439E1,-7.096364997533E0));
#5987=LINE('',#5986,#5985);
#5988=DIRECTION('',(0.E0,0.E0,1.E0));
#5989=VECTOR('',#5988,1.E0);
#5990=CARTESIAN_POINT('',(1.594833398709E2,4.392077717439E1,-7.096364997533E0));
#5991=LINE('',#5990,#5989);
#5992=DIRECTION('',(0.E0,0.E0,1.E0));
#5993=VECTOR('',#5992,1.E0);
#5994=CARTESIAN_POINT('',(1.596535526314E2,4.383744415895E1,-7.096364997533E0));
#5995=LINE('',#5994,#5993);
#5996=DIRECTION('',(0.E0,0.E0,1.E0));
#5997=VECTOR('',#5996,1.E0);
#5998=CARTESIAN_POINT('',(1.605046164492E2,4.383744415895E1,-7.096364997533E0));
#5999=LINE('',#5998,#5997);
#6000=DIRECTION('',(0.E0,0.E0,1.E0));
#6001=VECTOR('',#6000,1.E0);
#6002=CARTESIAN_POINT('',(1.605046164492E2,4.350411018983E1,-7.096364997533E0));
#6003=LINE('',#6002,#6001);
#6004=DIRECTION('',(0.E0,0.E0,1.E0));
#6005=VECTOR('',#6004,1.E0);
#6006=CARTESIAN_POINT('',(1.606748291948E2,4.350411018983E1,-7.096364997533E0));
#6007=LINE('',#6006,#6005);
#6008=DIRECTION('',(0.E0,0.E0,1.E0));
#6009=VECTOR('',#6008,1.E0);
#6010=CARTESIAN_POINT('',(1.606748291948E2,4.383744415895E1,-7.096364997533E0));
#6011=LINE('',#6010,#6009);
#6012=DIRECTION('',(0.E0,0.E0,1.E0));
#6013=VECTOR('',#6012,1.E0);
#6014=CARTESIAN_POINT('',(1.610152548054E2,4.383744415895E1,-7.096364997533E0));
#6015=LINE('',#6014,#6013);
#6016=DIRECTION('',(0.E0,0.E0,1.E0));
#6017=VECTOR('',#6016,1.E0);
#6018=CARTESIAN_POINT('',(1.610152548054E2,4.404577717439E1,-7.096364997533E0));
#6019=LINE('',#6018,#6017);
#6020=DIRECTION('',(0.E0,0.E0,1.E0));
#6021=VECTOR('',#6020,1.E0);
#6022=CARTESIAN_POINT('',(1.606748291948E2,4.404577717439E1,-7.096364997533E0));
#6023=LINE('',#6022,#6021);
#6024=DIRECTION('',(0.E0,0.E0,1.E0));
#6025=VECTOR('',#6024,1.E0);
#6026=CARTESIAN_POINT('',(1.606748291948E2,4.450411018983E1,-7.096364997533E0));
#6027=LINE('',#6026,#6025);
#6028=DIRECTION('',(0.E0,0.E0,1.E0));
#6029=VECTOR('',#6028,1.E0);
#6030=CARTESIAN_POINT('',(1.605046164492E2,4.450411018983E1,-7.096364997533E0));
#6031=LINE('',#6030,#6029);
#6032=DIRECTION('',(0.E0,0.E0,1.E0));
#6033=VECTOR('',#6032,1.E0);
#6034=CARTESIAN_POINT('',(1.605046164492E2,4.404577717439E1,-7.096364997533E0));
#6035=LINE('',#6034,#6033);
#6036=DIRECTION('',(0.E0,0.E0,1.E0));
#6037=VECTOR('',#6036,1.E0);
#6038=CARTESIAN_POINT('',(1.597386590341E2,4.404577717439E1,-7.096364997533E0));
#6039=LINE('',#6038,#6037);
#6040=DIRECTION('',(-2.842170943040E-14,0.E0,1.E0));
#6041=VECTOR('',#6040,1.E0);
#6042=CARTESIAN_POINT('',(1.596109994450E2,4.408744415895E1,-7.096364997533E0));
#6043=LINE('',#6042,#6041);
#6044=DIRECTION('',(0.E0,-1.421085471520E-14,1.E0));
#6045=VECTOR('',#6044,1.E0);
#6046=CARTESIAN_POINT('',(1.595258930722E2,4.421244415895E1,-7.096364997533E0));
#6047=LINE('',#6046,#6045);
#6048=DIRECTION('',(0.E0,0.E0,1.E0));
#6049=VECTOR('',#6048,1.E0);
#6050=CARTESIAN_POINT('',(1.593131271103E2,4.704577717439E1,-7.096364997533E0));
#6051=LINE('',#6050,#6049);
#6052=DIRECTION('',(0.E0,0.E0,1.E0));
#6053=VECTOR('',#6052,1.E0);
#6054=CARTESIAN_POINT('',(1.593131271103E2,4.683744415895E1,-7.096364997533E0));
#6055=LINE('',#6054,#6053);
#6056=DIRECTION('',(0.E0,0.E0,1.E0));
#6057=VECTOR('',#6056,1.E0);
#6058=CARTESIAN_POINT('',(1.606748291948E2,4.683744415895E1,-7.096364997533E0));
#6059=LINE('',#6058,#6057);
#6060=DIRECTION('',(0.E0,0.E0,1.E0));
#6061=VECTOR('',#6060,1.E0);
#6062=CARTESIAN_POINT('',(1.606748291948E2,4.704577717439E1,-7.096364997533E0));
#6063=LINE('',#6062,#6061);
#6064=DIRECTION('',(0.E0,-1.421085471520E-14,1.E0));
#6065=VECTOR('',#6064,1.E0);
#6066=CARTESIAN_POINT('',(1.604195100763E2,4.704577717439E1,-7.096364997533E0));
#6067=LINE('',#6066,#6065);
#6068=DIRECTION('',(0.E0,0.E0,1.E0));
#6069=VECTOR('',#6068,1.E0);
#6070=CARTESIAN_POINT('',(1.605046164492E2,4.712911018983E1,-7.096364997533E0));
#6071=LINE('',#6070,#6069);
#6072=DIRECTION('',(0.E0,0.E0,1.E0));
#6073=VECTOR('',#6072,1.E0);
#6074=CARTESIAN_POINT('',(1.605897228220E2,4.725411018983E1,-7.096364997533E0));
#6075=LINE('',#6074,#6073);
#6076=DIRECTION('',(0.E0,0.E0,1.E0));
#6077=VECTOR('',#6076,1.E0);
#6078=CARTESIAN_POINT('',(1.606322760084E2,4.737911018983E1,-7.096364997533E0));
#6079=LINE('',#6078,#6077);
#6080=DIRECTION('',(2.842170943040E-14,0.E0,1.E0));
#6081=VECTOR('',#6080,1.E0);
#6082=CARTESIAN_POINT('',(1.606748291948E2,4.758744320528E1,-7.096364997533E0));
#6083=LINE('',#6082,#6081);
#6084=DIRECTION('',(2.842170943040E-14,0.E0,1.E0));
#6085=VECTOR('',#6084,1.E0);
#6086=CARTESIAN_POINT('',(1.604620632628E2,4.758744320528E1,-7.096364997533E0));
#6087=LINE('',#6086,#6085);
#6088=DIRECTION('',(0.E0,-1.421085471520E-14,1.E0));
#6089=VECTOR('',#6088,1.E0);
#6090=CARTESIAN_POINT('',(1.604195100763E2,4.733744415895E1,-7.096364997533E0));
#6091=LINE('',#6090,#6089);
#6092=DIRECTION('',(0.E0,-1.421085471520E-14,1.E0));
#6093=VECTOR('',#6092,1.E0);
#6094=CARTESIAN_POINT('',(1.603344037035E2,4.717077717439E1,-7.096364997533E0));
#6095=LINE('',#6094,#6093);
#6096=DIRECTION('',(2.842170943040E-14,0.E0,1.E0));
#6097=VECTOR('',#6096,1.E0);
#6098=CARTESIAN_POINT('',(1.601641909578E2,4.704577717439E1,-7.096364997533E0));
#6099=LINE('',#6098,#6097);
#6100=DIRECTION('',(0.E0,0.E0,1.E0));
#6101=VECTOR('',#6100,1.E0);
#6102=CARTESIAN_POINT('',(1.593131271103E2,4.925411114351E1,-7.096364997533E0));
#6103=LINE('',#6102,#6101);
#6104=DIRECTION('',(0.E0,0.E0,1.E0));
#6105=VECTOR('',#6104,1.E0);
#6106=CARTESIAN_POINT('',(1.593131271103E2,4.904577717439E1,-7.096364997533E0));
#6107=LINE('',#6106,#6105);
#6108=DIRECTION('',(0.E0,-1.421085471520E-14,1.E0));
#6109=VECTOR('',#6108,1.E0);
#6110=CARTESIAN_POINT('',(1.593982334906E2,4.900411114351E1,-7.096364997533E0));
#6111=LINE('',#6110,#6109);
#6112=DIRECTION('',(0.E0,-1.421085471520E-14,1.E0));
#6113=VECTOR('',#6112,1.E0);
#6114=CARTESIAN_POINT('',(1.595258930722E2,4.896244320528E1,-7.096364997533E0));
#6115=LINE('',#6114,#6113);
#6116=DIRECTION('',(0.E0,0.E0,1.E0));
#6117=VECTOR('',#6116,1.E0);
#6118=CARTESIAN_POINT('',(1.594407866845E2,4.892077717439E1,-7.096364997533E0));
#6119=LINE('',#6118,#6117);
#6120=DIRECTION('',(0.E0,0.E0,1.E0));
#6121=VECTOR('',#6120,1.E0);
#6122=CARTESIAN_POINT('',(1.593556803004E2,4.879577717439E1,-7.096364997533E0));
#6123=LINE('',#6122,#6121);
#6124=DIRECTION('',(0.E0,0.E0,1.E0));
#6125=VECTOR('',#6124,1.E0);
#6126=CARTESIAN_POINT('',(1.593131271103E2,4.858744320528E1,-7.096364997533E0));
#6127=LINE('',#6126,#6125);
#6128=DIRECTION('',(0.E0,0.E0,1.E0));
#6129=VECTOR('',#6128,1.E0);
#6130=CARTESIAN_POINT('',(1.593131271103E2,4.833744320528E1,-7.096364997533E0));
#6131=LINE('',#6130,#6129);
#6132=DIRECTION('',(0.E0,0.E0,1.E0));
#6133=VECTOR('',#6132,1.E0);
#6134=CARTESIAN_POINT('',(1.593556803004E2,4.817077717439E1,-7.096364997533E0));
#6135=LINE('',#6134,#6133);
#6136=DIRECTION('',(0.E0,0.E0,1.E0));
#6137=VECTOR('',#6136,1.E0);
#6138=CARTESIAN_POINT('',(1.593982334906E2,4.808744320528E1,-7.096364997533E0));
#6139=LINE('',#6138,#6137);
#6140=DIRECTION('',(0.E0,0.E0,1.E0));
#6141=VECTOR('',#6140,1.E0);
#6142=CARTESIAN_POINT('',(1.595258930722E2,4.796244320528E1,-7.096364997533E0));
#6143=LINE('',#6142,#6141);
#6144=DIRECTION('',(0.E0,0.E0,1.E0));
#6145=VECTOR('',#6144,1.E0);
#6146=CARTESIAN_POINT('',(1.596961058477E2,4.792077717439E1,-7.096364997533E0));
#6147=LINE('',#6146,#6145);
#6148=DIRECTION('',(0.E0,0.E0,1.E0));
#6149=VECTOR('',#6148,1.E0);
#6150=CARTESIAN_POINT('',(1.598237654069E2,4.792077717439E1,-7.096364997533E0));
#6151=LINE('',#6150,#6149);
#6152=DIRECTION('',(0.E0,0.E0,1.E0));
#6153=VECTOR('',#6152,1.E0);
#6154=CARTESIAN_POINT('',(1.599939781526E2,4.800411114351E1,-7.096364997533E0));
#6155=LINE('',#6154,#6153);
#6156=DIRECTION('',(0.E0,0.E0,1.E0));
#6157=VECTOR('',#6156,1.E0);
#6158=CARTESIAN_POINT('',(1.600790845850E2,4.808744320528E1,-7.096364997533E0));
#6159=LINE('',#6158,#6157);
#6160=DIRECTION('',(0.E0,-1.421085471520E-14,1.E0));
#6161=VECTOR('',#6160,1.E0);
#6162=CARTESIAN_POINT('',(1.601641909578E2,4.825411114351E1,-7.096364997533E0));
#6163=LINE('',#6162,#6161);
#6164=DIRECTION('',(0.E0,0.E0,1.E0));
#6165=VECTOR('',#6164,1.E0);
#6166=CARTESIAN_POINT('',(1.602067441443E2,4.850411114351E1,-7.096364997533E0));
#6167=LINE('',#6166,#6165);
#6168=DIRECTION('',(0.E0,0.E0,1.E0));
#6169=VECTOR('',#6168,1.E0);
#6170=CARTESIAN_POINT('',(1.602067441443E2,4.896244320528E1,-7.096364997533E0));
#6171=LINE('',#6170,#6169);
#6172=DIRECTION('',(0.E0,0.E0,1.E0));
#6173=VECTOR('',#6172,1.E0);
#6174=CARTESIAN_POINT('',(1.603344037035E2,4.896244320528E1,-7.096364997533E0));
#6175=LINE('',#6174,#6173);
#6176=DIRECTION('',(2.842170943040E-14,-2.842170943040E-14,1.E0));
#6177=VECTOR('',#6176,1.E0);
#6178=CARTESIAN_POINT('',(1.604195100763E2,4.892077717439E1,-7.096364997533E0));
#6179=LINE('',#6178,#6177);
#6180=DIRECTION('',(0.E0,-1.421085471520E-14,1.E0));
#6181=VECTOR('',#6180,1.E0);
#6182=CARTESIAN_POINT('',(1.604620632628E2,4.883744320528E1,-7.096364997533E0));
#6183=LINE('',#6182,#6181);
#6184=DIRECTION('',(0.E0,-1.421085471520E-14,1.E0));
#6185=VECTOR('',#6184,1.E0);
#6186=CARTESIAN_POINT('',(1.605046164492E2,4.867077717439E1,-7.096364997533E0));
#6187=LINE('',#6186,#6185);
#6188=DIRECTION('',(0.E0,0.E0,1.E0));
#6189=VECTOR('',#6188,1.E0);
#6190=CARTESIAN_POINT('',(1.605046164492E2,4.842077717439E1,-7.096364997533E0));
#6191=LINE('',#6190,#6189);
#6192=DIRECTION('',(0.E0,0.E0,1.E0));
#6193=VECTOR('',#6192,1.E0);
#6194=CARTESIAN_POINT('',(1.604620632628E2,4.825411114351E1,-7.096364997533E0));
#6195=LINE('',#6194,#6193);
#6196=DIRECTION('',(2.842170943040E-14,0.E0,1.E0));
#6197=VECTOR('',#6196,1.E0);
#6198=CARTESIAN_POINT('',(1.604195100763E2,4.817077717439E1,-7.096364997533E0));
#6199=LINE('',#6198,#6197);
#6200=DIRECTION('',(0.E0,-1.421085471520E-14,1.E0));
#6201=VECTOR('',#6200,1.E0);
#6202=CARTESIAN_POINT('',(1.603344037035E2,4.812911114351E1,-7.096364997533E0));
#6203=LINE('',#6202,#6201);
#6204=DIRECTION('',(0.E0,0.E0,1.E0));
#6205=VECTOR('',#6204,1.E0);
#6206=CARTESIAN_POINT('',(1.603344037035E2,4.792077717439E1,-7.096364997533E0));
#6207=LINE('',#6206,#6205);
#6208=DIRECTION('',(0.E0,0.E0,1.E0));
#6209=VECTOR('',#6208,1.E0);
#6210=CARTESIAN_POINT('',(1.604195100763E2,4.792077717439E1,-7.096364997533E0));
#6211=LINE('',#6210,#6209);
#6212=DIRECTION('',(0.E0,0.E0,1.E0));
#6213=VECTOR('',#6212,1.E0);
#6214=CARTESIAN_POINT('',(1.605046164492E2,4.796244320528E1,-7.096364997533E0));
#6215=LINE('',#6214,#6213);
#6216=DIRECTION('',(0.E0,-1.421085471520E-14,1.E0));
#6217=VECTOR('',#6216,1.E0);
#6218=CARTESIAN_POINT('',(1.605897228220E2,4.804577717439E1,-7.096364997533E0));
#6219=LINE('',#6218,#6217);
#6220=DIRECTION('',(0.E0,-1.421085471520E-14,1.E0));
#6221=VECTOR('',#6220,1.E0);
#6222=CARTESIAN_POINT('',(1.606322760084E2,4.812911114351E1,-7.096364997533E0));
#6223=LINE('',#6222,#6221);
#6224=DIRECTION('',(0.E0,-1.421085471520E-14,1.E0));
#6225=VECTOR('',#6224,1.E0);
#6226=CARTESIAN_POINT('',(1.606748291948E2,4.842077717439E1,-7.096364997533E0));
#6227=LINE('',#6226,#6225);
#6228=DIRECTION('',(0.E0,0.E0,1.E0));
#6229=VECTOR('',#6228,1.E0);
#6230=CARTESIAN_POINT('',(1.606748291948E2,4.867077717439E1,-7.096364997533E0));
#6231=LINE('',#6230,#6229);
#6232=DIRECTION('',(0.E0,0.E0,1.E0));
#6233=VECTOR('',#6232,1.E0);
#6234=CARTESIAN_POINT('',(1.606322760084E2,4.892077717439E1,-7.096364997533E0));
#6235=LINE('',#6234,#6233);
#6236=DIRECTION('',(0.E0,-1.421085471520E-14,1.E0));
#6237=VECTOR('',#6236,1.E0);
#6238=CARTESIAN_POINT('',(1.605471696356E2,4.904577717439E1,-7.096364997533E0));
#6239=LINE('',#6238,#6237);
#6240=DIRECTION('',(0.E0,0.E0,1.E0));
#6241=VECTOR('',#6240,1.E0);
#6242=CARTESIAN_POINT('',(1.604620632628E2,4.912911114351E1,-7.096364997533E0));
#6243=LINE('',#6242,#6241);
#6244=DIRECTION('',(0.E0,0.E0,1.E0));
#6245=VECTOR('',#6244,1.E0);
#6246=CARTESIAN_POINT('',(1.603344037035E2,4.917077717439E1,-7.096364997533E0));
#6247=LINE('',#6246,#6245);
#6248=DIRECTION('',(0.E0,0.E0,1.E0));
#6249=VECTOR('',#6248,1.E0);
#6250=CARTESIAN_POINT('',(1.596535526314E2,4.917077717439E1,-7.096364997533E0));
#6251=LINE('',#6250,#6249);
#6252=DIRECTION('',(0.E0,0.E0,1.E0));
#6253=VECTOR('',#6252,1.E0);
#6254=CARTESIAN_POINT('',(1.594407866845E2,4.921244320528E1,-7.096364997533E0));
#6255=LINE('',#6254,#6253);
#6256=DIRECTION('',(0.E0,0.E0,1.E0));
#6257=VECTOR('',#6256,1.E0);
#6258=CARTESIAN_POINT('',(1.600365313390E2,4.896244320528E1,-7.096364997533E0));
#6259=LINE('',#6258,#6257);
#6260=DIRECTION('',(0.E0,0.E0,1.E0));
#6261=VECTOR('',#6260,1.E0);
#6262=CARTESIAN_POINT('',(1.600365313390E2,4.850411114351E1,-7.096364997533E0));
#6263=LINE('',#6262,#6261);
#6264=DIRECTION('',(0.E0,-1.421085471520E-14,1.E0));
#6265=VECTOR('',#6264,1.E0);
#6266=CARTESIAN_POINT('',(1.599939781526E2,4.833744320528E1,-7.096364997533E0));
#6267=LINE('',#6266,#6265);
#6268=DIRECTION('',(0.E0,0.E0,1.E0));
#6269=VECTOR('',#6268,1.E0);
#6270=CARTESIAN_POINT('',(1.599514249662E2,4.825411114351E1,-7.096364997533E0));
#6271=LINE('',#6270,#6269);
#6272=DIRECTION('',(0.E0,-1.421085471520E-14,1.E0));
#6273=VECTOR('',#6272,1.E0);
#6274=CARTESIAN_POINT('',(1.598663185933E2,4.817077717439E1,-7.096364997533E0));
#6275=LINE('',#6274,#6273);
#6276=DIRECTION('',(0.E0,0.E0,1.E0));
#6277=VECTOR('',#6276,1.E0);
#6278=CARTESIAN_POINT('',(1.597386590341E2,4.812911114351E1,-7.096364997533E0));
#6279=LINE('',#6278,#6277);
#6280=DIRECTION('',(0.E0,0.E0,1.E0));
#6281=VECTOR('',#6280,1.E0);
#6282=CARTESIAN_POINT('',(1.596535526314E2,4.812911114351E1,-7.096364997533E0));
#6283=LINE('',#6282,#6281);
#6284=DIRECTION('',(2.842170943040E-14,-1.421085471520E-14,1.E0));
#6285=VECTOR('',#6284,1.E0);
#6286=CARTESIAN_POINT('',(1.595684462586E2,4.817077717439E1,-7.096364997533E0));
#6287=LINE('',#6286,#6285);
#6288=DIRECTION('',(0.E0,0.E0,1.E0));
#6289=VECTOR('',#6288,1.E0);
#6290=CARTESIAN_POINT('',(1.594833398709E2,4.833744320528E1,-7.096364997533E0));
#6291=LINE('',#6290,#6289);
#6292=DIRECTION('',(0.E0,0.E0,1.E0));
#6293=VECTOR('',#6292,1.E0);
#6294=CARTESIAN_POINT('',(1.594833398709E2,4.858744320528E1,-7.096364997533E0));
#6295=LINE('',#6294,#6293);
#6296=DIRECTION('',(0.E0,0.E0,1.E0));
#6297=VECTOR('',#6296,1.E0);
#6298=CARTESIAN_POINT('',(1.595684462586E2,4.879577717439E1,-7.096364997533E0));
#6299=LINE('',#6298,#6297);
#6300=DIRECTION('',(0.E0,0.E0,1.E0));
#6301=VECTOR('',#6300,1.E0);
#6302=CARTESIAN_POINT('',(1.596961058477E2,4.892077717439E1,-7.096364997533E0));
#6303=LINE('',#6302,#6301);
#6304=DIRECTION('',(0.E0,0.E0,1.E0));
#6305=VECTOR('',#6304,1.E0);
#6306=CARTESIAN_POINT('',(1.597812122205E2,4.896244320528E1,-7.096364997533E0));
#6307=LINE('',#6306,#6305);
#6308=DIRECTION('',(0.E0,0.E0,1.E0));
#6309=VECTOR('',#6308,1.E0);
#6310=CARTESIAN_POINT('',(1.593131271103E2,4.979577717439E1,-7.096364997533E0));
#6311=LINE('',#6310,#6309);
#6312=DIRECTION('',(0.E0,0.E0,1.E0));
#6313=VECTOR('',#6312,1.E0);
#6314=CARTESIAN_POINT('',(1.593131271103E2,4.958744320528E1,-7.096364997533E0));
#6315=LINE('',#6314,#6313);
#6316=DIRECTION('',(0.E0,0.E0,1.E0));
#6317=VECTOR('',#6316,1.E0);
#6318=CARTESIAN_POINT('',(1.606748291948E2,4.958744320528E1,-7.096364997533E0));
#6319=LINE('',#6318,#6317);
#6320=DIRECTION('',(0.E0,0.E0,1.E0));
#6321=VECTOR('',#6320,1.E0);
#6322=CARTESIAN_POINT('',(1.606748291948E2,4.979577717439E1,-7.096364997533E0));
#6323=LINE('',#6322,#6321);
#6324=DIRECTION('',(0.E0,-1.421085471520E-14,1.E0));
#6325=VECTOR('',#6324,1.E0);
#6326=CARTESIAN_POINT('',(1.604620632628E2,4.979577717439E1,-7.096364997533E0));
#6327=LINE('',#6326,#6325);
#6328=DIRECTION('',(0.E0,-1.421085471520E-14,1.E0));
#6329=VECTOR('',#6328,1.E0);
#6330=CARTESIAN_POINT('',(1.605471696356E2,4.987911114351E1,-7.096364997533E0));
#6331=LINE('',#6330,#6329);
#6332=DIRECTION('',(0.E0,0.E0,1.E0));
#6333=VECTOR('',#6332,1.E0);
#6334=CARTESIAN_POINT('',(1.606322760084E2,5.000411114351E1,-7.096364997533E0));
#6335=LINE('',#6334,#6333);
#6336=DIRECTION('',(0.E0,0.E0,1.E0));
#6337=VECTOR('',#6336,1.E0);
#6338=CARTESIAN_POINT('',(1.606748291948E2,5.017077717439E1,-7.096364997533E0));
#6339=LINE('',#6338,#6337);
#6340=DIRECTION('',(0.E0,0.E0,1.E0));
#6341=VECTOR('',#6340,1.E0);
#6342=CARTESIAN_POINT('',(1.606748291948E2,5.033744320528E1,-7.096364997533E0));
#6343=LINE('',#6342,#6341);
#6344=DIRECTION('',(0.E0,0.E0,1.E0));
#6345=VECTOR('',#6344,1.E0);
#6346=CARTESIAN_POINT('',(1.606322760084E2,5.046244320528E1,-7.096364997533E0));
#6347=LINE('',#6346,#6345);
#6348=DIRECTION('',(0.E0,-1.421085471520E-14,1.E0));
#6349=VECTOR('',#6348,1.E0);
#6350=CARTESIAN_POINT('',(1.605471696356E2,5.058744320528E1,-7.096364997533E0));
#6351=LINE('',#6350,#6349);
#6352=DIRECTION('',(0.E0,0.E0,1.E0));
#6353=VECTOR('',#6352,1.E0);
#6354=CARTESIAN_POINT('',(1.604620632628E2,5.067077717439E1,-7.096364997533E0));
#6355=LINE('',#6354,#6353);
#6356=DIRECTION('',(0.E0,0.E0,1.E0));
#6357=VECTOR('',#6356,1.E0);
#6358=CARTESIAN_POINT('',(1.603344037035E2,5.071244320528E1,-7.096364997533E0));
#6359=LINE('',#6358,#6357);
#6360=DIRECTION('',(0.E0,0.E0,1.E0));
#6361=VECTOR('',#6360,1.E0);
#6362=CARTESIAN_POINT('',(1.601216377714E2,5.075411114351E1,-7.096364997533E0));
#6363=LINE('',#6362,#6361);
#6364=DIRECTION('',(0.E0,0.E0,1.E0));
#6365=VECTOR('',#6364,1.E0);
#6366=CARTESIAN_POINT('',(1.593131271103E2,5.075411114351E1,-7.096364997533E0));
#6367=LINE('',#6366,#6365);
#6368=DIRECTION('',(0.E0,0.E0,1.E0));
#6369=VECTOR('',#6368,1.E0);
#6370=CARTESIAN_POINT('',(1.593131271103E2,5.054577717439E1,-7.096364997533E0));
#6371=LINE('',#6370,#6369);
#6372=DIRECTION('',(0.E0,0.E0,1.E0));
#6373=VECTOR('',#6372,1.E0);
#6374=CARTESIAN_POINT('',(1.601216377714E2,5.054577717439E1,-7.096364997533E0));
#6375=LINE('',#6374,#6373);
#6376=DIRECTION('',(-2.842170943040E-14,0.E0,1.E0));
#6377=VECTOR('',#6376,1.E0);
#6378=CARTESIAN_POINT('',(1.603344037035E2,5.050411114351E1,-7.096364997533E0));
#6379=LINE('',#6378,#6377);
#6380=DIRECTION('',(0.E0,0.E0,1.E0));
#6381=VECTOR('',#6380,1.E0);
#6382=CARTESIAN_POINT('',(1.604195100763E2,5.042077717439E1,-7.096364997533E0));
#6383=LINE('',#6382,#6381);
#6384=DIRECTION('',(0.E0,-1.421085471520E-14,1.E0));
#6385=VECTOR('',#6384,1.E0);
#6386=CARTESIAN_POINT('',(1.604620632628E2,5.033744320528E1,-7.096364997533E0));
#6387=LINE('',#6386,#6385);
#6388=DIRECTION('',(0.E0,-1.421085471520E-14,1.E0));
#6389=VECTOR('',#6388,1.E0);
#6390=CARTESIAN_POINT('',(1.605046164492E2,5.017077717439E1,-7.096364997533E0));
#6391=LINE('',#6390,#6389);
#6392=DIRECTION('',(0.E0,0.E0,1.E0));
#6393=VECTOR('',#6392,1.E0);
#6394=CARTESIAN_POINT('',(1.604620632628E2,5.000411114351E1,-7.096364997533E0));
#6395=LINE('',#6394,#6393);
#6396=DIRECTION('',(0.E0,0.E0,1.E0));
#6397=VECTOR('',#6396,1.E0);
#6398=CARTESIAN_POINT('',(1.603769568899E2,4.987911114351E1,-7.096364997533E0));
#6399=LINE('',#6398,#6397);
#6400=DIRECTION('',(0.E0,0.E0,1.E0));
#6401=VECTOR('',#6400,1.E0);
#6402=CARTESIAN_POINT('',(1.602918505171E2,4.979577717439E1,-7.096364997533E0));
#6403=LINE('',#6402,#6401);
#6404=DIRECTION('',(0.E0,0.E0,1.E0));
#6405=VECTOR('',#6404,1.E0);
#6406=CARTESIAN_POINT('',(1.591429143497E2,5.108744320528E1,-7.096364997533E0));
#6407=LINE('',#6406,#6405);
#6408=DIRECTION('',(0.E0,0.E0,1.E0));
#6409=VECTOR('',#6408,1.E0);
#6410=CARTESIAN_POINT('',(1.591429143497E2,5.129577717439E1,-7.096364997533E0));
#6411=LINE('',#6410,#6409);
#6412=DIRECTION('',(0.E0,-1.421085471520E-14,1.E0));
#6413=VECTOR('',#6412,1.E0);
#6414=CARTESIAN_POINT('',(1.590152547756E2,5.133744320528E1,-7.096364997533E0));
#6415=LINE('',#6414,#6413);
#6416=DIRECTION('',(0.E0,-1.421085471520E-14,1.E0));
#6417=VECTOR('',#6416,1.E0);
#6418=CARTESIAN_POINT('',(1.588875951865E2,5.142077717439E1,-7.096364997533E0));
#6419=LINE('',#6418,#6417);
#6420=DIRECTION('',(0.E0,0.E0,1.E0));
#6421=VECTOR('',#6420,1.E0);
#6422=CARTESIAN_POINT('',(1.588024888137E2,5.158744320528E1,-7.096364997533E0));
#6423=LINE('',#6422,#6421);
#6424=DIRECTION('',(0.E0,-1.421085471520E-14,1.E0));
#6425=VECTOR('',#6424,1.E0);
#6426=CARTESIAN_POINT('',(1.588024888137E2,5.183744320528E1,-7.096364997533E0));
#6427=LINE('',#6426,#6425);
#6428=DIRECTION('',(0.E0,0.E0,1.E0));
#6429=VECTOR('',#6428,1.E0);
#6430=CARTESIAN_POINT('',(1.588450420001E2,5.200411114351E1,-7.096364997533E0));
#6431=LINE('',#6430,#6429);
#6432=DIRECTION('',(0.E0,0.E0,1.E0));
#6433=VECTOR('',#6432,1.E0);
#6434=CARTESIAN_POINT('',(1.589727015892E2,5.212911114351E1,-7.096364997533E0));
#6435=LINE('',#6434,#6433);
#6436=DIRECTION('',(0.E0,0.E0,1.E0));
#6437=VECTOR('',#6436,1.E0);
#6438=CARTESIAN_POINT('',(1.590578079620E2,5.217077717439E1,-7.096364997533E0));
#6439=LINE('',#6438,#6437);
#6440=DIRECTION('',(0.E0,0.E0,1.E0));
#6441=VECTOR('',#6440,1.E0);
#6442=CARTESIAN_POINT('',(1.592280207300E2,5.221244320528E1,-7.096364997533E0));
#6443=LINE('',#6442,#6441);
#6444=DIRECTION('',(0.E0,0.E0,1.E0));
#6445=VECTOR('',#6444,1.E0);
#6446=CARTESIAN_POINT('',(1.595684462586E2,5.221244320528E1,-7.096364997533E0));
#6447=LINE('',#6446,#6445);
#6448=DIRECTION('',(0.E0,0.E0,1.E0));
#6449=VECTOR('',#6448,1.E0);
#6450=CARTESIAN_POINT('',(1.594833398709E2,5.217077717439E1,-7.096364997533E0));
#6451=LINE('',#6450,#6449);
#6452=DIRECTION('',(0.E0,-1.421085471520E-14,1.E0));
#6453=VECTOR('',#6452,1.E0);
#6454=CARTESIAN_POINT('',(1.593982334906E2,5.208744320528E1,-7.096364997533E0));
#6455=LINE('',#6454,#6453);
#6456=DIRECTION('',(0.E0,0.E0,1.E0));
#6457=VECTOR('',#6456,1.E0);
#6458=CARTESIAN_POINT('',(1.593556803004E2,5.200411114351E1,-7.096364997533E0));
#6459=LINE('',#6458,#6457);
#6460=DIRECTION('',(0.E0,-1.421085471520E-14,1.E0));
#6461=VECTOR('',#6460,1.E0);
#6462=CARTESIAN_POINT('',(1.593131271103E2,5.183744320528E1,-7.096364997533E0));
#6463=LINE('',#6462,#6461);
#6464=DIRECTION('',(0.E0,0.E0,1.E0));
#6465=VECTOR('',#6464,1.E0);
#6466=CARTESIAN_POINT('',(1.593131271103E2,5.158744320528E1,-7.096364997533E0));
#6467=LINE('',#6466,#6465);
#6468=DIRECTION('',(0.E0,-1.421085471520E-14,1.E0));
#6469=VECTOR('',#6468,1.E0);
#6470=CARTESIAN_POINT('',(1.593556803004E2,5.142077717439E1,-7.096364997533E0));
#6471=LINE('',#6470,#6469);
#6472=DIRECTION('',(0.E0,-1.421085471520E-14,1.E0));
#6473=VECTOR('',#6472,1.E0);
#6474=CARTESIAN_POINT('',(1.594407866845E2,5.129577717439E1,-7.096364997533E0));
#6475=LINE('',#6474,#6473);
#6476=DIRECTION('',(0.E0,0.E0,1.E0));
#6477=VECTOR('',#6476,1.E0);
#6478=CARTESIAN_POINT('',(1.595684462586E2,5.117077717439E1,-7.096364997533E0));
#6479=LINE('',#6478,#6477);
#6480=DIRECTION('',(0.E0,0.E0,1.E0));
#6481=VECTOR('',#6480,1.E0);
#6482=CARTESIAN_POINT('',(1.596535526314E2,5.112911114351E1,-7.096364997533E0));
#6483=LINE('',#6482,#6481);
#6484=DIRECTION('',(0.E0,0.E0,1.E0));
#6485=VECTOR('',#6484,1.E0);
#6486=CARTESIAN_POINT('',(1.598237654069E2,5.108744320528E1,-7.096364997533E0));
#6487=LINE('',#6486,#6485);
#6488=DIRECTION('',(0.E0,0.E0,1.E0));
#6489=VECTOR('',#6488,1.E0);
#6490=CARTESIAN_POINT('',(1.601641909578E2,5.108744320528E1,-7.096364997533E0));
#6491=LINE('',#6490,#6489);
#6492=DIRECTION('',(0.E0,-1.421085471520E-14,1.E0));
#6493=VECTOR('',#6492,1.E0);
#6494=CARTESIAN_POINT('',(1.603344037035E2,5.112911114351E1,-7.096364997533E0));
#6495=LINE('',#6494,#6493);
#6496=DIRECTION('',(0.E0,0.E0,1.E0));
#6497=VECTOR('',#6496,1.E0);
#6498=CARTESIAN_POINT('',(1.604195100763E2,5.117077717439E1,-7.096364997533E0));
#6499=LINE('',#6498,#6497);
#6500=DIRECTION('',(0.E0,-1.421085471520E-14,1.E0));
#6501=VECTOR('',#6500,1.E0);
#6502=CARTESIAN_POINT('',(1.605471696356E2,5.129577717439E1,-7.096364997533E0));
#6503=LINE('',#6502,#6501);
#6504=DIRECTION('',(0.E0,0.E0,1.E0));
#6505=VECTOR('',#6504,1.E0);
#6506=CARTESIAN_POINT('',(1.606322760084E2,5.142077717439E1,-7.096364997533E0));
#6507=LINE('',#6506,#6505);
#6508=DIRECTION('',(0.E0,0.E0,1.E0));
#6509=VECTOR('',#6508,1.E0);
#6510=CARTESIAN_POINT('',(1.606748291948E2,5.158744320528E1,-7.096364997533E0));
#6511=LINE('',#6510,#6509);
#6512=DIRECTION('',(0.E0,0.E0,1.E0));
#6513=VECTOR('',#6512,1.E0);
#6514=CARTESIAN_POINT('',(1.606748291948E2,5.183744320528E1,-7.096364997533E0));
#6515=LINE('',#6514,#6513);
#6516=DIRECTION('',(0.E0,0.E0,1.E0));
#6517=VECTOR('',#6516,1.E0);
#6518=CARTESIAN_POINT('',(1.606322760084E2,5.200411114351E1,-7.096364997533E0));
#6519=LINE('',#6518,#6517);
#6520=DIRECTION('',(0.E0,0.E0,1.E0));
#6521=VECTOR('',#6520,1.E0);
#6522=CARTESIAN_POINT('',(1.605897228220E2,5.208744320528E1,-7.096364997533E0));
#6523=LINE('',#6522,#6521);
#6524=DIRECTION('',(0.E0,0.E0,1.E0));
#6525=VECTOR('',#6524,1.E0);
#6526=CARTESIAN_POINT('',(1.605046164492E2,5.217077717439E1,-7.096364997533E0));
#6527=LINE('',#6526,#6525);
#6528=DIRECTION('',(0.E0,0.E0,1.E0));
#6529=VECTOR('',#6528,1.E0);
#6530=CARTESIAN_POINT('',(1.604195100763E2,5.221244320528E1,-7.096364997533E0));
#6531=LINE('',#6530,#6529);
#6532=DIRECTION('',(0.E0,0.E0,1.E0));
#6533=VECTOR('',#6532,1.E0);
#6534=CARTESIAN_POINT('',(1.606748291948E2,5.221244320528E1,-7.096364997533E0));
#6535=LINE('',#6534,#6533);
#6536=DIRECTION('',(0.E0,0.E0,1.E0));
#6537=VECTOR('',#6536,1.E0);
#6538=CARTESIAN_POINT('',(1.606748291948E2,5.242077717439E1,-7.096364997533E0));
#6539=LINE('',#6538,#6537);
#6540=DIRECTION('',(0.E0,0.E0,1.E0));
#6541=VECTOR('',#6540,1.E0);
#6542=CARTESIAN_POINT('',(1.592280207300E2,5.242077717439E1,-7.096364997533E0));
#6543=LINE('',#6542,#6541);
#6544=DIRECTION('',(0.E0,0.E0,1.E0));
#6545=VECTOR('',#6544,1.E0);
#6546=CARTESIAN_POINT('',(1.589301483729E2,5.233744320528E1,-7.096364997533E0));
#6547=LINE('',#6546,#6545);
#6548=DIRECTION('',(0.E0,-1.421085471520E-14,1.E0));
#6549=VECTOR('',#6548,1.E0);
#6550=CARTESIAN_POINT('',(1.588024888137E2,5.225411114351E1,-7.096364997533E0));
#6551=LINE('',#6550,#6549);
#6552=DIRECTION('',(0.E0,0.E0,1.E0));
#6553=VECTOR('',#6552,1.E0);
#6554=CARTESIAN_POINT('',(1.587173824409E2,5.212911114351E1,-7.096364997533E0));
#6555=LINE('',#6554,#6553);
#6556=DIRECTION('',(0.E0,0.E0,1.E0));
#6557=VECTOR('',#6556,1.E0);
#6558=CARTESIAN_POINT('',(1.586748292545E2,5.200411114351E1,-7.096364997533E0));
#6559=LINE('',#6558,#6557);
#6560=DIRECTION('',(0.E0,0.E0,1.E0));
#6561=VECTOR('',#6560,1.E0);
#6562=CARTESIAN_POINT('',(1.586322760680E2,5.183744320528E1,-7.096364997533E0));
#6563=LINE('',#6562,#6561);
#6564=DIRECTION('',(0.E0,-1.421085471520E-14,1.E0));
#6565=VECTOR('',#6564,1.E0);
#6566=CARTESIAN_POINT('',(1.586322760680E2,5.158744320528E1,-7.096364997533E0));
#6567=LINE('',#6566,#6565);
#6568=DIRECTION('',(0.E0,0.E0,1.E0));
#6569=VECTOR('',#6568,1.E0);
#6570=CARTESIAN_POINT('',(1.586748292545E2,5.142077717439E1,-7.096364997533E0));
#6571=LINE('',#6570,#6569);
#6572=DIRECTION('',(0.E0,0.E0,1.E0));
#6573=VECTOR('',#6572,1.E0);
#6574=CARTESIAN_POINT('',(1.587599356273E2,5.129577717439E1,-7.096364997533E0));
#6575=LINE('',#6574,#6573);
#6576=DIRECTION('',(0.E0,0.E0,1.E0));
#6577=VECTOR('',#6576,1.E0);
#6578=CARTESIAN_POINT('',(1.588875951865E2,5.117077717439E1,-7.096364997533E0));
#6579=LINE('',#6578,#6577);
#6580=DIRECTION('',(-2.842170943040E-14,0.E0,1.E0));
#6581=VECTOR('',#6580,1.E0);
#6582=CARTESIAN_POINT('',(1.602067441443E2,5.221244320528E1,-7.096364997533E0));
#6583=LINE('',#6582,#6581);
#6584=DIRECTION('',(0.E0,0.E0,1.E0));
#6585=VECTOR('',#6584,1.E0);
#6586=CARTESIAN_POINT('',(1.603344037035E2,5.212911114351E1,-7.096364997533E0));
#6587=LINE('',#6586,#6585);
#6588=DIRECTION('',(0.E0,-1.421085471520E-14,1.E0));
#6589=VECTOR('',#6588,1.E0);
#6590=CARTESIAN_POINT('',(1.604195100763E2,5.200411114351E1,-7.096364997533E0));
#6591=LINE('',#6590,#6589);
#6592=DIRECTION('',(0.E0,0.E0,1.E0));
#6593=VECTOR('',#6592,1.E0);
#6594=CARTESIAN_POINT('',(1.604620632628E2,5.183744320528E1,-7.096364997533E0));
#6595=LINE('',#6594,#6593);
#6596=DIRECTION('',(0.E0,0.E0,1.E0));
#6597=VECTOR('',#6596,1.E0);
#6598=CARTESIAN_POINT('',(1.604620632628E2,5.158744320528E1,-7.096364997533E0));
#6599=LINE('',#6598,#6597);
#6600=DIRECTION('',(0.E0,0.E0,1.E0));
#6601=VECTOR('',#6600,1.E0);
#6602=CARTESIAN_POINT('',(1.603769568899E2,5.142077717439E1,-7.096364997533E0));
#6603=LINE('',#6602,#6601);
#6604=DIRECTION('',(0.E0,0.E0,1.E0));
#6605=VECTOR('',#6604,1.E0);
#6606=CARTESIAN_POINT('',(1.602492973307E2,5.133744320528E1,-7.096364997533E0));
#6607=LINE('',#6606,#6605);
#6608=DIRECTION('',(0.E0,0.E0,1.E0));
#6609=VECTOR('',#6608,1.E0);
#6610=CARTESIAN_POINT('',(1.601216377714E2,5.129577717439E1,-7.096364997533E0));
#6611=LINE('',#6610,#6609);
#6612=DIRECTION('',(0.E0,0.E0,1.E0));
#6613=VECTOR('',#6612,1.E0);
#6614=CARTESIAN_POINT('',(1.598663185933E2,5.129577717439E1,-7.096364997533E0));
#6615=LINE('',#6614,#6613);
#6616=DIRECTION('',(-2.842170943040E-14,0.E0,1.E0));
#6617=VECTOR('',#6616,1.E0);
#6618=CARTESIAN_POINT('',(1.597386590341E2,5.133744320528E1,-7.096364997533E0));
#6619=LINE('',#6618,#6617);
#6620=DIRECTION('',(0.E0,0.E0,1.E0));
#6621=VECTOR('',#6620,1.E0);
#6622=CARTESIAN_POINT('',(1.596535526314E2,5.137911114351E1,-7.096364997533E0));
#6623=LINE('',#6622,#6621);
#6624=DIRECTION('',(0.E0,0.E0,1.E0));
#6625=VECTOR('',#6624,1.E0);
#6626=CARTESIAN_POINT('',(1.595684462586E2,5.150411114351E1,-7.096364997533E0));
#6627=LINE('',#6626,#6625);
#6628=DIRECTION('',(0.E0,0.E0,1.E0));
#6629=VECTOR('',#6628,1.E0);
#6630=CARTESIAN_POINT('',(1.595258930722E2,5.167077717439E1,-7.096364997533E0));
#6631=LINE('',#6630,#6629);
#6632=DIRECTION('',(0.E0,-1.421085471520E-14,1.E0));
#6633=VECTOR('',#6632,1.E0);
#6634=CARTESIAN_POINT('',(1.595258930722E2,5.183744320528E1,-7.096364997533E0));
#6635=LINE('',#6634,#6633);
#6636=DIRECTION('',(0.E0,0.E0,1.E0));
#6637=VECTOR('',#6636,1.E0);
#6638=CARTESIAN_POINT('',(1.595684462586E2,5.200411114351E1,-7.096364997533E0));
#6639=LINE('',#6638,#6637);
#6640=DIRECTION('',(0.E0,-1.421085471520E-14,1.E0));
#6641=VECTOR('',#6640,1.E0);
#6642=CARTESIAN_POINT('',(1.596535526314E2,5.212911114351E1,-7.096364997533E0));
#6643=LINE('',#6642,#6641);
#6644=DIRECTION('',(0.E0,0.E0,1.E0));
#6645=VECTOR('',#6644,1.E0);
#6646=CARTESIAN_POINT('',(1.597812122205E2,5.221244320528E1,-7.096364997533E0));
#6647=LINE('',#6646,#6645);
#6648=DIRECTION('',(0.E0,0.E0,1.E0));
#6649=VECTOR('',#6648,1.E0);
#6650=CARTESIAN_POINT('',(1.599939781526E2,5.275411114351E1,-7.096364997533E0));
#6651=LINE('',#6650,#6649);
#6652=DIRECTION('',(0.E0,-1.421085471520E-14,1.E0));
#6653=VECTOR('',#6652,1.E0);
#6654=CARTESIAN_POINT('',(1.602492973307E2,5.279577717439E1,-7.096364997533E0));
#6655=LINE('',#6654,#6653);
#6656=DIRECTION('',(0.E0,-1.421085471520E-14,1.E0));
#6657=VECTOR('',#6656,1.E0);
#6658=CARTESIAN_POINT('',(1.604195100763E2,5.287911114351E1,-7.096364997533E0));
#6659=LINE('',#6658,#6657);
#6660=DIRECTION('',(0.E0,-1.421085471520E-14,1.E0));
#6661=VECTOR('',#6660,1.E0);
#6662=CARTESIAN_POINT('',(1.605046164492E2,5.296244320528E1,-7.096364997533E0));
#6663=LINE('',#6662,#6661);
#6664=DIRECTION('',(0.E0,0.E0,1.E0));
#6665=VECTOR('',#6664,1.E0);
#6666=CARTESIAN_POINT('',(1.605897228220E2,5.308744320528E1,-7.096364997533E0));
#6667=LINE('',#6666,#6665);
#6668=DIRECTION('',(0.E0,0.E0,1.E0));
#6669=VECTOR('',#6668,1.E0);
#6670=CARTESIAN_POINT('',(1.606322760084E2,5.321244320528E1,-7.096364997533E0));
#6671=LINE('',#6670,#6669);
#6672=DIRECTION('',(0.E0,0.E0,1.E0));
#6673=VECTOR('',#6672,1.E0);
#6674=CARTESIAN_POINT('',(1.606748291948E2,5.346244320528E1,-7.096364997533E0));
#6675=LINE('',#6674,#6673);
#6676=DIRECTION('',(0.E0,0.E0,1.E0));
#6677=VECTOR('',#6676,1.E0);
#6678=CARTESIAN_POINT('',(1.606322760084E2,5.371244320528E1,-7.096364997533E0));
#6679=LINE('',#6678,#6677);
#6680=DIRECTION('',(0.E0,-1.421085471520E-14,1.E0));
#6681=VECTOR('',#6680,1.E0);
#6682=CARTESIAN_POINT('',(1.605046164492E2,5.392077717439E1,-7.096364997533E0));
#6683=LINE('',#6682,#6681);
#6684=DIRECTION('',(0.E0,0.E0,1.E0));
#6685=VECTOR('',#6684,1.E0);
#6686=CARTESIAN_POINT('',(1.603344037035E2,5.404577717439E1,-7.096364997533E0));
#6687=LINE('',#6686,#6685);
#6688=DIRECTION('',(0.E0,0.E0,1.E0));
#6689=VECTOR('',#6688,1.E0);
#6690=CARTESIAN_POINT('',(1.601641909578E2,5.408744320528E1,-7.096364997533E0));
#6691=LINE('',#6690,#6689);
#6692=DIRECTION('',(0.E0,0.E0,1.E0));
#6693=VECTOR('',#6692,1.E0);
#6694=CARTESIAN_POINT('',(1.599939781526E2,5.408744320528E1,-7.096364997533E0));
#6695=LINE('',#6694,#6693);
#6696=DIRECTION('',(0.E0,0.E0,1.E0));
#6697=VECTOR('',#6696,1.E0);
#6698=CARTESIAN_POINT('',(1.599939781526E2,5.296244320528E1,-7.096364997533E0));
#6699=LINE('',#6698,#6697);
#6700=DIRECTION('',(0.E0,0.E0,1.E0));
#6701=VECTOR('',#6700,1.E0);
#6702=CARTESIAN_POINT('',(1.599088717797E2,5.296244320528E1,-7.096364997533E0));
#6703=LINE('',#6702,#6701);
#6704=DIRECTION('',(0.E0,-1.421085471520E-14,1.E0));
#6705=VECTOR('',#6704,1.E0);
#6706=CARTESIAN_POINT('',(1.597812122205E2,5.300411114351E1,-7.096364997533E0));
#6707=LINE('',#6706,#6705);
#6708=DIRECTION('',(0.E0,0.E0,1.E0));
#6709=VECTOR('',#6708,1.E0);
#6710=CARTESIAN_POINT('',(1.596961058477E2,5.304577717439E1,-7.096364997533E0));
#6711=LINE('',#6710,#6709);
#6712=DIRECTION('',(0.E0,0.E0,1.E0));
#6713=VECTOR('',#6712,1.E0);
#6714=CARTESIAN_POINT('',(1.595684462586E2,5.317077717439E1,-7.096364997533E0));
#6715=LINE('',#6714,#6713);
#6716=DIRECTION('',(0.E0,0.E0,1.E0));
#6717=VECTOR('',#6716,1.E0);
#6718=CARTESIAN_POINT('',(1.595258930722E2,5.325411114351E1,-7.096364997533E0));
#6719=LINE('',#6718,#6717);
#6720=DIRECTION('',(0.E0,0.E0,1.E0));
#6721=VECTOR('',#6720,1.E0);
#6722=CARTESIAN_POINT('',(1.594833398709E2,5.342077717439E1,-7.096364997533E0));
#6723=LINE('',#6722,#6721);
#6724=DIRECTION('',(0.E0,0.E0,1.E0));
#6725=VECTOR('',#6724,1.E0);
#6726=CARTESIAN_POINT('',(1.595258930722E2,5.371244320528E1,-7.096364997533E0));
#6727=LINE('',#6726,#6725);
#6728=DIRECTION('',(2.842170943040E-14,0.E0,1.E0));
#6729=VECTOR('',#6728,1.E0);
#6730=CARTESIAN_POINT('',(1.596109994450E2,5.383744320528E1,-7.096364997533E0));
#6731=LINE('',#6730,#6729);
#6732=DIRECTION('',(0.E0,0.E0,1.E0));
#6733=VECTOR('',#6732,1.E0);
#6734=CARTESIAN_POINT('',(1.597386590341E2,5.387911114351E1,-7.096364997533E0));
#6735=LINE('',#6734,#6733);
#6736=DIRECTION('',(0.E0,-1.421085471520E-14,1.E0));
#6737=VECTOR('',#6736,1.E0);
#6738=CARTESIAN_POINT('',(1.597386590341E2,5.408744320528E1,-7.096364997533E0));
#6739=LINE('',#6738,#6737);
#6740=DIRECTION('',(2.842170943040E-14,0.E0,1.E0));
#6741=VECTOR('',#6740,1.E0);
#6742=CARTESIAN_POINT('',(1.595684462586E2,5.404577717439E1,-7.096364997533E0));
#6743=LINE('',#6742,#6741);
#6744=DIRECTION('',(0.E0,-1.421085471520E-14,1.E0));
#6745=VECTOR('',#6744,1.E0);
#6746=CARTESIAN_POINT('',(1.594407866845E2,5.392077717439E1,-7.096364997533E0));
#6747=LINE('',#6746,#6745);
#6748=DIRECTION('',(0.E0,-1.421085471520E-14,1.E0));
#6749=VECTOR('',#6748,1.E0);
#6750=CARTESIAN_POINT('',(1.593556803004E2,5.375411114351E1,-7.096364997533E0));
#6751=LINE('',#6750,#6749);
#6752=DIRECTION('',(0.E0,-1.421085471520E-14,1.E0));
#6753=VECTOR('',#6752,1.E0);
#6754=CARTESIAN_POINT('',(1.593131271103E2,5.346244320528E1,-7.096364997533E0));
#6755=LINE('',#6754,#6753);
#6756=DIRECTION('',(0.E0,0.E0,1.E0));
#6757=VECTOR('',#6756,1.E0);
#6758=CARTESIAN_POINT('',(1.593556803004E2,5.321244320528E1,-7.096364997533E0));
#6759=LINE('',#6758,#6757);
#6760=DIRECTION('',(0.E0,0.E0,1.E0));
#6761=VECTOR('',#6760,1.E0);
#6762=CARTESIAN_POINT('',(1.593982334906E2,5.308744320528E1,-7.096364997533E0));
#6763=LINE('',#6762,#6761);
#6764=DIRECTION('',(0.E0,0.E0,1.E0));
#6765=VECTOR('',#6764,1.E0);
#6766=CARTESIAN_POINT('',(1.594833398709E2,5.296244320528E1,-7.096364997533E0));
#6767=LINE('',#6766,#6765);
#6768=DIRECTION('',(0.E0,-1.421085471520E-14,1.E0));
#6769=VECTOR('',#6768,1.E0);
#6770=CARTESIAN_POINT('',(1.595684462586E2,5.287911114351E1,-7.096364997533E0));
#6771=LINE('',#6770,#6769);
#6772=DIRECTION('',(0.E0,0.E0,1.E0));
#6773=VECTOR('',#6772,1.E0);
#6774=CARTESIAN_POINT('',(1.597386590341E2,5.279577717439E1,-7.096364997533E0));
#6775=LINE('',#6774,#6773);
#6776=DIRECTION('',(0.E0,0.E0,1.E0));
#6777=VECTOR('',#6776,1.E0);
#6778=CARTESIAN_POINT('',(1.602067441443E2,5.300411114351E1,-7.096364997533E0));
#6779=LINE('',#6778,#6777);
#6780=DIRECTION('',(0.E0,0.E0,1.E0));
#6781=VECTOR('',#6780,1.E0);
#6782=CARTESIAN_POINT('',(1.601641909578E2,5.300411114351E1,-7.096364997533E0));
#6783=LINE('',#6782,#6781);
#6784=DIRECTION('',(0.E0,0.E0,1.E0));
#6785=VECTOR('',#6784,1.E0);
#6786=CARTESIAN_POINT('',(1.601641909578E2,5.387911114351E1,-7.096364997533E0));
#6787=LINE('',#6786,#6785);
#6788=DIRECTION('',(2.842170943040E-14,-1.421085471520E-14,1.E0));
#6789=VECTOR('',#6788,1.E0);
#6790=CARTESIAN_POINT('',(1.602492973307E2,5.387911114351E1,-7.096364997533E0));
#6791=LINE('',#6790,#6789);
#6792=DIRECTION('',(0.E0,-1.421085471520E-14,1.E0));
#6793=VECTOR('',#6792,1.E0);
#6794=CARTESIAN_POINT('',(1.603769568899E2,5.379577717439E1,-7.096364997533E0));
#6795=LINE('',#6794,#6793);
#6796=DIRECTION('',(0.E0,0.E0,1.E0));
#6797=VECTOR('',#6796,1.E0);
#6798=CARTESIAN_POINT('',(1.604620632628E2,5.367077717439E1,-7.096364997533E0));
#6799=LINE('',#6798,#6797);
#6800=DIRECTION('',(0.E0,0.E0,1.E0));
#6801=VECTOR('',#6800,1.E0);
#6802=CARTESIAN_POINT('',(1.605046164492E2,5.342077717439E1,-7.096364997533E0));
#6803=LINE('',#6802,#6801);
#6804=DIRECTION('',(0.E0,0.E0,1.E0));
#6805=VECTOR('',#6804,1.E0);
#6806=CARTESIAN_POINT('',(1.604620632628E2,5.325411114351E1,-7.096364997533E0));
#6807=LINE('',#6806,#6805);
#6808=DIRECTION('',(0.E0,-1.421085471520E-14,1.E0));
#6809=VECTOR('',#6808,1.E0);
#6810=CARTESIAN_POINT('',(1.604195100763E2,5.317077717439E1,-7.096364997533E0));
#6811=LINE('',#6810,#6809);
#6812=DIRECTION('',(0.E0,0.E0,1.E0));
#6813=VECTOR('',#6812,1.E0);
#6814=CARTESIAN_POINT('',(1.602918505171E2,5.304577717439E1,-7.096364997533E0));
#6815=LINE('',#6814,#6813);
#6816=DIRECTION('',(0.E0,0.E0,1.E0));
#6817=VECTOR('',#6816,3.E0);
#6818=CARTESIAN_POINT('',(1.556699938965E2,3.476979926758E1,-7.096364997533E0));
#6819=LINE('',#6818,#6817);
#6820=DIRECTION('',(0.E0,0.E0,1.E0));
#6821=VECTOR('',#6820,3.E0);
#6822=CARTESIAN_POINT('',(1.493699442870E2,3.476979926758E1,-7.096364997533E0));
#6823=LINE('',#6822,#6821);
#6824=CARTESIAN_POINT('',(1.556699938965E2,3.576979926758E1,-7.096364997533E0));
#6825=DIRECTION('',(0.E0,0.E0,1.E0));
#6826=DIRECTION('',(0.E0,-1.E0,0.E0));
#6827=AXIS2_PLACEMENT_3D('',#6824,#6825,#6826);
#6829=CARTESIAN_POINT('',(1.556699938965E2,3.576979926758E1,-4.096364997533E0));
#6830=DIRECTION('',(0.E0,0.E0,-1.E0));
#6831=DIRECTION('',(1.E0,0.E0,0.E0));
#6832=AXIS2_PLACEMENT_3D('',#6829,#6830,#6831);
#6834=DIRECTION('',(0.E0,0.E0,1.E0));
#6835=VECTOR('',#6834,3.E0);
#6836=CARTESIAN_POINT('',(1.566699938965E2,3.576979926758E1,-7.096364997533E0));
#6837=LINE('',#6836,#6835);
#6838=DIRECTION('',(0.E0,0.E0,1.E0));
#6839=VECTOR('',#6838,3.E0);
#6840=CARTESIAN_POINT('',(1.566699938965E2,4.906619926758E1,-7.096364997533E0));
#6841=LINE('',#6840,#6839);
#6842=CARTESIAN_POINT('',(1.556699938965E2,4.906619926758E1,-7.096364997533E0));
#6843=DIRECTION('',(0.E0,0.E0,1.E0));
#6844=DIRECTION('',(1.E0,0.E0,0.E0));
#6845=AXIS2_PLACEMENT_3D('',#6842,#6843,#6844);
#6847=CARTESIAN_POINT('',(1.556699938965E2,4.906619926758E1,-4.096364997533E0));
#6848=DIRECTION('',(0.E0,0.E0,-1.E0));
#6849=DIRECTION('',(0.E0,1.E0,0.E0));
#6850=AXIS2_PLACEMENT_3D('',#6847,#6848,#6849);
#6852=DIRECTION('',(0.E0,0.E0,1.E0));
#6853=VECTOR('',#6852,3.E0);
#6854=CARTESIAN_POINT('',(1.493699442870E2,5.006619926758E1,-7.096364997533E0));
#6855=LINE('',#6854,#6853);
#6856=DIRECTION('',(0.E0,0.E0,1.E0));
#6857=VECTOR('',#6856,3.E0);
#6858=CARTESIAN_POINT('',(1.556699938965E2,5.006619926758E1,-7.096364997533E0));
#6859=LINE('',#6858,#6857);
#6860=CARTESIAN_POINT('',(1.493699442870E2,4.906619926758E1,-7.096364997533E0));
#6861=DIRECTION('',(0.E0,0.E0,1.E0));
#6862=DIRECTION('',(0.E0,1.E0,0.E0));
#6863=AXIS2_PLACEMENT_3D('',#6860,#6861,#6862);
#6865=CARTESIAN_POINT('',(1.493699442870E2,4.906619926758E1,-4.096364997533E0));
#6866=DIRECTION('',(0.E0,0.E0,-1.E0));
#6867=DIRECTION('',(-1.E0,0.E0,0.E0));
#6868=AXIS2_PLACEMENT_3D('',#6865,#6866,#6867);
#6870=DIRECTION('',(0.E0,0.E0,1.E0));
#6871=VECTOR('',#6870,3.E0);
#6872=CARTESIAN_POINT('',(1.483699442870E2,3.576979926758E1,-7.096364997533E0));
#6873=LINE('',#6872,#6871);
#6874=DIRECTION('',(0.E0,0.E0,1.E0));
#6875=VECTOR('',#6874,3.E0);
#6876=CARTESIAN_POINT('',(1.483699442870E2,4.906619926758E1,-7.096364997533E0));
#6877=LINE('',#6876,#6875);
#6878=CARTESIAN_POINT('',(1.493699442870E2,3.576979926758E1,-7.096364997533E0));
#6879=DIRECTION('',(0.E0,0.E0,1.E0));
#6880=DIRECTION('',(-1.E0,0.E0,0.E0));
#6881=AXIS2_PLACEMENT_3D('',#6878,#6879,#6880);
#6883=CARTESIAN_POINT('',(1.493699442870E2,3.576979926758E1,-4.096364997533E0));
#6884=DIRECTION('',(0.E0,0.E0,-1.E0));
#6885=DIRECTION('',(0.E0,-1.E0,0.E0));
#6886=AXIS2_PLACEMENT_3D('',#6883,#6884,#6885);
#6888=CARTESIAN_POINT('',(1.481609950920E2,6.799200057983E1,9.184035317351E0));
#6889=CARTESIAN_POINT('',(1.486943284290E2,6.759200058069E1,9.184035340663E0));
#6890=CARTESIAN_POINT('',(1.496405041671E2,6.688236877852E1,9.334649043070E0));
#6891=CARTESIAN_POINT('',(1.506219654980E2,6.614627277255E1,9.774489074959E0));
#6892=CARTESIAN_POINT('',(1.512825304925E2,6.565084901441E1,1.028211617365E1));
#6893=CARTESIAN_POINT('',(1.517063958574E2,6.533294997815E1,1.075228446561E1));
#6894=CARTESIAN_POINT('',(1.520343269825E2,6.508700161724E1,1.134237054632E1));
#6895=CARTESIAN_POINT('',(1.521609950113E2,6.499200057983E1,1.185070215767E1));
#6896=CARTESIAN_POINT('',(1.521609949967E2,6.499200057983E1,1.218403549220E1));
#6898=CARTESIAN_POINT('',(1.461609949845E2,6.799200057983E1,1.218403522993E1));
#6899=DIRECTION('',(1.E0,0.E0,4.371140768305E-8));
#6900=DIRECTION('',(0.E0,-1.E0,2.013204417987E-13));
#6901=AXIS2_PLACEMENT_3D('',#6898,#6899,#6900);
#6903=DIRECTION('',(1.E0,1.192488241486E-8,4.371140782666E-8));
#6904=VECTOR('',#6903,2.E0);
#6905=CARTESIAN_POINT('',(1.461609950443E2,7.199200095713E1,9.184035229928E0));
#6906=LINE('',#6905,#6904);
#6907=DIRECTION('',(-1.E0,1.421085471520E-14,-4.371140871484E-8));
#6908=VECTOR('',#6907,2.E0);
#6909=CARTESIAN_POINT('',(1.481609950920E2,6.799200057983E1,9.184035317351E0));
#6910=LINE('',#6909,#6908);
#6911=DIRECTION('',(-4.371140486607E-8,0.E0,1.E0));
#6912=VECTOR('',#6911,1.2E1);
#6913=CARTESIAN_POINT('',(1.521609955212E2,6.499200057983E1,1.840354921962E-1));
#6914=LINE('',#6913,#6912);
#6915=DIRECTION('',(0.E0,1.E0,0.E0));
#6916=VECTOR('',#6915,1.5E0);
#6917=CARTESIAN_POINT('',(1.628000030517E2,2.286800003052E1,-9.1148E-1));
#6918=LINE('',#6917,#6916);
#6919=DIRECTION('',(-1.E0,0.E0,0.E0));
#6920=VECTOR('',#6919,1.5E1);
#6921=CARTESIAN_POINT('',(1.778000030517E2,2.286800003052E1,-9.1148E-1));
#6922=LINE('',#6921,#6920);
#6923=DIRECTION('',(-9.701425001453E-1,0.E0,-2.425356250363E-1));
#6924=VECTOR('',#6923,2.061552812809E0);
#6925=CARTESIAN_POINT('',(1.628000030517E2,6.199200057983E1,-9.1148E-1));
#6926=LINE('',#6925,#6924);
#6927=DIRECTION('',(-1.E0,0.E0,0.E0));
#6928=VECTOR('',#6927,1.7E1);
#6929=CARTESIAN_POINT('',(1.778000030517E2,6.199200057983E1,-4.096364997533E0));
#6930=LINE('',#6929,#6928);
#6931=DIRECTION('',(9.701425001453E-1,0.E0,2.425356250363E-1));
#6932=VECTOR('',#6931,2.061552812809E0);
#6933=CARTESIAN_POINT('',(1.608000030517E2,6.349200057983E1,-1.41148E0));
#6934=LINE('',#6933,#6932);
#6935=DIRECTION('',(0.E0,1.E0,0.E0));
#6936=VECTOR('',#6935,1.5E0);
#6937=CARTESIAN_POINT('',(1.628000030517E2,6.199200057983E1,-9.1148E-1));
#6938=LINE('',#6937,#6936);
#6939=DIRECTION('',(-1.E0,0.E0,0.E0));
#6940=VECTOR('',#6939,1.5E1);
#6941=CARTESIAN_POINT('',(1.778000030517E2,6.199200057983E1,-9.1148E-1));
#6942=LINE('',#6941,#6940);
#6943=CARTESIAN_POINT('',(1.808000030517E2,2.136800003052E1,-7.096364997533E0));
#6944=CARTESIAN_POINT('',(1.808000030517E2,6.499200057983E1,-7.096364997533E0));
#6945=VERTEX_POINT('',#6943);
#6946=VERTEX_POINT('',#6944);
#6947=CARTESIAN_POINT('',(1.808000030517E2,6.499200057983E1,1.946443545739E1));
#6948=VERTEX_POINT('',#6947);
#6949=CARTESIAN_POINT('',(1.808000030517E2,2.136800003052E1,1.946443545739E1));
#6950=VERTEX_POINT('',#6949);
#6951=CARTESIAN_POINT('',(1.778000030517E2,6.199200057983E1,1.646443545739E1));
#6952=CARTESIAN_POINT('',(1.778000030517E2,2.436800003052E1,1.646443545739E1));
#6953=VERTEX_POINT('',#6951);
#6954=VERTEX_POINT('',#6952);
#6955=CARTESIAN_POINT('',(1.778000030517E2,2.436800003052E1,5.E-1));
#6956=VERTEX_POINT('',#6955);
#6957=CARTESIAN_POINT('',(1.778000030517E2,2.286800003052E1,5.E-1));
#6958=VERTEX_POINT('',#6957);
#6959=CARTESIAN_POINT('',(1.778000030517E2,2.286800003052E1,-9.1148E-1));
#6960=VERTEX_POINT('',#6959);
#6961=CARTESIAN_POINT('',(1.778000030517E2,2.436800003052E1,-9.1148E-1));
#6962=VERTEX_POINT('',#6961);
#6963=CARTESIAN_POINT('',(1.778000030517E2,2.436800003052E1,-4.096364997533E0));
#6964=VERTEX_POINT('',#6963);
#6965=CARTESIAN_POINT('',(1.778000030517E2,6.199200057983E1,-4.096364997533E0));
#6966=VERTEX_POINT('',#6965);
#6967=CARTESIAN_POINT('',(1.778000030517E2,6.199200057983E1,-9.1148E-1));
#6968=VERTEX_POINT('',#6967);
#6969=CARTESIAN_POINT('',(1.778000030517E2,6.349200057983E1,-9.1148E-1));
#6970=VERTEX_POINT('',#6969);
#6971=CARTESIAN_POINT('',(1.778000030517E2,6.349200057983E1,5.E-1));
#6972=VERTEX_POINT('',#6971);
#6973=CARTESIAN_POINT('',(1.778000030517E2,6.199200057983E1,5.E-1));
#6974=VERTEX_POINT('',#6973);
#6975=CARTESIAN_POINT('',(1.461609958395E2,6.499200057983E1,-7.096364997533E0));
#6976=CARTESIAN_POINT('',(1.461609963597E2,2.136800003052E1,-7.096364997533E0));
#6977=VERTEX_POINT('',#6975);
#6978=VERTEX_POINT('',#6976);
#6979=CARTESIAN_POINT('',(1.461609951987E2,2.136800003052E1,1.946443545739E1));
#6980=CARTESIAN_POINT('',(1.461609946784E2,6.499200057983E1,1.946443545739E1));
#6981=VERTEX_POINT('',#6979);
#6982=VERTEX_POINT('',#6980);
#6983=CARTESIAN_POINT('',(1.461609948275E2,6.349200057983E1,1.646443545739E1));
#6984=CARTESIAN_POINT('',(1.461609953119E2,2.286800003052E1,1.646443545739E1));
#6985=VERTEX_POINT('',#6983);
#6986=VERTEX_POINT('',#6984);
#6987=CARTESIAN_POINT('',(1.461609962106E2,2.286800003052E1,-4.096364997533E0));
#6988=VERTEX_POINT('',#6987);
#6989=CARTESIAN_POINT('',(1.461609957262E2,6.349200057983E1,-4.096364997533E0));
#6990=VERTEX_POINT('',#6989);
#6991=CARTESIAN_POINT('',(1.608000030517E2,6.349200057983E1,1.646443545739E1));
#6992=CARTESIAN_POINT('',(1.608000030517E2,6.199200057983E1,1.646443545739E1));
#6993=VERTEX_POINT('',#6991);
#6994=VERTEX_POINT('',#6992);
#6995=CARTESIAN_POINT('',(1.608000030517E2,2.436800003052E1,1.646443545739E1));
#6996=CARTESIAN_POINT('',(1.608000030517E2,2.286800003052E1,1.646443545739E1));
#6997=VERTEX_POINT('',#6995);
#6998=VERTEX_POINT('',#6996);
#6999=CARTESIAN_POINT('',(1.608000030517E2,2.286800003052E1,-4.096364997533E0));
#7000=CARTESIAN_POINT('',(1.608000030517E2,2.436800003052E1,-4.096364997533E0));
#7001=VERTEX_POINT('',#6999);
#7002=VERTEX_POINT('',#7000);
#7003=CARTESIAN_POINT('',(1.608000030517E2,6.199200057983E1,-4.096364997533E0));
#7004=CARTESIAN_POINT('',(1.608000030517E2,6.349200057983E1,-4.096364997533E0));
#7005=VERTEX_POINT('',#7003);
#7006=VERTEX_POINT('',#7004);
#7007=CARTESIAN_POINT('',(1.461609957846E2,1.486800003052E1,7.834035229928E0));
#7008=CARTESIAN_POINT('',(1.461609959288E2,1.486800003052E1,4.534035229928E0));
#7009=VERTEX_POINT('',#7007);
#7010=VERTEX_POINT('',#7008);
#7011=CARTESIAN_POINT('',(1.461609951093E2,7.149200057983E1,7.834035229928E0));
#7012=CARTESIAN_POINT('',(1.461609952536E2,7.149200057983E1,4.534035229928E0));
#7013=VERTEX_POINT('',#7011);
#7014=VERTEX_POINT('',#7012);
#7015=CARTESIAN_POINT('',(1.481609957846E2,1.486800005437E1,7.834035317351E0));
#7016=CARTESIAN_POINT('',(1.481609959288E2,1.486800005437E1,4.534035317351E0));
#7017=VERTEX_POINT('',#7015);
#7018=VERTEX_POINT('',#7016);
#7019=CARTESIAN_POINT('',(1.481609951093E2,7.149200060368E1,7.834035317351E0));
#7020=CARTESIAN_POINT('',(1.481609952536E2,7.149200060368E1,4.534035317351E0));
#7021=VERTEX_POINT('',#7019);
#7022=VERTEX_POINT('',#7020);
#7023=CARTESIAN_POINT('',(1.704661756012E2,3.264794764488E1,-6.096364997533E0));
#7024=CARTESIAN_POINT('',(1.756761756012E2,3.264794764488E1,-6.096364997533E0));
#7025=VERTEX_POINT('',#7023);
#7026=VERTEX_POINT('',#7024);
#7027=CARTESIAN_POINT('',(1.756761756012E2,3.199669764488E1,-6.096364997533E0));
#7028=VERTEX_POINT('',#7027);
#7029=CARTESIAN_POINT('',(1.704661756012E2,3.199669764488E1,-6.096364997533E0));
#7030=VERTEX_POINT('',#7029);
#7031=CARTESIAN_POINT('',(1.704661756012E2,3.416753092645E1,-6.096364997533E0));
#7032=CARTESIAN_POINT('',(1.750110692975E2,3.416753092645E1,-6.096364997533E0));
#7033=VERTEX_POINT('',#7031);
#7034=VERTEX_POINT('',#7032);
#7035=CARTESIAN_POINT('',(1.704661756012E2,3.688107264488E1,-6.096364997533E0));
#7036=VERTEX_POINT('',#7035);
#7037=CARTESIAN_POINT('',(1.704661756012E2,3.785794764488E1,-6.096364997533E0));
#7038=VERTEX_POINT('',#7037);
#7039=CARTESIAN_POINT('',(1.756761756012E2,3.785794764488E1,-6.096364997533E0));
#7040=VERTEX_POINT('',#7039);
#7041=CARTESIAN_POINT('',(1.756761756012E2,3.720669764488E1,-6.096364997533E0));
#7042=VERTEX_POINT('',#7041);
#7043=CARTESIAN_POINT('',(1.712421330332E2,3.720669764488E1,-6.096364997533E0));
#7044=VERTEX_POINT('',#7043);
#7045=CARTESIAN_POINT('',(1.756761756012E2,3.449315592645E1,-6.096364997533E0));
#7046=VERTEX_POINT('',#7045);
#7047=CARTESIAN_POINT('',(1.756761756012E2,3.351628092645E1,-6.096364997533E0));
#7048=VERTEX_POINT('',#7047);
#7049=CARTESIAN_POINT('',(1.704661756012E2,3.351628092645E1,-6.096364997533E0));
#7050=VERTEX_POINT('',#7049);
#7051=CARTESIAN_POINT('',(1.756761756012E2,4.567294764488E1,-6.096364997533E0));
#7052=CARTESIAN_POINT('',(1.755653245506E2,4.513023889749E1,-6.096364997533E0));
#7053=VERTEX_POINT('',#7051);
#7054=VERTEX_POINT('',#7052);
#7055=CARTESIAN_POINT('',(1.753436224494E2,4.469607264488E1,-6.096364997533E0));
#7056=VERTEX_POINT('',#7055);
#7057=CARTESIAN_POINT('',(1.749002182469E2,4.426190639226E1,-6.096364997533E0));
#7058=VERTEX_POINT('',#7057);
#7059=CARTESIAN_POINT('',(1.744568140445E2,4.404482264488E1,-6.096364997533E0));
#7060=VERTEX_POINT('',#7059);
#7061=CARTESIAN_POINT('',(1.739025584809E2,4.393628139226E1,-6.096364997533E0));
#7062=VERTEX_POINT('',#7061);
#7063=CARTESIAN_POINT('',(1.722397925664E2,4.393628139226E1,-6.096364997533E0));
#7064=VERTEX_POINT('',#7063);
#7065=CARTESIAN_POINT('',(1.716855373133E2,4.404482264488E1,-6.096364997533E0));
#7066=VERTEX_POINT('',#7065);
#7067=CARTESIAN_POINT('',(1.712421330332E2,4.426190639226E1,-6.096364997533E0));
#7068=VERTEX_POINT('',#7067);
#7069=CARTESIAN_POINT('',(1.707987287919E2,4.469607264488E1,-6.096364997533E0));
#7070=VERTEX_POINT('',#7069);
#7071=CARTESIAN_POINT('',(1.705770266616E2,4.513023889749E1,-6.096364997533E0));
#7072=VERTEX_POINT('',#7071);
#7073=CARTESIAN_POINT('',(1.704661756012E2,4.567294764488E1,-6.096364997533E0));
#7074=VERTEX_POINT('',#7073);
#7075=CARTESIAN_POINT('',(1.704661756012E2,4.654128139226E1,-6.096364997533E0));
#7076=VERTEX_POINT('',#7075);
#7077=CARTESIAN_POINT('',(1.705770266616E2,4.708398889749E1,-6.096364997533E0));
#7078=VERTEX_POINT('',#7077);
#7079=CARTESIAN_POINT('',(1.707987287919E2,4.751815639226E1,-6.096364997533E0));
#7080=VERTEX_POINT('',#7079);
#7081=CARTESIAN_POINT('',(1.712421330332E2,4.795232264488E1,-6.096364997533E0));
#7082=VERTEX_POINT('',#7081);
#7083=CARTESIAN_POINT('',(1.716855373133E2,4.816940639226E1,-6.096364997533E0));
#7084=VERTEX_POINT('',#7083);
#7085=CARTESIAN_POINT('',(1.722397925664E2,4.827794764488E1,-6.096364997533E0));
#7086=VERTEX_POINT('',#7085);
#7087=CARTESIAN_POINT('',(1.739025584809E2,4.827794764488E1,-6.096364997533E0));
#7088=VERTEX_POINT('',#7087);
#7089=CARTESIAN_POINT('',(1.744568140445E2,4.816940639226E1,-6.096364997533E0));
#7090=VERTEX_POINT('',#7089);
#7091=CARTESIAN_POINT('',(1.749002182469E2,4.795232264488E1,-6.096364997533E0));
#7092=VERTEX_POINT('',#7091);
#7093=CARTESIAN_POINT('',(1.753436224494E2,4.751815639226E1,-6.096364997533E0));
#7094=VERTEX_POINT('',#7093);
#7095=CARTESIAN_POINT('',(1.755653245506E2,4.708398889749E1,-6.096364997533E0));
#7096=VERTEX_POINT('',#7095);
#7097=CARTESIAN_POINT('',(1.756761756012E2,4.654128139226E1,-6.096364997533E0));
#7098=VERTEX_POINT('',#7097);
#7099=CARTESIAN_POINT('',(1.750110692975E2,4.567294764488E1,-6.096364997533E0));
#7100=CARTESIAN_POINT('',(1.750110692975E2,4.654128139226E1,-6.096364997533E0));
#7101=VERTEX_POINT('',#7099);
#7102=VERTEX_POINT('',#7100);
#7103=CARTESIAN_POINT('',(1.749002182469E2,4.697544764488E1,-6.096364997533E0));
#7104=VERTEX_POINT('',#7103);
#7105=CARTESIAN_POINT('',(1.746785161457E2,4.730107264488E1,-6.096364997533E0));
#7106=VERTEX_POINT('',#7105);
#7107=CARTESIAN_POINT('',(1.743459626833E2,4.751815639226E1,-6.096364997533E0));
#7108=VERTEX_POINT('',#7107);
#7109=CARTESIAN_POINT('',(1.739025584809E2,4.762669764488E1,-6.096364997533E0));
#7110=VERTEX_POINT('',#7109);
#7111=CARTESIAN_POINT('',(1.722397925664E2,4.762669764488E1,-6.096364997533E0));
#7112=VERTEX_POINT('',#7111);
#7113=CARTESIAN_POINT('',(1.717963883639E2,4.751815639226E1,-6.096364997533E0));
#7114=VERTEX_POINT('',#7113);
#7115=CARTESIAN_POINT('',(1.714638352120E2,4.730107264488E1,-6.096364997533E0));
#7116=VERTEX_POINT('',#7115);
#7117=CARTESIAN_POINT('',(1.712421330332E2,4.697544764488E1,-6.096364997533E0));
#7118=VERTEX_POINT('',#7117);
#7119=CARTESIAN_POINT('',(1.711312819826E2,4.654128139226E1,-6.096364997533E0));
#7120=VERTEX_POINT('',#7119);
#7121=CARTESIAN_POINT('',(1.711312819826E2,4.567294764488E1,-6.096364997533E0));
#7122=VERTEX_POINT('',#7121);
#7123=CARTESIAN_POINT('',(1.712421330332E2,4.523878139226E1,-6.096364997533E0));
#7124=VERTEX_POINT('',#7123);
#7125=CARTESIAN_POINT('',(1.714638352120E2,4.491315639226E1,-6.096364997533E0));
#7126=VERTEX_POINT('',#7125);
#7127=CARTESIAN_POINT('',(1.717963883639E2,4.469607264488E1,-6.096364997533E0));
#7128=VERTEX_POINT('',#7127);
#7129=CARTESIAN_POINT('',(1.722397925664E2,4.458753139226E1,-6.096364997533E0));
#7130=VERTEX_POINT('',#7129);
#7131=CARTESIAN_POINT('',(1.739025584809E2,4.458753139226E1,-6.096364997533E0));
#7132=VERTEX_POINT('',#7131);
#7133=CARTESIAN_POINT('',(1.743459626833E2,4.469607264488E1,-6.096364997533E0));
#7134=VERTEX_POINT('',#7133);
#7135=CARTESIAN_POINT('',(1.746785161457E2,4.491315639226E1,-6.096364997533E0));
#7136=VERTEX_POINT('',#7135);
#7137=CARTESIAN_POINT('',(1.749002182469E2,4.523878139226E1,-6.096364997533E0));
#7138=VERTEX_POINT('',#7137);
#7139=CARTESIAN_POINT('',(1.722397925664E2,5.305378015010E1,-6.096364997533E0));
#7140=CARTESIAN_POINT('',(1.756761756012E2,5.305378015010E1,-6.096364997533E0));
#7141=VERTEX_POINT('',#7139);
#7142=VERTEX_POINT('',#7140);
#7143=CARTESIAN_POINT('',(1.756761756012E2,5.240253139226E1,-6.096364997533E0));
#7144=VERTEX_POINT('',#7143);
#7145=CARTESIAN_POINT('',(1.722397925664E2,5.240253139226E1,-6.096364997533E0));
#7146=VERTEX_POINT('',#7145);
#7147=CARTESIAN_POINT('',(1.717963883639E2,5.229398889749E1,-6.096364997533E0));
#7148=VERTEX_POINT('',#7147);
#7149=CARTESIAN_POINT('',(1.714638352120E2,5.207690639226E1,-6.096364997533E0));
#7150=VERTEX_POINT('',#7149);
#7151=CARTESIAN_POINT('',(1.712421330332E2,5.175128139226E1,-6.096364997533E0));
#7152=VERTEX_POINT('',#7151);
#7153=CARTESIAN_POINT('',(1.711312819826E2,5.131711389749E1,-6.096364997533E0));
#7154=VERTEX_POINT('',#7153);
#7155=CARTESIAN_POINT('',(1.711312819826E2,5.088294764488E1,-6.096364997533E0));
#7156=VERTEX_POINT('',#7155);
#7157=CARTESIAN_POINT('',(1.712421330332E2,5.044878139226E1,-6.096364997533E0));
#7158=VERTEX_POINT('',#7157);
#7159=CARTESIAN_POINT('',(1.714638352120E2,5.012315639226E1,-6.096364997533E0));
#7160=VERTEX_POINT('',#7159);
#7161=CARTESIAN_POINT('',(1.717963883639E2,4.990607264488E1,-6.096364997533E0));
#7162=VERTEX_POINT('',#7161);
#7163=CARTESIAN_POINT('',(1.722397925664E2,4.979753139226E1,-6.096364997533E0));
#7164=VERTEX_POINT('',#7163);
#7165=CARTESIAN_POINT('',(1.756761756012E2,4.979753139226E1,-6.096364997533E0));
#7166=VERTEX_POINT('',#7165);
#7167=CARTESIAN_POINT('',(1.756761756012E2,4.914628139226E1,-6.096364997533E0));
#7168=VERTEX_POINT('',#7167);
#7169=CARTESIAN_POINT('',(1.722397925664E2,4.914628139226E1,-6.096364997533E0));
#7170=VERTEX_POINT('',#7169);
#7171=CARTESIAN_POINT('',(1.716855373133E2,4.925482264488E1,-6.096364997533E0));
#7172=VERTEX_POINT('',#7171);
#7173=CARTESIAN_POINT('',(1.712421330332E2,4.947190639226E1,-6.096364997533E0));
#7174=VERTEX_POINT('',#7173);
#7175=CARTESIAN_POINT('',(1.707987287919E2,4.990607264488E1,-6.096364997533E0));
#7176=VERTEX_POINT('',#7175);
#7177=CARTESIAN_POINT('',(1.705770266616E2,5.034023889749E1,-6.096364997533E0));
#7178=VERTEX_POINT('',#7177);
#7179=CARTESIAN_POINT('',(1.704661756012E2,5.088294764488E1,-6.096364997533E0));
#7180=VERTEX_POINT('',#7179);
#7181=CARTESIAN_POINT('',(1.704661756012E2,5.131711389749E1,-6.096364997533E0));
#7182=VERTEX_POINT('',#7181);
#7183=CARTESIAN_POINT('',(1.705770266616E2,5.185982264488E1,-6.096364997533E0));
#7184=VERTEX_POINT('',#7183);
#7185=CARTESIAN_POINT('',(1.707987287919E2,5.229398889749E1,-6.096364997533E0));
#7186=VERTEX_POINT('',#7185);
#7187=CARTESIAN_POINT('',(1.712421330332E2,5.272815639226E1,-6.096364997533E0));
#7188=VERTEX_POINT('',#7187);
#7189=CARTESIAN_POINT('',(1.716855373133E2,5.294524013965E1,-6.096364997533E0));
#7190=VERTEX_POINT('',#7189);
#7191=CARTESIAN_POINT('',(1.756761756012E2,5.804669764488E1,-6.096364997533E0));
#7192=CARTESIAN_POINT('',(1.756761756012E2,5.392211513965E1,-6.096364997533E0));
#7193=VERTEX_POINT('',#7191);
#7194=VERTEX_POINT('',#7192);
#7195=CARTESIAN_POINT('',(1.751219203482E2,5.392211513965E1,-6.096364997533E0));
#7196=VERTEX_POINT('',#7195);
#7197=CARTESIAN_POINT('',(1.751219203482E2,5.565878015010E1,-6.096364997533E0));
#7198=VERTEX_POINT('',#7197);
#7199=CARTESIAN_POINT('',(1.704661756012E2,5.565878015010E1,-6.096364997533E0));
#7200=VERTEX_POINT('',#7199);
#7201=CARTESIAN_POINT('',(1.704661756012E2,5.631003015010E1,-6.096364997533E0));
#7202=VERTEX_POINT('',#7201);
#7203=CARTESIAN_POINT('',(1.751219203482E2,5.631003015010E1,-6.096364997533E0));
#7204=VERTEX_POINT('',#7203);
#7205=CARTESIAN_POINT('',(1.751219203482E2,5.804669764488E1,-6.096364997533E0));
#7206=VERTEX_POINT('',#7205);
#7207=CARTESIAN_POINT('',(1.613131271103E2,3.221244386093E1,-6.096364997533E0));
#7208=CARTESIAN_POINT('',(1.612705739239E2,3.200411051766E1,-6.096364997533E0));
#7209=VERTEX_POINT('',#7207);
#7210=VERTEX_POINT('',#7208);
#7211=CARTESIAN_POINT('',(1.611854675511E2,3.183744383113E1,-6.096364997533E0));
#7212=VERTEX_POINT('',#7211);
#7213=CARTESIAN_POINT('',(1.610152548054E2,3.167077717439E1,-6.096364997533E0));
#7214=VERTEX_POINT('',#7213);
#7215=CARTESIAN_POINT('',(1.608450420597E2,3.158744384230E1,-6.096364997533E0));
#7216=VERTEX_POINT('',#7215);
#7217=CARTESIAN_POINT('',(1.606322760084E2,3.154577717439E1,-6.096364997533E0));
#7218=VERTEX_POINT('',#7217);
#7219=CARTESIAN_POINT('',(1.599939781526E2,3.154577717439E1,-6.096364997533E0));
#7220=VERTEX_POINT('',#7219);
#7221=CARTESIAN_POINT('',(1.597812122205E2,3.158744384230E1,-6.096364997533E0));
#7222=VERTEX_POINT('',#7221);
#7223=CARTESIAN_POINT('',(1.596109994450E2,3.167077717439E1,-6.096364997533E0));
#7224=VERTEX_POINT('',#7223);
#7225=CARTESIAN_POINT('',(1.594407866845E2,3.183744383113E1,-6.096364997533E0));
#7226=VERTEX_POINT('',#7225);
#7227=CARTESIAN_POINT('',(1.593556803004E2,3.200411051766E1,-6.096364997533E0));
#7228=VERTEX_POINT('',#7227);
#7229=CARTESIAN_POINT('',(1.593131271103E2,3.221244386093E1,-6.096364997533E0));
#7230=VERTEX_POINT('',#7229);
#7231=CARTESIAN_POINT('',(1.593131271103E2,3.254577717439E1,-6.096364997533E0));
#7232=VERTEX_POINT('',#7231);
#7233=CARTESIAN_POINT('',(1.593556803004E2,3.275411054746E1,-6.096364997533E0));
#7234=VERTEX_POINT('',#7233);
#7235=CARTESIAN_POINT('',(1.594407866845E2,3.292077717439E1,-6.096364997533E0));
#7236=VERTEX_POINT('',#7235);
#7237=CARTESIAN_POINT('',(1.596109994450E2,3.308744380132E1,-6.096364997533E0));
#7238=VERTEX_POINT('',#7237);
#7239=CARTESIAN_POINT('',(1.597812122205E2,3.317077717439E1,-6.096364997533E0));
#7240=VERTEX_POINT('',#7239);
#7241=CARTESIAN_POINT('',(1.599939781526E2,3.321244380132E1,-6.096364997533E0));
#7242=VERTEX_POINT('',#7241);
#7243=CARTESIAN_POINT('',(1.606322760084E2,3.321244380132E1,-6.096364997533E0));
#7244=VERTEX_POINT('',#7243);
#7245=CARTESIAN_POINT('',(1.608450420597E2,3.317077717439E1,-6.096364997533E0));
#7246=VERTEX_POINT('',#7245);
#7247=CARTESIAN_POINT('',(1.610152548054E2,3.308744380132E1,-6.096364997533E0));
#7248=VERTEX_POINT('',#7247);
#7249=CARTESIAN_POINT('',(1.611854675511E2,3.292077717439E1,-6.096364997533E0));
#7250=VERTEX_POINT('',#7249);
#7251=CARTESIAN_POINT('',(1.612705739239E2,3.275411054746E1,-6.096364997533E0));
#7252=VERTEX_POINT('',#7251);
#7253=CARTESIAN_POINT('',(1.613131271103E2,3.254577717439E1,-6.096364997533E0));
#7254=VERTEX_POINT('',#7253);
#7255=CARTESIAN_POINT('',(1.610578079918E2,3.221244386093E1,-6.096364997533E0));
#7256=CARTESIAN_POINT('',(1.610578079918E2,3.254577717439E1,-6.096364997533E0));
#7257=VERTEX_POINT('',#7255);
#7258=VERTEX_POINT('',#7256);
#7259=CARTESIAN_POINT('',(1.610152548054E2,3.271244380132E1,-6.096364997533E0));
#7260=VERTEX_POINT('',#7259);
#7261=CARTESIAN_POINT('',(1.609301484326E2,3.283744380132E1,-6.096364997533E0));
#7262=VERTEX_POINT('',#7261);
#7263=CARTESIAN_POINT('',(1.608024887541E2,3.292077717439E1,-6.096364997533E0));
#7264=VERTEX_POINT('',#7263);
#7265=CARTESIAN_POINT('',(1.606322760084E2,3.296244380132E1,-6.096364997533E0));
#7266=VERTEX_POINT('',#7265);
#7267=CARTESIAN_POINT('',(1.599939781526E2,3.296244380132E1,-6.096364997533E0));
#7268=VERTEX_POINT('',#7267);
#7269=CARTESIAN_POINT('',(1.598237654069E2,3.292077717439E1,-6.096364997533E0));
#7270=VERTEX_POINT('',#7269);
#7271=CARTESIAN_POINT('',(1.596961058477E2,3.283744380132E1,-6.096364997533E0));
#7272=VERTEX_POINT('',#7271);
#7273=CARTESIAN_POINT('',(1.596109994450E2,3.271244380132E1,-6.096364997533E0));
#7274=VERTEX_POINT('',#7273);
#7275=CARTESIAN_POINT('',(1.595684462586E2,3.254577717439E1,-6.096364997533E0));
#7276=VERTEX_POINT('',#7275);
#7277=CARTESIAN_POINT('',(1.595684462586E2,3.221244386093E1,-6.096364997533E0));
#7278=VERTEX_POINT('',#7277);
#7279=CARTESIAN_POINT('',(1.596109994450E2,3.204577717439E1,-6.096364997533E0));
#7280=VERTEX_POINT('',#7279);
#7281=CARTESIAN_POINT('',(1.596961058477E2,3.192077717439E1,-6.096364997533E0));
#7282=VERTEX_POINT('',#7281);
#7283=CARTESIAN_POINT('',(1.598237654069E2,3.183744383113E1,-6.096364997533E0));
#7284=VERTEX_POINT('',#7283);
#7285=CARTESIAN_POINT('',(1.599939781526E2,3.179577717439E1,-6.096364997533E0));
#7286=VERTEX_POINT('',#7285);
#7287=CARTESIAN_POINT('',(1.606322760084E2,3.179577717439E1,-6.096364997533E0));
#7288=VERTEX_POINT('',#7287);
#7289=CARTESIAN_POINT('',(1.608024887541E2,3.183744383113E1,-6.096364997533E0));
#7290=VERTEX_POINT('',#7289);
#7291=CARTESIAN_POINT('',(1.609301484326E2,3.192077717439E1,-6.096364997533E0));
#7292=VERTEX_POINT('',#7291);
#7293=CARTESIAN_POINT('',(1.610152548054E2,3.204577717439E1,-6.096364997533E0));
#7294=VERTEX_POINT('',#7293);
#7295=CARTESIAN_POINT('',(1.593131271103E2,3.375411042825E1,-6.096364997533E0));
#7296=CARTESIAN_POINT('',(1.602918505171E2,3.375411042825E1,-6.096364997533E0));
#7297=VERTEX_POINT('',#7295);
#7298=VERTEX_POINT('',#7296);
#7299=CARTESIAN_POINT('',(1.603769568899E2,3.383744392053E1,-6.096364997533E0));
#7300=VERTEX_POINT('',#7299);
#7301=CARTESIAN_POINT('',(1.604620632628E2,3.396244392053E1,-6.096364997533E0));
#7302=VERTEX_POINT('',#7301);
#7303=CARTESIAN_POINT('',(1.605046164492E2,3.412911042825E1,-6.096364997533E0));
#7304=VERTEX_POINT('',#7303);
#7305=CARTESIAN_POINT('',(1.604620632628E2,3.429577717439E1,-6.096364997533E0));
#7306=VERTEX_POINT('',#7305);
#7307=CARTESIAN_POINT('',(1.604195100763E2,3.437911042825E1,-6.096364997533E0));
#7308=VERTEX_POINT('',#7307);
#7309=CARTESIAN_POINT('',(1.603344037035E2,3.446244392053E1,-6.096364997533E0));
#7310=VERTEX_POINT('',#7309);
#7311=CARTESIAN_POINT('',(1.601216377714E2,3.450411042825E1,-6.096364997533E0));
#7312=VERTEX_POINT('',#7311);
#7313=CARTESIAN_POINT('',(1.593131271103E2,3.450411042825E1,-6.096364997533E0));
#7314=VERTEX_POINT('',#7313);
#7315=CARTESIAN_POINT('',(1.593131271103E2,3.471244392053E1,-6.096364997533E0));
#7316=VERTEX_POINT('',#7315);
#7317=CARTESIAN_POINT('',(1.601216377714E2,3.471244392053E1,-6.096364997533E0));
#7318=VERTEX_POINT('',#7317);
#7319=CARTESIAN_POINT('',(1.603344037035E2,3.467077717439E1,-6.096364997533E0));
#7320=VERTEX_POINT('',#7319);
#7321=CARTESIAN_POINT('',(1.604620632628E2,3.462911042825E1,-6.096364997533E0));
#7322=VERTEX_POINT('',#7321);
#7323=CARTESIAN_POINT('',(1.605471696356E2,3.454577717439E1,-6.096364997533E0));
#7324=VERTEX_POINT('',#7323);
#7325=CARTESIAN_POINT('',(1.606322760084E2,3.442077717439E1,-6.096364997533E0));
#7326=VERTEX_POINT('',#7325);
#7327=CARTESIAN_POINT('',(1.606748291948E2,3.429577717439E1,-6.096364997533E0));
#7328=VERTEX_POINT('',#7327);
#7329=CARTESIAN_POINT('',(1.606748291948E2,3.412911042825E1,-6.096364997533E0));
#7330=VERTEX_POINT('',#7329);
#7331=CARTESIAN_POINT('',(1.606322760084E2,3.396244392053E1,-6.096364997533E0));
#7332=VERTEX_POINT('',#7331);
#7333=CARTESIAN_POINT('',(1.605471696356E2,3.383744392053E1,-6.096364997533E0));
#7334=VERTEX_POINT('',#7333);
#7335=CARTESIAN_POINT('',(1.604620632628E2,3.375411042825E1,-6.096364997533E0));
#7336=VERTEX_POINT('',#7335);
#7337=CARTESIAN_POINT('',(1.606748291948E2,3.375411042825E1,-6.096364997533E0));
#7338=VERTEX_POINT('',#7337);
#7339=CARTESIAN_POINT('',(1.606748291948E2,3.354577717439E1,-6.096364997533E0));
#7340=VERTEX_POINT('',#7339);
#7341=CARTESIAN_POINT('',(1.593131271103E2,3.354577717439E1,-6.096364997533E0));
#7342=VERTEX_POINT('',#7341);
#7343=CARTESIAN_POINT('',(1.593131271103E2,3.525411042825E1,-6.096364997533E0));
#7344=CARTESIAN_POINT('',(1.595258930722E2,3.525411042825E1,-6.096364997533E0));
#7345=VERTEX_POINT('',#7343);
#7346=VERTEX_POINT('',#7344);
#7347=CARTESIAN_POINT('',(1.595258930722E2,3.504577717439E1,-6.096364997533E0));
#7348=VERTEX_POINT('',#7347);
#7349=CARTESIAN_POINT('',(1.593131271103E2,3.504577717439E1,-6.096364997533E0));
#7350=VERTEX_POINT('',#7349);
#7351=CARTESIAN_POINT('',(1.603344037035E2,3.525411042825E1,-6.096364997533E0));
#7352=CARTESIAN_POINT('',(1.605471696356E2,3.525411042825E1,-6.096364997533E0));
#7353=VERTEX_POINT('',#7351);
#7354=VERTEX_POINT('',#7352);
#7355=CARTESIAN_POINT('',(1.605471696356E2,3.504577717439E1,-6.096364997533E0));
#7356=VERTEX_POINT('',#7355);
#7357=CARTESIAN_POINT('',(1.603344037035E2,3.504577717439E1,-6.096364997533E0));
#7358=VERTEX_POINT('',#7357);
#7359=CARTESIAN_POINT('',(1.603344037035E2,3.779577717439E1,-6.096364997533E0));
#7360=CARTESIAN_POINT('',(1.604195100763E2,3.783744368211E1,-6.096364997533E0));
#7361=VERTEX_POINT('',#7359);
#7362=VERTEX_POINT('',#7360);
#7363=CARTESIAN_POINT('',(1.604620632628E2,3.792077717439E1,-6.096364997533E0));
#7364=VERTEX_POINT('',#7363);
#7365=CARTESIAN_POINT('',(1.605046164492E2,3.808744368211E1,-6.096364997533E0));
#7366=VERTEX_POINT('',#7365);
#7367=CARTESIAN_POINT('',(1.605046164492E2,3.833744368211E1,-6.096364997533E0));
#7368=VERTEX_POINT('',#7367);
#7369=CARTESIAN_POINT('',(1.604620632628E2,3.858744368211E1,-6.096364997533E0));
#7370=VERTEX_POINT('',#7369);
#7371=CARTESIAN_POINT('',(1.604195100763E2,3.867077717439E1,-6.096364997533E0));
#7372=VERTEX_POINT('',#7371);
#7373=CARTESIAN_POINT('',(1.603344037035E2,3.871244368211E1,-6.096364997533E0));
#7374=VERTEX_POINT('',#7373);
#7375=CARTESIAN_POINT('',(1.603344037035E2,3.892077717439E1,-6.096364997533E0));
#7376=VERTEX_POINT('',#7375);
#7377=CARTESIAN_POINT('',(1.605046164492E2,3.883744368211E1,-6.096364997533E0));
#7378=VERTEX_POINT('',#7377);
#7379=CARTESIAN_POINT('',(1.605897228220E2,3.871244368211E1,-6.096364997533E0));
#7380=VERTEX_POINT('',#7379);
#7381=CARTESIAN_POINT('',(1.606322760084E2,3.858744368211E1,-6.096364997533E0));
#7382=VERTEX_POINT('',#7381);
#7383=CARTESIAN_POINT('',(1.606748291948E2,3.833744368211E1,-6.096364997533E0));
#7384=VERTEX_POINT('',#7383);
#7385=CARTESIAN_POINT('',(1.606748291948E2,3.808744368211E1,-6.096364997533E0));
#7386=VERTEX_POINT('',#7385);
#7387=CARTESIAN_POINT('',(1.606322760084E2,3.783744368211E1,-6.096364997533E0));
#7388=VERTEX_POINT('',#7387);
#7389=CARTESIAN_POINT('',(1.605471696356E2,3.767077717439E1,-6.096364997533E0));
#7390=VERTEX_POINT('',#7389);
#7391=CARTESIAN_POINT('',(1.604195100763E2,3.758744368211E1,-6.096364997533E0));
#7392=VERTEX_POINT('',#7391);
#7393=CARTESIAN_POINT('',(1.603344037035E2,3.758744368211E1,-6.096364997533E0));
#7394=VERTEX_POINT('',#7393);
#7395=CARTESIAN_POINT('',(1.601641909578E2,3.767077717439E1,-6.096364997533E0));
#7396=VERTEX_POINT('',#7395);
#7397=CARTESIAN_POINT('',(1.600365313390E2,3.783744368211E1,-6.096364997533E0));
#7398=VERTEX_POINT('',#7397);
#7399=CARTESIAN_POINT('',(1.598237654069E2,3.854577717439E1,-6.096364997533E0));
#7400=VERTEX_POINT('',#7399);
#7401=CARTESIAN_POINT('',(1.597386590341E2,3.867077717439E1,-6.096364997533E0));
#7402=VERTEX_POINT('',#7401);
#7403=CARTESIAN_POINT('',(1.596535526314E2,3.871244368211E1,-6.096364997533E0));
#7404=VERTEX_POINT('',#7403);
#7405=CARTESIAN_POINT('',(1.595684462586E2,3.867077717439E1,-6.096364997533E0));
#7406=VERTEX_POINT('',#7405);
#7407=CARTESIAN_POINT('',(1.595258930722E2,3.858744368211E1,-6.096364997533E0));
#7408=VERTEX_POINT('',#7407);
#7409=CARTESIAN_POINT('',(1.594833398709E2,3.842077717439E1,-6.096364997533E0));
#7410=VERTEX_POINT('',#7409);
#7411=CARTESIAN_POINT('',(1.594833398709E2,3.817077717439E1,-6.096364997533E0));
#7412=VERTEX_POINT('',#7411);
#7413=CARTESIAN_POINT('',(1.595258930722E2,3.792077717439E1,-6.096364997533E0));
#7414=VERTEX_POINT('',#7413);
#7415=CARTESIAN_POINT('',(1.595684462586E2,3.783744368211E1,-6.096364997533E0));
#7416=VERTEX_POINT('',#7415);
#7417=CARTESIAN_POINT('',(1.596535526314E2,3.779577717439E1,-6.096364997533E0));
#7418=VERTEX_POINT('',#7417);
#7419=CARTESIAN_POINT('',(1.596535526314E2,3.758744368211E1,-6.096364997533E0));
#7420=VERTEX_POINT('',#7419);
#7421=CARTESIAN_POINT('',(1.594833398709E2,3.767077717439E1,-6.096364997533E0));
#7422=VERTEX_POINT('',#7421);
#7423=CARTESIAN_POINT('',(1.593982334906E2,3.779577717439E1,-6.096364997533E0));
#7424=VERTEX_POINT('',#7423);
#7425=CARTESIAN_POINT('',(1.593556803004E2,3.792077717439E1,-6.096364997533E0));
#7426=VERTEX_POINT('',#7425);
#7427=CARTESIAN_POINT('',(1.593131271103E2,3.817077717439E1,-6.096364997533E0));
#7428=VERTEX_POINT('',#7427);
#7429=CARTESIAN_POINT('',(1.593131271103E2,3.842077717439E1,-6.096364997533E0));
#7430=VERTEX_POINT('',#7429);
#7431=CARTESIAN_POINT('',(1.593556803004E2,3.867077717439E1,-6.096364997533E0));
#7432=VERTEX_POINT('',#7431);
#7433=CARTESIAN_POINT('',(1.594407866845E2,3.883744368211E1,-6.096364997533E0));
#7434=VERTEX_POINT('',#7433);
#7435=CARTESIAN_POINT('',(1.595684462586E2,3.892077717439E1,-6.096364997533E0));
#7436=VERTEX_POINT('',#7435);
#7437=CARTESIAN_POINT('',(1.596535526314E2,3.892077717439E1,-6.096364997533E0));
#7438=VERTEX_POINT('',#7437);
#7439=CARTESIAN_POINT('',(1.598237654069E2,3.883744368211E1,-6.096364997533E0));
#7440=VERTEX_POINT('',#7439);
#7441=CARTESIAN_POINT('',(1.599514249662E2,3.867077717439E1,-6.096364997533E0));
#7442=VERTEX_POINT('',#7441);
#7443=CARTESIAN_POINT('',(1.601641909578E2,3.796244368211E1,-6.096364997533E0));
#7444=VERTEX_POINT('',#7443);
#7445=CARTESIAN_POINT('',(1.602492973307E2,3.783744368211E1,-6.096364997533E0));
#7446=VERTEX_POINT('',#7445);
#7447=CARTESIAN_POINT('',(1.593131271103E2,3.946244368211E1,-6.096364997533E0));
#7448=CARTESIAN_POINT('',(1.602918505171E2,3.946244368211E1,-6.096364997533E0));
#7449=VERTEX_POINT('',#7447);
#7450=VERTEX_POINT('',#7448);
#7451=CARTESIAN_POINT('',(1.603769568899E2,3.954577717439E1,-6.096364997533E0));
#7452=VERTEX_POINT('',#7451);
#7453=CARTESIAN_POINT('',(1.604620632628E2,3.967077717439E1,-6.096364997533E0));
#7454=VERTEX_POINT('',#7453);
#7455=CARTESIAN_POINT('',(1.605046164492E2,3.983744415895E1,-6.096364997533E0));
#7456=VERTEX_POINT('',#7455);
#7457=CARTESIAN_POINT('',(1.604620632628E2,4.000411018983E1,-6.096364997533E0));
#7458=VERTEX_POINT('',#7457);
#7459=CARTESIAN_POINT('',(1.604195100763E2,4.008744415895E1,-6.096364997533E0));
#7460=VERTEX_POINT('',#7459);
#7461=CARTESIAN_POINT('',(1.603344037035E2,4.017077717439E1,-6.096364997533E0));
#7462=VERTEX_POINT('',#7461);
#7463=CARTESIAN_POINT('',(1.601641909578E2,4.021244415895E1,-6.096364997533E0));
#7464=VERTEX_POINT('',#7463);
#7465=CARTESIAN_POINT('',(1.593131271103E2,4.021244415895E1,-6.096364997533E0));
#7466=VERTEX_POINT('',#7465);
#7467=CARTESIAN_POINT('',(1.593131271103E2,4.042077717439E1,-6.096364997533E0));
#7468=VERTEX_POINT('',#7467);
#7469=CARTESIAN_POINT('',(1.601641909578E2,4.042077717439E1,-6.096364997533E0));
#7470=VERTEX_POINT('',#7469);
#7471=CARTESIAN_POINT('',(1.603769568899E2,4.037911018983E1,-6.096364997533E0));
#7472=VERTEX_POINT('',#7471);
#7473=CARTESIAN_POINT('',(1.604620632628E2,4.033744415895E1,-6.096364997533E0));
#7474=VERTEX_POINT('',#7473);
#7475=CARTESIAN_POINT('',(1.605471696356E2,4.025411018983E1,-6.096364997533E0));
#7476=VERTEX_POINT('',#7475);
#7477=CARTESIAN_POINT('',(1.606322760084E2,4.012911018983E1,-6.096364997533E0));
#7478=VERTEX_POINT('',#7477);
#7479=CARTESIAN_POINT('',(1.606748291948E2,4.000411018983E1,-6.096364997533E0));
#7480=VERTEX_POINT('',#7479);
#7481=CARTESIAN_POINT('',(1.606748291948E2,3.983744415895E1,-6.096364997533E0));
#7482=VERTEX_POINT('',#7481);
#7483=CARTESIAN_POINT('',(1.606322760084E2,3.967077717439E1,-6.096364997533E0));
#7484=VERTEX_POINT('',#7483);
#7485=CARTESIAN_POINT('',(1.605471696356E2,3.954577717439E1,-6.096364997533E0));
#7486=VERTEX_POINT('',#7485);
#7487=CARTESIAN_POINT('',(1.604620632628E2,3.946244368211E1,-6.096364997533E0));
#7488=VERTEX_POINT('',#7487);
#7489=CARTESIAN_POINT('',(1.613131271103E2,3.946244368211E1,-6.096364997533E0));
#7490=VERTEX_POINT('',#7489);
#7491=CARTESIAN_POINT('',(1.613131271103E2,3.925411066667E1,-6.096364997533E0));
#7492=VERTEX_POINT('',#7491);
#7493=CARTESIAN_POINT('',(1.593131271103E2,3.925411066667E1,-6.096364997533E0));
#7494=VERTEX_POINT('',#7493);
#7495=CARTESIAN_POINT('',(1.593131271103E2,4.125411018983E1,-6.096364997533E0));
#7496=CARTESIAN_POINT('',(1.593131271103E2,4.158744415895E1,-6.096364997533E0));
#7497=VERTEX_POINT('',#7495);
#7498=VERTEX_POINT('',#7496);
#7499=CARTESIAN_POINT('',(1.593556803004E2,4.175411018983E1,-6.096364997533E0));
#7500=VERTEX_POINT('',#7499);
#7501=CARTESIAN_POINT('',(1.593982334906E2,4.183744415895E1,-6.096364997533E0));
#7502=VERTEX_POINT('',#7501);
#7503=CARTESIAN_POINT('',(1.594833398709E2,4.192077717439E1,-6.096364997533E0));
#7504=VERTEX_POINT('',#7503);
#7505=CARTESIAN_POINT('',(1.596109994450E2,4.200411018983E1,-6.096364997533E0));
#7506=VERTEX_POINT('',#7505);
#7507=CARTESIAN_POINT('',(1.599088717797E2,4.208744415895E1,-6.096364997533E0));
#7508=VERTEX_POINT('',#7507);
#7509=CARTESIAN_POINT('',(1.600790845850E2,4.208744415895E1,-6.096364997533E0));
#7510=VERTEX_POINT('',#7509);
#7511=CARTESIAN_POINT('',(1.602492973307E2,4.204577717439E1,-6.096364997533E0));
#7512=VERTEX_POINT('',#7511);
#7513=CARTESIAN_POINT('',(1.603769568899E2,4.200411018983E1,-6.096364997533E0));
#7514=VERTEX_POINT('',#7513);
#7515=CARTESIAN_POINT('',(1.605046164492E2,4.192077717439E1,-6.096364997533E0));
#7516=VERTEX_POINT('',#7515);
#7517=CARTESIAN_POINT('',(1.605897228220E2,4.183744415895E1,-6.096364997533E0));
#7518=VERTEX_POINT('',#7517);
#7519=CARTESIAN_POINT('',(1.606322760084E2,4.175411018983E1,-6.096364997533E0));
#7520=VERTEX_POINT('',#7519);
#7521=CARTESIAN_POINT('',(1.606748291948E2,4.158744415895E1,-6.096364997533E0));
#7522=VERTEX_POINT('',#7521);
#7523=CARTESIAN_POINT('',(1.606748291948E2,4.125411018983E1,-6.096364997533E0));
#7524=VERTEX_POINT('',#7523);
#7525=CARTESIAN_POINT('',(1.606322760084E2,4.108744415895E1,-6.096364997533E0));
#7526=VERTEX_POINT('',#7525);
#7527=CARTESIAN_POINT('',(1.605897228220E2,4.100411018983E1,-6.096364997533E0));
#7528=VERTEX_POINT('',#7527);
#7529=CARTESIAN_POINT('',(1.605046164492E2,4.092077717439E1,-6.096364997533E0));
#7530=VERTEX_POINT('',#7529);
#7531=CARTESIAN_POINT('',(1.603769568899E2,4.083744415895E1,-6.096364997533E0));
#7532=VERTEX_POINT('',#7531);
#7533=CARTESIAN_POINT('',(1.602492973307E2,4.079577717439E1,-6.096364997533E0));
#7534=VERTEX_POINT('',#7533);
#7535=CARTESIAN_POINT('',(1.600790845850E2,4.075411018983E1,-6.096364997533E0));
#7536=VERTEX_POINT('',#7535);
#7537=CARTESIAN_POINT('',(1.599088717797E2,4.075411018983E1,-6.096364997533E0));
#7538=VERTEX_POINT('',#7537);
#7539=CARTESIAN_POINT('',(1.596109994450E2,4.083744415895E1,-6.096364997533E0));
#7540=VERTEX_POINT('',#7539);
#7541=CARTESIAN_POINT('',(1.594833398709E2,4.092077717439E1,-6.096364997533E0));
#7542=VERTEX_POINT('',#7541);
#7543=CARTESIAN_POINT('',(1.593982334906E2,4.100411018983E1,-6.096364997533E0));
#7544=VERTEX_POINT('',#7543);
#7545=CARTESIAN_POINT('',(1.593556803004E2,4.108744415895E1,-6.096364997533E0));
#7546=VERTEX_POINT('',#7545);
#7547=CARTESIAN_POINT('',(1.594833398709E2,4.133744415895E1,-6.096364997533E0));
#7548=CARTESIAN_POINT('',(1.595258930722E2,4.117077717439E1,-6.096364997533E0));
#7549=VERTEX_POINT('',#7547);
#7550=VERTEX_POINT('',#7548);
#7551=CARTESIAN_POINT('',(1.596109994450E2,4.108744415895E1,-6.096364997533E0));
#7552=VERTEX_POINT('',#7551);
#7553=CARTESIAN_POINT('',(1.597386590341E2,4.100411018983E1,-6.096364997533E0));
#7554=VERTEX_POINT('',#7553);
#7555=CARTESIAN_POINT('',(1.599088717797E2,4.096244415895E1,-6.096364997533E0));
#7556=VERTEX_POINT('',#7555);
#7557=CARTESIAN_POINT('',(1.600790845850E2,4.096244415895E1,-6.096364997533E0));
#7558=VERTEX_POINT('',#7557);
#7559=CARTESIAN_POINT('',(1.602492973307E2,4.100411018983E1,-6.096364997533E0));
#7560=VERTEX_POINT('',#7559);
#7561=CARTESIAN_POINT('',(1.603769568899E2,4.108744415895E1,-6.096364997533E0));
#7562=VERTEX_POINT('',#7561);
#7563=CARTESIAN_POINT('',(1.604620632628E2,4.117077717439E1,-6.096364997533E0));
#7564=VERTEX_POINT('',#7563);
#7565=CARTESIAN_POINT('',(1.605046164492E2,4.133744415895E1,-6.096364997533E0));
#7566=VERTEX_POINT('',#7565);
#7567=CARTESIAN_POINT('',(1.605046164492E2,4.150411018983E1,-6.096364997533E0));
#7568=VERTEX_POINT('',#7567);
#7569=CARTESIAN_POINT('',(1.604620632628E2,4.167077717439E1,-6.096364997533E0));
#7570=VERTEX_POINT('',#7569);
#7571=CARTESIAN_POINT('',(1.603769568899E2,4.175411018983E1,-6.096364997533E0));
#7572=VERTEX_POINT('',#7571);
#7573=CARTESIAN_POINT('',(1.602492973307E2,4.183744415895E1,-6.096364997533E0));
#7574=VERTEX_POINT('',#7573);
#7575=CARTESIAN_POINT('',(1.600790845850E2,4.187911018983E1,-6.096364997533E0));
#7576=VERTEX_POINT('',#7575);
#7577=CARTESIAN_POINT('',(1.599088717797E2,4.187911018983E1,-6.096364997533E0));
#7578=VERTEX_POINT('',#7577);
#7579=CARTESIAN_POINT('',(1.597386590341E2,4.183744415895E1,-6.096364997533E0));
#7580=VERTEX_POINT('',#7579);
#7581=CARTESIAN_POINT('',(1.596109994450E2,4.175411018983E1,-6.096364997533E0));
#7582=VERTEX_POINT('',#7581);
#7583=CARTESIAN_POINT('',(1.595258930722E2,4.167077717439E1,-6.096364997533E0));
#7584=VERTEX_POINT('',#7583);
#7585=CARTESIAN_POINT('',(1.594833398709E2,4.150411018983E1,-6.096364997533E0));
#7586=VERTEX_POINT('',#7585);
#7587=CARTESIAN_POINT('',(1.593131271103E2,4.262911018983E1,-6.096364997533E0));
#7588=CARTESIAN_POINT('',(1.601641909578E2,4.262911018983E1,-6.096364997533E0));
#7589=VERTEX_POINT('',#7587);
#7590=VERTEX_POINT('',#7588);
#7591=CARTESIAN_POINT('',(1.603344037035E2,4.275411018983E1,-6.096364997533E0));
#7592=VERTEX_POINT('',#7591);
#7593=CARTESIAN_POINT('',(1.604195100763E2,4.292077717439E1,-6.096364997533E0));
#7594=VERTEX_POINT('',#7593);
#7595=CARTESIAN_POINT('',(1.604620632628E2,4.317077717439E1,-6.096364997533E0));
#7596=VERTEX_POINT('',#7595);
#7597=CARTESIAN_POINT('',(1.606748291948E2,4.317077717439E1,-6.096364997533E0));
#7598=VERTEX_POINT('',#7597);
#7599=CARTESIAN_POINT('',(1.606322760084E2,4.296244415895E1,-6.096364997533E0));
#7600=VERTEX_POINT('',#7599);
#7601=CARTESIAN_POINT('',(1.605897228220E2,4.283744415895E1,-6.096364997533E0));
#7602=VERTEX_POINT('',#7601);
#7603=CARTESIAN_POINT('',(1.605046164492E2,4.271244415895E1,-6.096364997533E0));
#7604=VERTEX_POINT('',#7603);
#7605=CARTESIAN_POINT('',(1.604195100763E2,4.262911018983E1,-6.096364997533E0));
#7606=VERTEX_POINT('',#7605);
#7607=CARTESIAN_POINT('',(1.606748291948E2,4.262911018983E1,-6.096364997533E0));
#7608=VERTEX_POINT('',#7607);
#7609=CARTESIAN_POINT('',(1.606748291948E2,4.242077717439E1,-6.096364997533E0));
#7610=VERTEX_POINT('',#7609);
#7611=CARTESIAN_POINT('',(1.593131271103E2,4.242077717439E1,-6.096364997533E0));
#7612=VERTEX_POINT('',#7611);
#7613=CARTESIAN_POINT('',(1.594833398709E2,4.442077717439E1,-6.096364997533E0));
#7614=CARTESIAN_POINT('',(1.595258930722E2,4.421244415895E1,-6.096364997533E0));
#7615=VERTEX_POINT('',#7613);
#7616=VERTEX_POINT('',#7614);
#7617=CARTESIAN_POINT('',(1.596109994450E2,4.408744415895E1,-6.096364997533E0));
#7618=VERTEX_POINT('',#7617);
#7619=CARTESIAN_POINT('',(1.597386590341E2,4.404577717439E1,-6.096364997533E0));
#7620=VERTEX_POINT('',#7619);
#7621=CARTESIAN_POINT('',(1.605046164492E2,4.404577717439E1,-6.096364997533E0));
#7622=VERTEX_POINT('',#7621);
#7623=CARTESIAN_POINT('',(1.605046164492E2,4.450411018983E1,-6.096364997533E0));
#7624=VERTEX_POINT('',#7623);
#7625=CARTESIAN_POINT('',(1.606748291948E2,4.450411018983E1,-6.096364997533E0));
#7626=VERTEX_POINT('',#7625);
#7627=CARTESIAN_POINT('',(1.606748291948E2,4.404577717439E1,-6.096364997533E0));
#7628=VERTEX_POINT('',#7627);
#7629=CARTESIAN_POINT('',(1.610152548054E2,4.404577717439E1,-6.096364997533E0));
#7630=VERTEX_POINT('',#7629);
#7631=CARTESIAN_POINT('',(1.610152548054E2,4.383744415895E1,-6.096364997533E0));
#7632=VERTEX_POINT('',#7631);
#7633=CARTESIAN_POINT('',(1.606748291948E2,4.383744415895E1,-6.096364997533E0));
#7634=VERTEX_POINT('',#7633);
#7635=CARTESIAN_POINT('',(1.606748291948E2,4.350411018983E1,-6.096364997533E0));
#7636=VERTEX_POINT('',#7635);
#7637=CARTESIAN_POINT('',(1.605046164492E2,4.350411018983E1,-6.096364997533E0));
#7638=VERTEX_POINT('',#7637);
#7639=CARTESIAN_POINT('',(1.605046164492E2,4.383744415895E1,-6.096364997533E0));
#7640=VERTEX_POINT('',#7639);
#7641=CARTESIAN_POINT('',(1.596535526314E2,4.383744415895E1,-6.096364997533E0));
#7642=VERTEX_POINT('',#7641);
#7643=CARTESIAN_POINT('',(1.594833398709E2,4.392077717439E1,-6.096364997533E0));
#7644=VERTEX_POINT('',#7643);
#7645=CARTESIAN_POINT('',(1.593982334906E2,4.404577717439E1,-6.096364997533E0));
#7646=VERTEX_POINT('',#7645);
#7647=CARTESIAN_POINT('',(1.593556803004E2,4.417077717439E1,-6.096364997533E0));
#7648=VERTEX_POINT('',#7647);
#7649=CARTESIAN_POINT('',(1.593131271103E2,4.442077717439E1,-6.096364997533E0));
#7650=VERTEX_POINT('',#7649);
#7651=CARTESIAN_POINT('',(1.593131271103E2,4.704577717439E1,-6.096364997533E0));
#7652=CARTESIAN_POINT('',(1.601641909578E2,4.704577717439E1,-6.096364997533E0));
#7653=VERTEX_POINT('',#7651);
#7654=VERTEX_POINT('',#7652);
#7655=CARTESIAN_POINT('',(1.603344037035E2,4.717077717439E1,-6.096364997533E0));
#7656=VERTEX_POINT('',#7655);
#7657=CARTESIAN_POINT('',(1.604195100763E2,4.733744415895E1,-6.096364997533E0));
#7658=VERTEX_POINT('',#7657);
#7659=CARTESIAN_POINT('',(1.604620632628E2,4.758744320528E1,-6.096364997533E0));
#7660=VERTEX_POINT('',#7659);
#7661=CARTESIAN_POINT('',(1.606748291948E2,4.758744320528E1,-6.096364997533E0));
#7662=VERTEX_POINT('',#7661);
#7663=CARTESIAN_POINT('',(1.606322760084E2,4.737911018983E1,-6.096364997533E0));
#7664=VERTEX_POINT('',#7663);
#7665=CARTESIAN_POINT('',(1.605897228220E2,4.725411018983E1,-6.096364997533E0));
#7666=VERTEX_POINT('',#7665);
#7667=CARTESIAN_POINT('',(1.605046164492E2,4.712911018983E1,-6.096364997533E0));
#7668=VERTEX_POINT('',#7667);
#7669=CARTESIAN_POINT('',(1.604195100763E2,4.704577717439E1,-6.096364997533E0));
#7670=VERTEX_POINT('',#7669);
#7671=CARTESIAN_POINT('',(1.606748291948E2,4.704577717439E1,-6.096364997533E0));
#7672=VERTEX_POINT('',#7671);
#7673=CARTESIAN_POINT('',(1.606748291948E2,4.683744415895E1,-6.096364997533E0));
#7674=VERTEX_POINT('',#7673);
#7675=CARTESIAN_POINT('',(1.593131271103E2,4.683744415895E1,-6.096364997533E0));
#7676=VERTEX_POINT('',#7675);
#7677=CARTESIAN_POINT('',(1.593131271103E2,4.925411114351E1,-6.096364997533E0));
#7678=CARTESIAN_POINT('',(1.594407866845E2,4.921244320528E1,-6.096364997533E0));
#7679=VERTEX_POINT('',#7677);
#7680=VERTEX_POINT('',#7678);
#7681=CARTESIAN_POINT('',(1.596535526314E2,4.917077717439E1,-6.096364997533E0));
#7682=VERTEX_POINT('',#7681);
#7683=CARTESIAN_POINT('',(1.603344037035E2,4.917077717439E1,-6.096364997533E0));
#7684=VERTEX_POINT('',#7683);
#7685=CARTESIAN_POINT('',(1.604620632628E2,4.912911114351E1,-6.096364997533E0));
#7686=VERTEX_POINT('',#7685);
#7687=CARTESIAN_POINT('',(1.605471696356E2,4.904577717439E1,-6.096364997533E0));
#7688=VERTEX_POINT('',#7687);
#7689=CARTESIAN_POINT('',(1.606322760084E2,4.892077717439E1,-6.096364997533E0));
#7690=VERTEX_POINT('',#7689);
#7691=CARTESIAN_POINT('',(1.606748291948E2,4.867077717439E1,-6.096364997533E0));
#7692=VERTEX_POINT('',#7691);
#7693=CARTESIAN_POINT('',(1.606748291948E2,4.842077717439E1,-6.096364997533E0));
#7694=VERTEX_POINT('',#7693);
#7695=CARTESIAN_POINT('',(1.606322760084E2,4.812911114351E1,-6.096364997533E0));
#7696=VERTEX_POINT('',#7695);
#7697=CARTESIAN_POINT('',(1.605897228220E2,4.804577717439E1,-6.096364997533E0));
#7698=VERTEX_POINT('',#7697);
#7699=CARTESIAN_POINT('',(1.605046164492E2,4.796244320528E1,-6.096364997533E0));
#7700=VERTEX_POINT('',#7699);
#7701=CARTESIAN_POINT('',(1.604195100763E2,4.792077717439E1,-6.096364997533E0));
#7702=VERTEX_POINT('',#7701);
#7703=CARTESIAN_POINT('',(1.603344037035E2,4.792077717439E1,-6.096364997533E0));
#7704=VERTEX_POINT('',#7703);
#7705=CARTESIAN_POINT('',(1.603344037035E2,4.812911114351E1,-6.096364997533E0));
#7706=VERTEX_POINT('',#7705);
#7707=CARTESIAN_POINT('',(1.604195100763E2,4.817077717439E1,-6.096364997533E0));
#7708=VERTEX_POINT('',#7707);
#7709=CARTESIAN_POINT('',(1.604620632628E2,4.825411114351E1,-6.096364997533E0));
#7710=VERTEX_POINT('',#7709);
#7711=CARTESIAN_POINT('',(1.605046164492E2,4.842077717439E1,-6.096364997533E0));
#7712=VERTEX_POINT('',#7711);
#7713=CARTESIAN_POINT('',(1.605046164492E2,4.867077717439E1,-6.096364997533E0));
#7714=VERTEX_POINT('',#7713);
#7715=CARTESIAN_POINT('',(1.604620632628E2,4.883744320528E1,-6.096364997533E0));
#7716=VERTEX_POINT('',#7715);
#7717=CARTESIAN_POINT('',(1.604195100763E2,4.892077717439E1,-6.096364997533E0));
#7718=VERTEX_POINT('',#7717);
#7719=CARTESIAN_POINT('',(1.603344037035E2,4.896244320528E1,-6.096364997533E0));
#7720=VERTEX_POINT('',#7719);
#7721=CARTESIAN_POINT('',(1.602067441443E2,4.896244320528E1,-6.096364997533E0));
#7722=VERTEX_POINT('',#7721);
#7723=CARTESIAN_POINT('',(1.602067441443E2,4.850411114351E1,-6.096364997533E0));
#7724=VERTEX_POINT('',#7723);
#7725=CARTESIAN_POINT('',(1.601641909578E2,4.825411114351E1,-6.096364997533E0));
#7726=VERTEX_POINT('',#7725);
#7727=CARTESIAN_POINT('',(1.600790845850E2,4.808744320528E1,-6.096364997533E0));
#7728=VERTEX_POINT('',#7727);
#7729=CARTESIAN_POINT('',(1.599939781526E2,4.800411114351E1,-6.096364997533E0));
#7730=VERTEX_POINT('',#7729);
#7731=CARTESIAN_POINT('',(1.598237654069E2,4.792077717439E1,-6.096364997533E0));
#7732=VERTEX_POINT('',#7731);
#7733=CARTESIAN_POINT('',(1.596961058477E2,4.792077717439E1,-6.096364997533E0));
#7734=VERTEX_POINT('',#7733);
#7735=CARTESIAN_POINT('',(1.595258930722E2,4.796244320528E1,-6.096364997533E0));
#7736=VERTEX_POINT('',#7735);
#7737=CARTESIAN_POINT('',(1.593982334906E2,4.808744320528E1,-6.096364997533E0));
#7738=VERTEX_POINT('',#7737);
#7739=CARTESIAN_POINT('',(1.593556803004E2,4.817077717439E1,-6.096364997533E0));
#7740=VERTEX_POINT('',#7739);
#7741=CARTESIAN_POINT('',(1.593131271103E2,4.833744320528E1,-6.096364997533E0));
#7742=VERTEX_POINT('',#7741);
#7743=CARTESIAN_POINT('',(1.593131271103E2,4.858744320528E1,-6.096364997533E0));
#7744=VERTEX_POINT('',#7743);
#7745=CARTESIAN_POINT('',(1.593556803004E2,4.879577717439E1,-6.096364997533E0));
#7746=VERTEX_POINT('',#7745);
#7747=CARTESIAN_POINT('',(1.594407866845E2,4.892077717439E1,-6.096364997533E0));
#7748=VERTEX_POINT('',#7747);
#7749=CARTESIAN_POINT('',(1.595258930722E2,4.896244320528E1,-6.096364997533E0));
#7750=VERTEX_POINT('',#7749);
#7751=CARTESIAN_POINT('',(1.593982334906E2,4.900411114351E1,-6.096364997533E0));
#7752=VERTEX_POINT('',#7751);
#7753=CARTESIAN_POINT('',(1.593131271103E2,4.904577717439E1,-6.096364997533E0));
#7754=VERTEX_POINT('',#7753);
#7755=CARTESIAN_POINT('',(1.600365313390E2,4.896244320528E1,-6.096364997533E0));
#7756=CARTESIAN_POINT('',(1.597812122205E2,4.896244320528E1,-6.096364997533E0));
#7757=VERTEX_POINT('',#7755);
#7758=VERTEX_POINT('',#7756);
#7759=CARTESIAN_POINT('',(1.596961058477E2,4.892077717439E1,-6.096364997533E0));
#7760=VERTEX_POINT('',#7759);
#7761=CARTESIAN_POINT('',(1.595684462586E2,4.879577717439E1,-6.096364997533E0));
#7762=VERTEX_POINT('',#7761);
#7763=CARTESIAN_POINT('',(1.594833398709E2,4.858744320528E1,-6.096364997533E0));
#7764=VERTEX_POINT('',#7763);
#7765=CARTESIAN_POINT('',(1.594833398709E2,4.833744320528E1,-6.096364997533E0));
#7766=VERTEX_POINT('',#7765);
#7767=CARTESIAN_POINT('',(1.595684462586E2,4.817077717439E1,-6.096364997533E0));
#7768=VERTEX_POINT('',#7767);
#7769=CARTESIAN_POINT('',(1.596535526314E2,4.812911114351E1,-6.096364997533E0));
#7770=VERTEX_POINT('',#7769);
#7771=CARTESIAN_POINT('',(1.597386590341E2,4.812911114351E1,-6.096364997533E0));
#7772=VERTEX_POINT('',#7771);
#7773=CARTESIAN_POINT('',(1.598663185933E2,4.817077717439E1,-6.096364997533E0));
#7774=VERTEX_POINT('',#7773);
#7775=CARTESIAN_POINT('',(1.599514249662E2,4.825411114351E1,-6.096364997533E0));
#7776=VERTEX_POINT('',#7775);
#7777=CARTESIAN_POINT('',(1.599939781526E2,4.833744320528E1,-6.096364997533E0));
#7778=VERTEX_POINT('',#7777);
#7779=CARTESIAN_POINT('',(1.600365313390E2,4.850411114351E1,-6.096364997533E0));
#7780=VERTEX_POINT('',#7779);
#7781=CARTESIAN_POINT('',(1.593131271103E2,4.979577717439E1,-6.096364997533E0));
#7782=CARTESIAN_POINT('',(1.602918505171E2,4.979577717439E1,-6.096364997533E0));
#7783=VERTEX_POINT('',#7781);
#7784=VERTEX_POINT('',#7782);
#7785=CARTESIAN_POINT('',(1.603769568899E2,4.987911114351E1,-6.096364997533E0));
#7786=VERTEX_POINT('',#7785);
#7787=CARTESIAN_POINT('',(1.604620632628E2,5.000411114351E1,-6.096364997533E0));
#7788=VERTEX_POINT('',#7787);
#7789=CARTESIAN_POINT('',(1.605046164492E2,5.017077717439E1,-6.096364997533E0));
#7790=VERTEX_POINT('',#7789);
#7791=CARTESIAN_POINT('',(1.604620632628E2,5.033744320528E1,-6.096364997533E0));
#7792=VERTEX_POINT('',#7791);
#7793=CARTESIAN_POINT('',(1.604195100763E2,5.042077717439E1,-6.096364997533E0));
#7794=VERTEX_POINT('',#7793);
#7795=CARTESIAN_POINT('',(1.603344037035E2,5.050411114351E1,-6.096364997533E0));
#7796=VERTEX_POINT('',#7795);
#7797=CARTESIAN_POINT('',(1.601216377714E2,5.054577717439E1,-6.096364997533E0));
#7798=VERTEX_POINT('',#7797);
#7799=CARTESIAN_POINT('',(1.593131271103E2,5.054577717439E1,-6.096364997533E0));
#7800=VERTEX_POINT('',#7799);
#7801=CARTESIAN_POINT('',(1.593131271103E2,5.075411114351E1,-6.096364997533E0));
#7802=VERTEX_POINT('',#7801);
#7803=CARTESIAN_POINT('',(1.601216377714E2,5.075411114351E1,-6.096364997533E0));
#7804=VERTEX_POINT('',#7803);
#7805=CARTESIAN_POINT('',(1.603344037035E2,5.071244320528E1,-6.096364997533E0));
#7806=VERTEX_POINT('',#7805);
#7807=CARTESIAN_POINT('',(1.604620632628E2,5.067077717439E1,-6.096364997533E0));
#7808=VERTEX_POINT('',#7807);
#7809=CARTESIAN_POINT('',(1.605471696356E2,5.058744320528E1,-6.096364997533E0));
#7810=VERTEX_POINT('',#7809);
#7811=CARTESIAN_POINT('',(1.606322760084E2,5.046244320528E1,-6.096364997533E0));
#7812=VERTEX_POINT('',#7811);
#7813=CARTESIAN_POINT('',(1.606748291948E2,5.033744320528E1,-6.096364997533E0));
#7814=VERTEX_POINT('',#7813);
#7815=CARTESIAN_POINT('',(1.606748291948E2,5.017077717439E1,-6.096364997533E0));
#7816=VERTEX_POINT('',#7815);
#7817=CARTESIAN_POINT('',(1.606322760084E2,5.000411114351E1,-6.096364997533E0));
#7818=VERTEX_POINT('',#7817);
#7819=CARTESIAN_POINT('',(1.605471696356E2,4.987911114351E1,-6.096364997533E0));
#7820=VERTEX_POINT('',#7819);
#7821=CARTESIAN_POINT('',(1.604620632628E2,4.979577717439E1,-6.096364997533E0));
#7822=VERTEX_POINT('',#7821);
#7823=CARTESIAN_POINT('',(1.606748291948E2,4.979577717439E1,-6.096364997533E0));
#7824=VERTEX_POINT('',#7823);
#7825=CARTESIAN_POINT('',(1.606748291948E2,4.958744320528E1,-6.096364997533E0));
#7826=VERTEX_POINT('',#7825);
#7827=CARTESIAN_POINT('',(1.593131271103E2,4.958744320528E1,-6.096364997533E0));
#7828=VERTEX_POINT('',#7827);
#7829=CARTESIAN_POINT('',(1.591429143497E2,5.108744320528E1,-6.096364997533E0));
#7830=CARTESIAN_POINT('',(1.588875951865E2,5.117077717439E1,-6.096364997533E0));
#7831=VERTEX_POINT('',#7829);
#7832=VERTEX_POINT('',#7830);
#7833=CARTESIAN_POINT('',(1.587599356273E2,5.129577717439E1,-6.096364997533E0));
#7834=VERTEX_POINT('',#7833);
#7835=CARTESIAN_POINT('',(1.586748292545E2,5.142077717439E1,-6.096364997533E0));
#7836=VERTEX_POINT('',#7835);
#7837=CARTESIAN_POINT('',(1.586322760680E2,5.158744320528E1,-6.096364997533E0));
#7838=VERTEX_POINT('',#7837);
#7839=CARTESIAN_POINT('',(1.586322760680E2,5.183744320528E1,-6.096364997533E0));
#7840=VERTEX_POINT('',#7839);
#7841=CARTESIAN_POINT('',(1.586748292545E2,5.200411114351E1,-6.096364997533E0));
#7842=VERTEX_POINT('',#7841);
#7843=CARTESIAN_POINT('',(1.587173824409E2,5.212911114351E1,-6.096364997533E0));
#7844=VERTEX_POINT('',#7843);
#7845=CARTESIAN_POINT('',(1.588024888137E2,5.225411114351E1,-6.096364997533E0));
#7846=VERTEX_POINT('',#7845);
#7847=CARTESIAN_POINT('',(1.589301483729E2,5.233744320528E1,-6.096364997533E0));
#7848=VERTEX_POINT('',#7847);
#7849=CARTESIAN_POINT('',(1.592280207300E2,5.242077717439E1,-6.096364997533E0));
#7850=VERTEX_POINT('',#7849);
#7851=CARTESIAN_POINT('',(1.606748291948E2,5.242077717439E1,-6.096364997533E0));
#7852=VERTEX_POINT('',#7851);
#7853=CARTESIAN_POINT('',(1.606748291948E2,5.221244320528E1,-6.096364997533E0));
#7854=VERTEX_POINT('',#7853);
#7855=CARTESIAN_POINT('',(1.604195100763E2,5.221244320528E1,-6.096364997533E0));
#7856=VERTEX_POINT('',#7855);
#7857=CARTESIAN_POINT('',(1.605046164492E2,5.217077717439E1,-6.096364997533E0));
#7858=VERTEX_POINT('',#7857);
#7859=CARTESIAN_POINT('',(1.605897228220E2,5.208744320528E1,-6.096364997533E0));
#7860=VERTEX_POINT('',#7859);
#7861=CARTESIAN_POINT('',(1.606322760084E2,5.200411114351E1,-6.096364997533E0));
#7862=VERTEX_POINT('',#7861);
#7863=CARTESIAN_POINT('',(1.606748291948E2,5.183744320528E1,-6.096364997533E0));
#7864=VERTEX_POINT('',#7863);
#7865=CARTESIAN_POINT('',(1.606748291948E2,5.158744320528E1,-6.096364997533E0));
#7866=VERTEX_POINT('',#7865);
#7867=CARTESIAN_POINT('',(1.606322760084E2,5.142077717439E1,-6.096364997533E0));
#7868=VERTEX_POINT('',#7867);
#7869=CARTESIAN_POINT('',(1.605471696356E2,5.129577717439E1,-6.096364997533E0));
#7870=VERTEX_POINT('',#7869);
#7871=CARTESIAN_POINT('',(1.604195100763E2,5.117077717439E1,-6.096364997533E0));
#7872=VERTEX_POINT('',#7871);
#7873=CARTESIAN_POINT('',(1.603344037035E2,5.112911114351E1,-6.096364997533E0));
#7874=VERTEX_POINT('',#7873);
#7875=CARTESIAN_POINT('',(1.601641909578E2,5.108744320528E1,-6.096364997533E0));
#7876=VERTEX_POINT('',#7875);
#7877=CARTESIAN_POINT('',(1.598237654069E2,5.108744320528E1,-6.096364997533E0));
#7878=VERTEX_POINT('',#7877);
#7879=CARTESIAN_POINT('',(1.596535526314E2,5.112911114351E1,-6.096364997533E0));
#7880=VERTEX_POINT('',#7879);
#7881=CARTESIAN_POINT('',(1.595684462586E2,5.117077717439E1,-6.096364997533E0));
#7882=VERTEX_POINT('',#7881);
#7883=CARTESIAN_POINT('',(1.594407866845E2,5.129577717439E1,-6.096364997533E0));
#7884=VERTEX_POINT('',#7883);
#7885=CARTESIAN_POINT('',(1.593556803004E2,5.142077717439E1,-6.096364997533E0));
#7886=VERTEX_POINT('',#7885);
#7887=CARTESIAN_POINT('',(1.593131271103E2,5.158744320528E1,-6.096364997533E0));
#7888=VERTEX_POINT('',#7887);
#7889=CARTESIAN_POINT('',(1.593131271103E2,5.183744320528E1,-6.096364997533E0));
#7890=VERTEX_POINT('',#7889);
#7891=CARTESIAN_POINT('',(1.593556803004E2,5.200411114351E1,-6.096364997533E0));
#7892=VERTEX_POINT('',#7891);
#7893=CARTESIAN_POINT('',(1.593982334906E2,5.208744320528E1,-6.096364997533E0));
#7894=VERTEX_POINT('',#7893);
#7895=CARTESIAN_POINT('',(1.594833398709E2,5.217077717439E1,-6.096364997533E0));
#7896=VERTEX_POINT('',#7895);
#7897=CARTESIAN_POINT('',(1.595684462586E2,5.221244320528E1,-6.096364997533E0));
#7898=VERTEX_POINT('',#7897);
#7899=CARTESIAN_POINT('',(1.592280207300E2,5.221244320528E1,-6.096364997533E0));
#7900=VERTEX_POINT('',#7899);
#7901=CARTESIAN_POINT('',(1.590578079620E2,5.217077717439E1,-6.096364997533E0));
#7902=VERTEX_POINT('',#7901);
#7903=CARTESIAN_POINT('',(1.589727015892E2,5.212911114351E1,-6.096364997533E0));
#7904=VERTEX_POINT('',#7903);
#7905=CARTESIAN_POINT('',(1.588450420001E2,5.200411114351E1,-6.096364997533E0));
#7906=VERTEX_POINT('',#7905);
#7907=CARTESIAN_POINT('',(1.588024888137E2,5.183744320528E1,-6.096364997533E0));
#7908=VERTEX_POINT('',#7907);
#7909=CARTESIAN_POINT('',(1.588024888137E2,5.158744320528E1,-6.096364997533E0));
#7910=VERTEX_POINT('',#7909);
#7911=CARTESIAN_POINT('',(1.588875951865E2,5.142077717439E1,-6.096364997533E0));
#7912=VERTEX_POINT('',#7911);
#7913=CARTESIAN_POINT('',(1.590152547756E2,5.133744320528E1,-6.096364997533E0));
#7914=VERTEX_POINT('',#7913);
#7915=CARTESIAN_POINT('',(1.591429143497E2,5.129577717439E1,-6.096364997533E0));
#7916=VERTEX_POINT('',#7915);
#7917=CARTESIAN_POINT('',(1.602067441443E2,5.221244320528E1,-6.096364997533E0));
#7918=CARTESIAN_POINT('',(1.597812122205E2,5.221244320528E1,-6.096364997533E0));
#7919=VERTEX_POINT('',#7917);
#7920=VERTEX_POINT('',#7918);
#7921=CARTESIAN_POINT('',(1.596535526314E2,5.212911114351E1,-6.096364997533E0));
#7922=VERTEX_POINT('',#7921);
#7923=CARTESIAN_POINT('',(1.595684462586E2,5.200411114351E1,-6.096364997533E0));
#7924=VERTEX_POINT('',#7923);
#7925=CARTESIAN_POINT('',(1.595258930722E2,5.183744320528E1,-6.096364997533E0));
#7926=VERTEX_POINT('',#7925);
#7927=CARTESIAN_POINT('',(1.595258930722E2,5.167077717439E1,-6.096364997533E0));
#7928=VERTEX_POINT('',#7927);
#7929=CARTESIAN_POINT('',(1.595684462586E2,5.150411114351E1,-6.096364997533E0));
#7930=VERTEX_POINT('',#7929);
#7931=CARTESIAN_POINT('',(1.596535526314E2,5.137911114351E1,-6.096364997533E0));
#7932=VERTEX_POINT('',#7931);
#7933=CARTESIAN_POINT('',(1.597386590341E2,5.133744320528E1,-6.096364997533E0));
#7934=VERTEX_POINT('',#7933);
#7935=CARTESIAN_POINT('',(1.598663185933E2,5.129577717439E1,-6.096364997533E0));
#7936=VERTEX_POINT('',#7935);
#7937=CARTESIAN_POINT('',(1.601216377714E2,5.129577717439E1,-6.096364997533E0));
#7938=VERTEX_POINT('',#7937);
#7939=CARTESIAN_POINT('',(1.602492973307E2,5.133744320528E1,-6.096364997533E0));
#7940=VERTEX_POINT('',#7939);
#7941=CARTESIAN_POINT('',(1.603769568899E2,5.142077717439E1,-6.096364997533E0));
#7942=VERTEX_POINT('',#7941);
#7943=CARTESIAN_POINT('',(1.604620632628E2,5.158744320528E1,-6.096364997533E0));
#7944=VERTEX_POINT('',#7943);
#7945=CARTESIAN_POINT('',(1.604620632628E2,5.183744320528E1,-6.096364997533E0));
#7946=VERTEX_POINT('',#7945);
#7947=CARTESIAN_POINT('',(1.604195100763E2,5.200411114351E1,-6.096364997533E0));
#7948=VERTEX_POINT('',#7947);
#7949=CARTESIAN_POINT('',(1.603344037035E2,5.212911114351E1,-6.096364997533E0));
#7950=VERTEX_POINT('',#7949);
#7951=CARTESIAN_POINT('',(1.599939781526E2,5.275411114351E1,-6.096364997533E0));
#7952=CARTESIAN_POINT('',(1.597386590341E2,5.279577717439E1,-6.096364997533E0));
#7953=VERTEX_POINT('',#7951);
#7954=VERTEX_POINT('',#7952);
#7955=CARTESIAN_POINT('',(1.595684462586E2,5.287911114351E1,-6.096364997533E0));
#7956=VERTEX_POINT('',#7955);
#7957=CARTESIAN_POINT('',(1.594833398709E2,5.296244320528E1,-6.096364997533E0));
#7958=VERTEX_POINT('',#7957);
#7959=CARTESIAN_POINT('',(1.593982334906E2,5.308744320528E1,-6.096364997533E0));
#7960=VERTEX_POINT('',#7959);
#7961=CARTESIAN_POINT('',(1.593556803004E2,5.321244320528E1,-6.096364997533E0));
#7962=VERTEX_POINT('',#7961);
#7963=CARTESIAN_POINT('',(1.593131271103E2,5.346244320528E1,-6.096364997533E0));
#7964=VERTEX_POINT('',#7963);
#7965=CARTESIAN_POINT('',(1.593556803004E2,5.375411114351E1,-6.096364997533E0));
#7966=VERTEX_POINT('',#7965);
#7967=CARTESIAN_POINT('',(1.594407866845E2,5.392077717439E1,-6.096364997533E0));
#7968=VERTEX_POINT('',#7967);
#7969=CARTESIAN_POINT('',(1.595684462586E2,5.404577717439E1,-6.096364997533E0));
#7970=VERTEX_POINT('',#7969);
#7971=CARTESIAN_POINT('',(1.597386590341E2,5.408744320528E1,-6.096364997533E0));
#7972=VERTEX_POINT('',#7971);
#7973=CARTESIAN_POINT('',(1.597386590341E2,5.387911114351E1,-6.096364997533E0));
#7974=VERTEX_POINT('',#7973);
#7975=CARTESIAN_POINT('',(1.596109994450E2,5.383744320528E1,-6.096364997533E0));
#7976=VERTEX_POINT('',#7975);
#7977=CARTESIAN_POINT('',(1.595258930722E2,5.371244320528E1,-6.096364997533E0));
#7978=VERTEX_POINT('',#7977);
#7979=CARTESIAN_POINT('',(1.594833398709E2,5.342077717439E1,-6.096364997533E0));
#7980=VERTEX_POINT('',#7979);
#7981=CARTESIAN_POINT('',(1.595258930722E2,5.325411114351E1,-6.096364997533E0));
#7982=VERTEX_POINT('',#7981);
#7983=CARTESIAN_POINT('',(1.595684462586E2,5.317077717439E1,-6.096364997533E0));
#7984=VERTEX_POINT('',#7983);
#7985=CARTESIAN_POINT('',(1.596961058477E2,5.304577717439E1,-6.096364997533E0));
#7986=VERTEX_POINT('',#7985);
#7987=CARTESIAN_POINT('',(1.597812122205E2,5.300411114351E1,-6.096364997533E0));
#7988=VERTEX_POINT('',#7987);
#7989=CARTESIAN_POINT('',(1.599088717797E2,5.296244320528E1,-6.096364997533E0));
#7990=VERTEX_POINT('',#7989);
#7991=CARTESIAN_POINT('',(1.599939781526E2,5.296244320528E1,-6.096364997533E0));
#7992=VERTEX_POINT('',#7991);
#7993=CARTESIAN_POINT('',(1.599939781526E2,5.408744320528E1,-6.096364997533E0));
#7994=VERTEX_POINT('',#7993);
#7995=CARTESIAN_POINT('',(1.601641909578E2,5.408744320528E1,-6.096364997533E0));
#7996=VERTEX_POINT('',#7995);
#7997=CARTESIAN_POINT('',(1.603344037035E2,5.404577717439E1,-6.096364997533E0));
#7998=VERTEX_POINT('',#7997);
#7999=CARTESIAN_POINT('',(1.605046164492E2,5.392077717439E1,-6.096364997533E0));
#8000=VERTEX_POINT('',#7999);
#8001=CARTESIAN_POINT('',(1.606322760084E2,5.371244320528E1,-6.096364997533E0));
#8002=VERTEX_POINT('',#8001);
#8003=CARTESIAN_POINT('',(1.606748291948E2,5.346244320528E1,-6.096364997533E0));
#8004=VERTEX_POINT('',#8003);
#8005=CARTESIAN_POINT('',(1.606322760084E2,5.321244320528E1,-6.096364997533E0));
#8006=VERTEX_POINT('',#8005);
#8007=CARTESIAN_POINT('',(1.605897228220E2,5.308744320528E1,-6.096364997533E0));
#8008=VERTEX_POINT('',#8007);
#8009=CARTESIAN_POINT('',(1.605046164492E2,5.296244320528E1,-6.096364997533E0));
#8010=VERTEX_POINT('',#8009);
#8011=CARTESIAN_POINT('',(1.604195100763E2,5.287911114351E1,-6.096364997533E0));
#8012=VERTEX_POINT('',#8011);
#8013=CARTESIAN_POINT('',(1.602492973307E2,5.279577717439E1,-6.096364997533E0));
#8014=VERTEX_POINT('',#8013);
#8015=CARTESIAN_POINT('',(1.602067441443E2,5.300411114351E1,-6.096364997533E0));
#8016=CARTESIAN_POINT('',(1.602918505171E2,5.304577717439E1,-6.096364997533E0));
#8017=VERTEX_POINT('',#8015);
#8018=VERTEX_POINT('',#8016);
#8019=CARTESIAN_POINT('',(1.604195100763E2,5.317077717439E1,-6.096364997533E0));
#8020=VERTEX_POINT('',#8019);
#8021=CARTESIAN_POINT('',(1.604620632628E2,5.325411114351E1,-6.096364997533E0));
#8022=VERTEX_POINT('',#8021);
#8023=CARTESIAN_POINT('',(1.605046164492E2,5.342077717439E1,-6.096364997533E0));
#8024=VERTEX_POINT('',#8023);
#8025=CARTESIAN_POINT('',(1.604620632628E2,5.367077717439E1,-6.096364997533E0));
#8026=VERTEX_POINT('',#8025);
#8027=CARTESIAN_POINT('',(1.603769568899E2,5.379577717439E1,-6.096364997533E0));
#8028=VERTEX_POINT('',#8027);
#8029=CARTESIAN_POINT('',(1.602492973307E2,5.387911114351E1,-6.096364997533E0));
#8030=VERTEX_POINT('',#8029);
#8031=CARTESIAN_POINT('',(1.601641909578E2,5.387911114351E1,-6.096364997533E0));
#8032=VERTEX_POINT('',#8031);
#8033=CARTESIAN_POINT('',(1.601641909578E2,5.300411114351E1,-6.096364997533E0));
#8034=VERTEX_POINT('',#8033);
#8035=CARTESIAN_POINT('',(1.704661756012E2,3.264794764488E1,-7.096364997533E0));
#8036=CARTESIAN_POINT('',(1.756761756012E2,3.264794764488E1,-7.096364997533E0));
#8037=VERTEX_POINT('',#8035);
#8038=VERTEX_POINT('',#8036);
#8039=CARTESIAN_POINT('',(1.756761756012E2,3.199669764488E1,-7.096364997533E0));
#8040=VERTEX_POINT('',#8039);
#8041=CARTESIAN_POINT('',(1.704661756012E2,3.199669764488E1,-7.096364997533E0));
#8042=VERTEX_POINT('',#8041);
#8043=CARTESIAN_POINT('',(1.704661756012E2,3.416753092645E1,-7.096364997533E0));
#8044=CARTESIAN_POINT('',(1.750110692975E2,3.416753092645E1,-7.096364997533E0));
#8045=VERTEX_POINT('',#8043);
#8046=VERTEX_POINT('',#8044);
#8047=CARTESIAN_POINT('',(1.704661756012E2,3.688107264488E1,-7.096364997533E0));
#8048=VERTEX_POINT('',#8047);
#8049=CARTESIAN_POINT('',(1.704661756012E2,3.785794764488E1,-7.096364997533E0));
#8050=VERTEX_POINT('',#8049);
#8051=CARTESIAN_POINT('',(1.756761756012E2,3.785794764488E1,-7.096364997533E0));
#8052=VERTEX_POINT('',#8051);
#8053=CARTESIAN_POINT('',(1.756761756012E2,3.720669764488E1,-7.096364997533E0));
#8054=VERTEX_POINT('',#8053);
#8055=CARTESIAN_POINT('',(1.712421330332E2,3.720669764488E1,-7.096364997533E0));
#8056=VERTEX_POINT('',#8055);
#8057=CARTESIAN_POINT('',(1.756761756012E2,3.449315592645E1,-7.096364997533E0));
#8058=VERTEX_POINT('',#8057);
#8059=CARTESIAN_POINT('',(1.756761756012E2,3.351628092645E1,-7.096364997533E0));
#8060=VERTEX_POINT('',#8059);
#8061=CARTESIAN_POINT('',(1.704661756012E2,3.351628092645E1,-7.096364997533E0));
#8062=VERTEX_POINT('',#8061);
#8063=CARTESIAN_POINT('',(1.756761756012E2,4.567294764488E1,-7.096364997533E0));
#8064=CARTESIAN_POINT('',(1.755653245506E2,4.513023889749E1,-7.096364997533E0));
#8065=VERTEX_POINT('',#8063);
#8066=VERTEX_POINT('',#8064);
#8067=CARTESIAN_POINT('',(1.753436224494E2,4.469607264488E1,-7.096364997533E0));
#8068=VERTEX_POINT('',#8067);
#8069=CARTESIAN_POINT('',(1.749002182469E2,4.426190639226E1,-7.096364997533E0));
#8070=VERTEX_POINT('',#8069);
#8071=CARTESIAN_POINT('',(1.744568140445E2,4.404482264488E1,-7.096364997533E0));
#8072=VERTEX_POINT('',#8071);
#8073=CARTESIAN_POINT('',(1.739025584809E2,4.393628139226E1,-7.096364997533E0));
#8074=VERTEX_POINT('',#8073);
#8075=CARTESIAN_POINT('',(1.722397925664E2,4.393628139226E1,-7.096364997533E0));
#8076=VERTEX_POINT('',#8075);
#8077=CARTESIAN_POINT('',(1.716855373133E2,4.404482264488E1,-7.096364997533E0));
#8078=VERTEX_POINT('',#8077);
#8079=CARTESIAN_POINT('',(1.712421330332E2,4.426190639226E1,-7.096364997533E0));
#8080=VERTEX_POINT('',#8079);
#8081=CARTESIAN_POINT('',(1.707987287919E2,4.469607264488E1,-7.096364997533E0));
#8082=VERTEX_POINT('',#8081);
#8083=CARTESIAN_POINT('',(1.705770266616E2,4.513023889749E1,-7.096364997533E0));
#8084=VERTEX_POINT('',#8083);
#8085=CARTESIAN_POINT('',(1.704661756012E2,4.567294764488E1,-7.096364997533E0));
#8086=VERTEX_POINT('',#8085);
#8087=CARTESIAN_POINT('',(1.704661756012E2,4.654128139226E1,-7.096364997533E0));
#8088=VERTEX_POINT('',#8087);
#8089=CARTESIAN_POINT('',(1.705770266616E2,4.708398889749E1,-7.096364997533E0));
#8090=VERTEX_POINT('',#8089);
#8091=CARTESIAN_POINT('',(1.707987287919E2,4.751815639226E1,-7.096364997533E0));
#8092=VERTEX_POINT('',#8091);
#8093=CARTESIAN_POINT('',(1.712421330332E2,4.795232264488E1,-7.096364997533E0));
#8094=VERTEX_POINT('',#8093);
#8095=CARTESIAN_POINT('',(1.716855373133E2,4.816940639226E1,-7.096364997533E0));
#8096=VERTEX_POINT('',#8095);
#8097=CARTESIAN_POINT('',(1.722397925664E2,4.827794764488E1,-7.096364997533E0));
#8098=VERTEX_POINT('',#8097);
#8099=CARTESIAN_POINT('',(1.739025584809E2,4.827794764488E1,-7.096364997533E0));
#8100=VERTEX_POINT('',#8099);
#8101=CARTESIAN_POINT('',(1.744568140445E2,4.816940639226E1,-7.096364997533E0));
#8102=VERTEX_POINT('',#8101);
#8103=CARTESIAN_POINT('',(1.749002182469E2,4.795232264488E1,-7.096364997533E0));
#8104=VERTEX_POINT('',#8103);
#8105=CARTESIAN_POINT('',(1.753436224494E2,4.751815639226E1,-7.096364997533E0));
#8106=VERTEX_POINT('',#8105);
#8107=CARTESIAN_POINT('',(1.755653245506E2,4.708398889749E1,-7.096364997533E0));
#8108=VERTEX_POINT('',#8107);
#8109=CARTESIAN_POINT('',(1.756761756012E2,4.654128139226E1,-7.096364997533E0));
#8110=VERTEX_POINT('',#8109);
#8111=CARTESIAN_POINT('',(1.750110692975E2,4.567294764488E1,-7.096364997533E0));
#8112=CARTESIAN_POINT('',(1.750110692975E2,4.654128139226E1,-7.096364997533E0));
#8113=VERTEX_POINT('',#8111);
#8114=VERTEX_POINT('',#8112);
#8115=CARTESIAN_POINT('',(1.749002182469E2,4.697544764488E1,-7.096364997533E0));
#8116=VERTEX_POINT('',#8115);
#8117=CARTESIAN_POINT('',(1.746785161457E2,4.730107264488E1,-7.096364997533E0));
#8118=VERTEX_POINT('',#8117);
#8119=CARTESIAN_POINT('',(1.743459626833E2,4.751815639226E1,-7.096364997533E0));
#8120=VERTEX_POINT('',#8119);
#8121=CARTESIAN_POINT('',(1.739025584809E2,4.762669764488E1,-7.096364997533E0));
#8122=VERTEX_POINT('',#8121);
#8123=CARTESIAN_POINT('',(1.722397925664E2,4.762669764488E1,-7.096364997533E0));
#8124=VERTEX_POINT('',#8123);
#8125=CARTESIAN_POINT('',(1.717963883639E2,4.751815639226E1,-7.096364997533E0));
#8126=VERTEX_POINT('',#8125);
#8127=CARTESIAN_POINT('',(1.714638352120E2,4.730107264488E1,-7.096364997533E0));
#8128=VERTEX_POINT('',#8127);
#8129=CARTESIAN_POINT('',(1.712421330332E2,4.697544764488E1,-7.096364997533E0));
#8130=VERTEX_POINT('',#8129);
#8131=CARTESIAN_POINT('',(1.711312819826E2,4.654128139226E1,-7.096364997533E0));
#8132=VERTEX_POINT('',#8131);
#8133=CARTESIAN_POINT('',(1.711312819826E2,4.567294764488E1,-7.096364997533E0));
#8134=VERTEX_POINT('',#8133);
#8135=CARTESIAN_POINT('',(1.712421330332E2,4.523878139226E1,-7.096364997533E0));
#8136=VERTEX_POINT('',#8135);
#8137=CARTESIAN_POINT('',(1.714638352120E2,4.491315639226E1,-7.096364997533E0));
#8138=VERTEX_POINT('',#8137);
#8139=CARTESIAN_POINT('',(1.717963883639E2,4.469607264488E1,-7.096364997533E0));
#8140=VERTEX_POINT('',#8139);
#8141=CARTESIAN_POINT('',(1.722397925664E2,4.458753139226E1,-7.096364997533E0));
#8142=VERTEX_POINT('',#8141);
#8143=CARTESIAN_POINT('',(1.739025584809E2,4.458753139226E1,-7.096364997533E0));
#8144=VERTEX_POINT('',#8143);
#8145=CARTESIAN_POINT('',(1.743459626833E2,4.469607264488E1,-7.096364997533E0));
#8146=VERTEX_POINT('',#8145);
#8147=CARTESIAN_POINT('',(1.746785161457E2,4.491315639226E1,-7.096364997533E0));
#8148=VERTEX_POINT('',#8147);
#8149=CARTESIAN_POINT('',(1.749002182469E2,4.523878139226E1,-7.096364997533E0));
#8150=VERTEX_POINT('',#8149);
#8151=CARTESIAN_POINT('',(1.722397925664E2,5.305378015010E1,-7.096364997533E0));
#8152=CARTESIAN_POINT('',(1.756761756012E2,5.305378015010E1,-7.096364997533E0));
#8153=VERTEX_POINT('',#8151);
#8154=VERTEX_POINT('',#8152);
#8155=CARTESIAN_POINT('',(1.756761756012E2,5.240253139226E1,-7.096364997533E0));
#8156=VERTEX_POINT('',#8155);
#8157=CARTESIAN_POINT('',(1.722397925664E2,5.240253139226E1,-7.096364997533E0));
#8158=VERTEX_POINT('',#8157);
#8159=CARTESIAN_POINT('',(1.717963883639E2,5.229398889749E1,-7.096364997533E0));
#8160=VERTEX_POINT('',#8159);
#8161=CARTESIAN_POINT('',(1.714638352120E2,5.207690639226E1,-7.096364997533E0));
#8162=VERTEX_POINT('',#8161);
#8163=CARTESIAN_POINT('',(1.712421330332E2,5.175128139226E1,-7.096364997533E0));
#8164=VERTEX_POINT('',#8163);
#8165=CARTESIAN_POINT('',(1.711312819826E2,5.131711389749E1,-7.096364997533E0));
#8166=VERTEX_POINT('',#8165);
#8167=CARTESIAN_POINT('',(1.711312819826E2,5.088294764488E1,-7.096364997533E0));
#8168=VERTEX_POINT('',#8167);
#8169=CARTESIAN_POINT('',(1.712421330332E2,5.044878139226E1,-7.096364997533E0));
#8170=VERTEX_POINT('',#8169);
#8171=CARTESIAN_POINT('',(1.714638352120E2,5.012315639226E1,-7.096364997533E0));
#8172=VERTEX_POINT('',#8171);
#8173=CARTESIAN_POINT('',(1.717963883639E2,4.990607264488E1,-7.096364997533E0));
#8174=VERTEX_POINT('',#8173);
#8175=CARTESIAN_POINT('',(1.722397925664E2,4.979753139226E1,-7.096364997533E0));
#8176=VERTEX_POINT('',#8175);
#8177=CARTESIAN_POINT('',(1.756761756012E2,4.979753139226E1,-7.096364997533E0));
#8178=VERTEX_POINT('',#8177);
#8179=CARTESIAN_POINT('',(1.756761756012E2,4.914628139226E1,-7.096364997533E0));
#8180=VERTEX_POINT('',#8179);
#8181=CARTESIAN_POINT('',(1.722397925664E2,4.914628139226E1,-7.096364997533E0));
#8182=VERTEX_POINT('',#8181);
#8183=CARTESIAN_POINT('',(1.716855373133E2,4.925482264488E1,-7.096364997533E0));
#8184=VERTEX_POINT('',#8183);
#8185=CARTESIAN_POINT('',(1.712421330332E2,4.947190639226E1,-7.096364997533E0));
#8186=VERTEX_POINT('',#8185);
#8187=CARTESIAN_POINT('',(1.707987287919E2,4.990607264488E1,-7.096364997533E0));
#8188=VERTEX_POINT('',#8187);
#8189=CARTESIAN_POINT('',(1.705770266616E2,5.034023889749E1,-7.096364997533E0));
#8190=VERTEX_POINT('',#8189);
#8191=CARTESIAN_POINT('',(1.704661756012E2,5.088294764488E1,-7.096364997533E0));
#8192=VERTEX_POINT('',#8191);
#8193=CARTESIAN_POINT('',(1.704661756012E2,5.131711389749E1,-7.096364997533E0));
#8194=VERTEX_POINT('',#8193);
#8195=CARTESIAN_POINT('',(1.705770266616E2,5.185982264488E1,-7.096364997533E0));
#8196=VERTEX_POINT('',#8195);
#8197=CARTESIAN_POINT('',(1.707987287919E2,5.229398889749E1,-7.096364997533E0));
#8198=VERTEX_POINT('',#8197);
#8199=CARTESIAN_POINT('',(1.712421330332E2,5.272815639226E1,-7.096364997533E0));
#8200=VERTEX_POINT('',#8199);
#8201=CARTESIAN_POINT('',(1.716855373133E2,5.294524013965E1,-7.096364997533E0));
#8202=VERTEX_POINT('',#8201);
#8203=CARTESIAN_POINT('',(1.756761756012E2,5.804669764488E1,-7.096364997533E0));
#8204=CARTESIAN_POINT('',(1.756761756012E2,5.392211513965E1,-7.096364997533E0));
#8205=VERTEX_POINT('',#8203);
#8206=VERTEX_POINT('',#8204);
#8207=CARTESIAN_POINT('',(1.751219203482E2,5.392211513965E1,-7.096364997533E0));
#8208=VERTEX_POINT('',#8207);
#8209=CARTESIAN_POINT('',(1.751219203482E2,5.565878015010E1,-7.096364997533E0));
#8210=VERTEX_POINT('',#8209);
#8211=CARTESIAN_POINT('',(1.704661756012E2,5.565878015010E1,-7.096364997533E0));
#8212=VERTEX_POINT('',#8211);
#8213=CARTESIAN_POINT('',(1.704661756012E2,5.631003015010E1,-7.096364997533E0));
#8214=VERTEX_POINT('',#8213);
#8215=CARTESIAN_POINT('',(1.751219203482E2,5.631003015010E1,-7.096364997533E0));
#8216=VERTEX_POINT('',#8215);
#8217=CARTESIAN_POINT('',(1.751219203482E2,5.804669764488E1,-7.096364997533E0));
#8218=VERTEX_POINT('',#8217);
#8219=CARTESIAN_POINT('',(1.613131271103E2,3.221244386093E1,-7.096364997533E0));
#8220=CARTESIAN_POINT('',(1.612705739239E2,3.200411051766E1,-7.096364997533E0));
#8221=VERTEX_POINT('',#8219);
#8222=VERTEX_POINT('',#8220);
#8223=CARTESIAN_POINT('',(1.611854675511E2,3.183744383113E1,-7.096364997533E0));
#8224=VERTEX_POINT('',#8223);
#8225=CARTESIAN_POINT('',(1.610152548054E2,3.167077717439E1,-7.096364997533E0));
#8226=VERTEX_POINT('',#8225);
#8227=CARTESIAN_POINT('',(1.608450420597E2,3.158744384230E1,-7.096364997533E0));
#8228=VERTEX_POINT('',#8227);
#8229=CARTESIAN_POINT('',(1.606322760084E2,3.154577717439E1,-7.096364997533E0));
#8230=VERTEX_POINT('',#8229);
#8231=CARTESIAN_POINT('',(1.599939781526E2,3.154577717439E1,-7.096364997533E0));
#8232=VERTEX_POINT('',#8231);
#8233=CARTESIAN_POINT('',(1.597812122205E2,3.158744384230E1,-7.096364997533E0));
#8234=VERTEX_POINT('',#8233);
#8235=CARTESIAN_POINT('',(1.596109994450E2,3.167077717439E1,-7.096364997533E0));
#8236=VERTEX_POINT('',#8235);
#8237=CARTESIAN_POINT('',(1.594407866845E2,3.183744383113E1,-7.096364997533E0));
#8238=VERTEX_POINT('',#8237);
#8239=CARTESIAN_POINT('',(1.593556803004E2,3.200411051766E1,-7.096364997533E0));
#8240=VERTEX_POINT('',#8239);
#8241=CARTESIAN_POINT('',(1.593131271103E2,3.221244386093E1,-7.096364997533E0));
#8242=VERTEX_POINT('',#8241);
#8243=CARTESIAN_POINT('',(1.593131271103E2,3.254577717439E1,-7.096364997533E0));
#8244=VERTEX_POINT('',#8243);
#8245=CARTESIAN_POINT('',(1.593556803004E2,3.275411054746E1,-7.096364997533E0));
#8246=VERTEX_POINT('',#8245);
#8247=CARTESIAN_POINT('',(1.594407866845E2,3.292077717439E1,-7.096364997533E0));
#8248=VERTEX_POINT('',#8247);
#8249=CARTESIAN_POINT('',(1.596109994450E2,3.308744380132E1,-7.096364997533E0));
#8250=VERTEX_POINT('',#8249);
#8251=CARTESIAN_POINT('',(1.597812122205E2,3.317077717439E1,-7.096364997533E0));
#8252=VERTEX_POINT('',#8251);
#8253=CARTESIAN_POINT('',(1.599939781526E2,3.321244380132E1,-7.096364997533E0));
#8254=VERTEX_POINT('',#8253);
#8255=CARTESIAN_POINT('',(1.606322760084E2,3.321244380132E1,-7.096364997533E0));
#8256=VERTEX_POINT('',#8255);
#8257=CARTESIAN_POINT('',(1.608450420597E2,3.317077717439E1,-7.096364997533E0));
#8258=VERTEX_POINT('',#8257);
#8259=CARTESIAN_POINT('',(1.610152548054E2,3.308744380132E1,-7.096364997533E0));
#8260=VERTEX_POINT('',#8259);
#8261=CARTESIAN_POINT('',(1.611854675511E2,3.292077717439E1,-7.096364997533E0));
#8262=VERTEX_POINT('',#8261);
#8263=CARTESIAN_POINT('',(1.612705739239E2,3.275411054746E1,-7.096364997533E0));
#8264=VERTEX_POINT('',#8263);
#8265=CARTESIAN_POINT('',(1.613131271103E2,3.254577717439E1,-7.096364997533E0));
#8266=VERTEX_POINT('',#8265);
#8267=CARTESIAN_POINT('',(1.610578079918E2,3.221244386093E1,-7.096364997533E0));
#8268=CARTESIAN_POINT('',(1.610578079918E2,3.254577717439E1,-7.096364997533E0));
#8269=VERTEX_POINT('',#8267);
#8270=VERTEX_POINT('',#8268);
#8271=CARTESIAN_POINT('',(1.610152548054E2,3.271244380132E1,-7.096364997533E0));
#8272=VERTEX_POINT('',#8271);
#8273=CARTESIAN_POINT('',(1.609301484326E2,3.283744380132E1,-7.096364997533E0));
#8274=VERTEX_POINT('',#8273);
#8275=CARTESIAN_POINT('',(1.608024887541E2,3.292077717439E1,-7.096364997533E0));
#8276=VERTEX_POINT('',#8275);
#8277=CARTESIAN_POINT('',(1.606322760084E2,3.296244380132E1,-7.096364997533E0));
#8278=VERTEX_POINT('',#8277);
#8279=CARTESIAN_POINT('',(1.599939781526E2,3.296244380132E1,-7.096364997533E0));
#8280=VERTEX_POINT('',#8279);
#8281=CARTESIAN_POINT('',(1.598237654069E2,3.292077717439E1,-7.096364997533E0));
#8282=VERTEX_POINT('',#8281);
#8283=CARTESIAN_POINT('',(1.596961058477E2,3.283744380132E1,-7.096364997533E0));
#8284=VERTEX_POINT('',#8283);
#8285=CARTESIAN_POINT('',(1.596109994450E2,3.271244380132E1,-7.096364997533E0));
#8286=VERTEX_POINT('',#8285);
#8287=CARTESIAN_POINT('',(1.595684462586E2,3.254577717439E1,-7.096364997533E0));
#8288=VERTEX_POINT('',#8287);
#8289=CARTESIAN_POINT('',(1.595684462586E2,3.221244386093E1,-7.096364997533E0));
#8290=VERTEX_POINT('',#8289);
#8291=CARTESIAN_POINT('',(1.596109994450E2,3.204577717439E1,-7.096364997533E0));
#8292=VERTEX_POINT('',#8291);
#8293=CARTESIAN_POINT('',(1.596961058477E2,3.192077717439E1,-7.096364997533E0));
#8294=VERTEX_POINT('',#8293);
#8295=CARTESIAN_POINT('',(1.598237654069E2,3.183744383113E1,-7.096364997533E0));
#8296=VERTEX_POINT('',#8295);
#8297=CARTESIAN_POINT('',(1.599939781526E2,3.179577717439E1,-7.096364997533E0));
#8298=VERTEX_POINT('',#8297);
#8299=CARTESIAN_POINT('',(1.606322760084E2,3.179577717439E1,-7.096364997533E0));
#8300=VERTEX_POINT('',#8299);
#8301=CARTESIAN_POINT('',(1.608024887541E2,3.183744383113E1,-7.096364997533E0));
#8302=VERTEX_POINT('',#8301);
#8303=CARTESIAN_POINT('',(1.609301484326E2,3.192077717439E1,-7.096364997533E0));
#8304=VERTEX_POINT('',#8303);
#8305=CARTESIAN_POINT('',(1.610152548054E2,3.204577717439E1,-7.096364997533E0));
#8306=VERTEX_POINT('',#8305);
#8307=CARTESIAN_POINT('',(1.593131271103E2,3.375411042825E1,-7.096364997533E0));
#8308=CARTESIAN_POINT('',(1.602918505171E2,3.375411042825E1,-7.096364997533E0));
#8309=VERTEX_POINT('',#8307);
#8310=VERTEX_POINT('',#8308);
#8311=CARTESIAN_POINT('',(1.603769568899E2,3.383744392053E1,-7.096364997533E0));
#8312=VERTEX_POINT('',#8311);
#8313=CARTESIAN_POINT('',(1.604620632628E2,3.396244392053E1,-7.096364997533E0));
#8314=VERTEX_POINT('',#8313);
#8315=CARTESIAN_POINT('',(1.605046164492E2,3.412911042825E1,-7.096364997533E0));
#8316=VERTEX_POINT('',#8315);
#8317=CARTESIAN_POINT('',(1.604620632628E2,3.429577717439E1,-7.096364997533E0));
#8318=VERTEX_POINT('',#8317);
#8319=CARTESIAN_POINT('',(1.604195100763E2,3.437911042825E1,-7.096364997533E0));
#8320=VERTEX_POINT('',#8319);
#8321=CARTESIAN_POINT('',(1.603344037035E2,3.446244392053E1,-7.096364997533E0));
#8322=VERTEX_POINT('',#8321);
#8323=CARTESIAN_POINT('',(1.601216377714E2,3.450411042825E1,-7.096364997533E0));
#8324=VERTEX_POINT('',#8323);
#8325=CARTESIAN_POINT('',(1.593131271103E2,3.450411042825E1,-7.096364997533E0));
#8326=VERTEX_POINT('',#8325);
#8327=CARTESIAN_POINT('',(1.593131271103E2,3.471244392053E1,-7.096364997533E0));
#8328=VERTEX_POINT('',#8327);
#8329=CARTESIAN_POINT('',(1.601216377714E2,3.471244392053E1,-7.096364997533E0));
#8330=VERTEX_POINT('',#8329);
#8331=CARTESIAN_POINT('',(1.603344037035E2,3.467077717439E1,-7.096364997533E0));
#8332=VERTEX_POINT('',#8331);
#8333=CARTESIAN_POINT('',(1.604620632628E2,3.462911042825E1,-7.096364997533E0));
#8334=VERTEX_POINT('',#8333);
#8335=CARTESIAN_POINT('',(1.605471696356E2,3.454577717439E1,-7.096364997533E0));
#8336=VERTEX_POINT('',#8335);
#8337=CARTESIAN_POINT('',(1.606322760084E2,3.442077717439E1,-7.096364997533E0));
#8338=VERTEX_POINT('',#8337);
#8339=CARTESIAN_POINT('',(1.606748291948E2,3.429577717439E1,-7.096364997533E0));
#8340=VERTEX_POINT('',#8339);
#8341=CARTESIAN_POINT('',(1.606748291948E2,3.412911042825E1,-7.096364997533E0));
#8342=VERTEX_POINT('',#8341);
#8343=CARTESIAN_POINT('',(1.606322760084E2,3.396244392053E1,-7.096364997533E0));
#8344=VERTEX_POINT('',#8343);
#8345=CARTESIAN_POINT('',(1.605471696356E2,3.383744392053E1,-7.096364997533E0));
#8346=VERTEX_POINT('',#8345);
#8347=CARTESIAN_POINT('',(1.604620632628E2,3.375411042825E1,-7.096364997533E0));
#8348=VERTEX_POINT('',#8347);
#8349=CARTESIAN_POINT('',(1.606748291948E2,3.375411042825E1,-7.096364997533E0));
#8350=VERTEX_POINT('',#8349);
#8351=CARTESIAN_POINT('',(1.606748291948E2,3.354577717439E1,-7.096364997533E0));
#8352=VERTEX_POINT('',#8351);
#8353=CARTESIAN_POINT('',(1.593131271103E2,3.354577717439E1,-7.096364997533E0));
#8354=VERTEX_POINT('',#8353);
#8355=CARTESIAN_POINT('',(1.593131271103E2,3.525411042825E1,-7.096364997533E0));
#8356=CARTESIAN_POINT('',(1.595258930722E2,3.525411042825E1,-7.096364997533E0));
#8357=VERTEX_POINT('',#8355);
#8358=VERTEX_POINT('',#8356);
#8359=CARTESIAN_POINT('',(1.595258930722E2,3.504577717439E1,-7.096364997533E0));
#8360=VERTEX_POINT('',#8359);
#8361=CARTESIAN_POINT('',(1.593131271103E2,3.504577717439E1,-7.096364997533E0));
#8362=VERTEX_POINT('',#8361);
#8363=CARTESIAN_POINT('',(1.603344037035E2,3.525411042825E1,-7.096364997533E0));
#8364=CARTESIAN_POINT('',(1.605471696356E2,3.525411042825E1,-7.096364997533E0));
#8365=VERTEX_POINT('',#8363);
#8366=VERTEX_POINT('',#8364);
#8367=CARTESIAN_POINT('',(1.605471696356E2,3.504577717439E1,-7.096364997533E0));
#8368=VERTEX_POINT('',#8367);
#8369=CARTESIAN_POINT('',(1.603344037035E2,3.504577717439E1,-7.096364997533E0));
#8370=VERTEX_POINT('',#8369);
#8371=CARTESIAN_POINT('',(1.603344037035E2,3.779577717439E1,-7.096364997533E0));
#8372=CARTESIAN_POINT('',(1.604195100763E2,3.783744368211E1,-7.096364997533E0));
#8373=VERTEX_POINT('',#8371);
#8374=VERTEX_POINT('',#8372);
#8375=CARTESIAN_POINT('',(1.604620632628E2,3.792077717439E1,-7.096364997533E0));
#8376=VERTEX_POINT('',#8375);
#8377=CARTESIAN_POINT('',(1.605046164492E2,3.808744368211E1,-7.096364997533E0));
#8378=VERTEX_POINT('',#8377);
#8379=CARTESIAN_POINT('',(1.605046164492E2,3.833744368211E1,-7.096364997533E0));
#8380=VERTEX_POINT('',#8379);
#8381=CARTESIAN_POINT('',(1.604620632628E2,3.858744368211E1,-7.096364997533E0));
#8382=VERTEX_POINT('',#8381);
#8383=CARTESIAN_POINT('',(1.604195100763E2,3.867077717439E1,-7.096364997533E0));
#8384=VERTEX_POINT('',#8383);
#8385=CARTESIAN_POINT('',(1.603344037035E2,3.871244368211E1,-7.096364997533E0));
#8386=VERTEX_POINT('',#8385);
#8387=CARTESIAN_POINT('',(1.603344037035E2,3.892077717439E1,-7.096364997533E0));
#8388=VERTEX_POINT('',#8387);
#8389=CARTESIAN_POINT('',(1.605046164492E2,3.883744368211E1,-7.096364997533E0));
#8390=VERTEX_POINT('',#8389);
#8391=CARTESIAN_POINT('',(1.605897228220E2,3.871244368211E1,-7.096364997533E0));
#8392=VERTEX_POINT('',#8391);
#8393=CARTESIAN_POINT('',(1.606322760084E2,3.858744368211E1,-7.096364997533E0));
#8394=VERTEX_POINT('',#8393);
#8395=CARTESIAN_POINT('',(1.606748291948E2,3.833744368211E1,-7.096364997533E0));
#8396=VERTEX_POINT('',#8395);
#8397=CARTESIAN_POINT('',(1.606748291948E2,3.808744368211E1,-7.096364997533E0));
#8398=VERTEX_POINT('',#8397);
#8399=CARTESIAN_POINT('',(1.606322760084E2,3.783744368211E1,-7.096364997533E0));
#8400=VERTEX_POINT('',#8399);
#8401=CARTESIAN_POINT('',(1.605471696356E2,3.767077717439E1,-7.096364997533E0));
#8402=VERTEX_POINT('',#8401);
#8403=CARTESIAN_POINT('',(1.604195100763E2,3.758744368211E1,-7.096364997533E0));
#8404=VERTEX_POINT('',#8403);
#8405=CARTESIAN_POINT('',(1.603344037035E2,3.758744368211E1,-7.096364997533E0));
#8406=VERTEX_POINT('',#8405);
#8407=CARTESIAN_POINT('',(1.601641909578E2,3.767077717439E1,-7.096364997533E0));
#8408=VERTEX_POINT('',#8407);
#8409=CARTESIAN_POINT('',(1.600365313390E2,3.783744368211E1,-7.096364997533E0));
#8410=VERTEX_POINT('',#8409);
#8411=CARTESIAN_POINT('',(1.598237654069E2,3.854577717439E1,-7.096364997533E0));
#8412=VERTEX_POINT('',#8411);
#8413=CARTESIAN_POINT('',(1.597386590341E2,3.867077717439E1,-7.096364997533E0));
#8414=VERTEX_POINT('',#8413);
#8415=CARTESIAN_POINT('',(1.596535526314E2,3.871244368211E1,-7.096364997533E0));
#8416=VERTEX_POINT('',#8415);
#8417=CARTESIAN_POINT('',(1.595684462586E2,3.867077717439E1,-7.096364997533E0));
#8418=VERTEX_POINT('',#8417);
#8419=CARTESIAN_POINT('',(1.595258930722E2,3.858744368211E1,-7.096364997533E0));
#8420=VERTEX_POINT('',#8419);
#8421=CARTESIAN_POINT('',(1.594833398709E2,3.842077717439E1,-7.096364997533E0));
#8422=VERTEX_POINT('',#8421);
#8423=CARTESIAN_POINT('',(1.594833398709E2,3.817077717439E1,-7.096364997533E0));
#8424=VERTEX_POINT('',#8423);
#8425=CARTESIAN_POINT('',(1.595258930722E2,3.792077717439E1,-7.096364997533E0));
#8426=VERTEX_POINT('',#8425);
#8427=CARTESIAN_POINT('',(1.595684462586E2,3.783744368211E1,-7.096364997533E0));
#8428=VERTEX_POINT('',#8427);
#8429=CARTESIAN_POINT('',(1.596535526314E2,3.779577717439E1,-7.096364997533E0));
#8430=VERTEX_POINT('',#8429);
#8431=CARTESIAN_POINT('',(1.596535526314E2,3.758744368211E1,-7.096364997533E0));
#8432=VERTEX_POINT('',#8431);
#8433=CARTESIAN_POINT('',(1.594833398709E2,3.767077717439E1,-7.096364997533E0));
#8434=VERTEX_POINT('',#8433);
#8435=CARTESIAN_POINT('',(1.593982334906E2,3.779577717439E1,-7.096364997533E0));
#8436=VERTEX_POINT('',#8435);
#8437=CARTESIAN_POINT('',(1.593556803004E2,3.792077717439E1,-7.096364997533E0));
#8438=VERTEX_POINT('',#8437);
#8439=CARTESIAN_POINT('',(1.593131271103E2,3.817077717439E1,-7.096364997533E0));
#8440=VERTEX_POINT('',#8439);
#8441=CARTESIAN_POINT('',(1.593131271103E2,3.842077717439E1,-7.096364997533E0));
#8442=VERTEX_POINT('',#8441);
#8443=CARTESIAN_POINT('',(1.593556803004E2,3.867077717439E1,-7.096364997533E0));
#8444=VERTEX_POINT('',#8443);
#8445=CARTESIAN_POINT('',(1.594407866845E2,3.883744368211E1,-7.096364997533E0));
#8446=VERTEX_POINT('',#8445);
#8447=CARTESIAN_POINT('',(1.595684462586E2,3.892077717439E1,-7.096364997533E0));
#8448=VERTEX_POINT('',#8447);
#8449=CARTESIAN_POINT('',(1.596535526314E2,3.892077717439E1,-7.096364997533E0));
#8450=VERTEX_POINT('',#8449);
#8451=CARTESIAN_POINT('',(1.598237654069E2,3.883744368211E1,-7.096364997533E0));
#8452=VERTEX_POINT('',#8451);
#8453=CARTESIAN_POINT('',(1.599514249662E2,3.867077717439E1,-7.096364997533E0));
#8454=VERTEX_POINT('',#8453);
#8455=CARTESIAN_POINT('',(1.601641909578E2,3.796244368211E1,-7.096364997533E0));
#8456=VERTEX_POINT('',#8455);
#8457=CARTESIAN_POINT('',(1.602492973307E2,3.783744368211E1,-7.096364997533E0));
#8458=VERTEX_POINT('',#8457);
#8459=CARTESIAN_POINT('',(1.593131271103E2,3.946244368211E1,-7.096364997533E0));
#8460=CARTESIAN_POINT('',(1.602918505171E2,3.946244368211E1,-7.096364997533E0));
#8461=VERTEX_POINT('',#8459);
#8462=VERTEX_POINT('',#8460);
#8463=CARTESIAN_POINT('',(1.603769568899E2,3.954577717439E1,-7.096364997533E0));
#8464=VERTEX_POINT('',#8463);
#8465=CARTESIAN_POINT('',(1.604620632628E2,3.967077717439E1,-7.096364997533E0));
#8466=VERTEX_POINT('',#8465);
#8467=CARTESIAN_POINT('',(1.605046164492E2,3.983744415895E1,-7.096364997533E0));
#8468=VERTEX_POINT('',#8467);
#8469=CARTESIAN_POINT('',(1.604620632628E2,4.000411018983E1,-7.096364997533E0));
#8470=VERTEX_POINT('',#8469);
#8471=CARTESIAN_POINT('',(1.604195100763E2,4.008744415895E1,-7.096364997533E0));
#8472=VERTEX_POINT('',#8471);
#8473=CARTESIAN_POINT('',(1.603344037035E2,4.017077717439E1,-7.096364997533E0));
#8474=VERTEX_POINT('',#8473);
#8475=CARTESIAN_POINT('',(1.601641909578E2,4.021244415895E1,-7.096364997533E0));
#8476=VERTEX_POINT('',#8475);
#8477=CARTESIAN_POINT('',(1.593131271103E2,4.021244415895E1,-7.096364997533E0));
#8478=VERTEX_POINT('',#8477);
#8479=CARTESIAN_POINT('',(1.593131271103E2,4.042077717439E1,-7.096364997533E0));
#8480=VERTEX_POINT('',#8479);
#8481=CARTESIAN_POINT('',(1.601641909578E2,4.042077717439E1,-7.096364997533E0));
#8482=VERTEX_POINT('',#8481);
#8483=CARTESIAN_POINT('',(1.603769568899E2,4.037911018983E1,-7.096364997533E0));
#8484=VERTEX_POINT('',#8483);
#8485=CARTESIAN_POINT('',(1.604620632628E2,4.033744415895E1,-7.096364997533E0));
#8486=VERTEX_POINT('',#8485);
#8487=CARTESIAN_POINT('',(1.605471696356E2,4.025411018983E1,-7.096364997533E0));
#8488=VERTEX_POINT('',#8487);
#8489=CARTESIAN_POINT('',(1.606322760084E2,4.012911018983E1,-7.096364997533E0));
#8490=VERTEX_POINT('',#8489);
#8491=CARTESIAN_POINT('',(1.606748291948E2,4.000411018983E1,-7.096364997533E0));
#8492=VERTEX_POINT('',#8491);
#8493=CARTESIAN_POINT('',(1.606748291948E2,3.983744415895E1,-7.096364997533E0));
#8494=VERTEX_POINT('',#8493);
#8495=CARTESIAN_POINT('',(1.606322760084E2,3.967077717439E1,-7.096364997533E0));
#8496=VERTEX_POINT('',#8495);
#8497=CARTESIAN_POINT('',(1.605471696356E2,3.954577717439E1,-7.096364997533E0));
#8498=VERTEX_POINT('',#8497);
#8499=CARTESIAN_POINT('',(1.604620632628E2,3.946244368211E1,-7.096364997533E0));
#8500=VERTEX_POINT('',#8499);
#8501=CARTESIAN_POINT('',(1.613131271103E2,3.946244368211E1,-7.096364997533E0));
#8502=VERTEX_POINT('',#8501);
#8503=CARTESIAN_POINT('',(1.613131271103E2,3.925411066667E1,-7.096364997533E0));
#8504=VERTEX_POINT('',#8503);
#8505=CARTESIAN_POINT('',(1.593131271103E2,3.925411066667E1,-7.096364997533E0));
#8506=VERTEX_POINT('',#8505);
#8507=CARTESIAN_POINT('',(1.593131271103E2,4.125411018983E1,-7.096364997533E0));
#8508=CARTESIAN_POINT('',(1.593131271103E2,4.158744415895E1,-7.096364997533E0));
#8509=VERTEX_POINT('',#8507);
#8510=VERTEX_POINT('',#8508);
#8511=CARTESIAN_POINT('',(1.593556803004E2,4.175411018983E1,-7.096364997533E0));
#8512=VERTEX_POINT('',#8511);
#8513=CARTESIAN_POINT('',(1.593982334906E2,4.183744415895E1,-7.096364997533E0));
#8514=VERTEX_POINT('',#8513);
#8515=CARTESIAN_POINT('',(1.594833398709E2,4.192077717439E1,-7.096364997533E0));
#8516=VERTEX_POINT('',#8515);
#8517=CARTESIAN_POINT('',(1.596109994450E2,4.200411018983E1,-7.096364997533E0));
#8518=VERTEX_POINT('',#8517);
#8519=CARTESIAN_POINT('',(1.599088717797E2,4.208744415895E1,-7.096364997533E0));
#8520=VERTEX_POINT('',#8519);
#8521=CARTESIAN_POINT('',(1.600790845850E2,4.208744415895E1,-7.096364997533E0));
#8522=VERTEX_POINT('',#8521);
#8523=CARTESIAN_POINT('',(1.602492973307E2,4.204577717439E1,-7.096364997533E0));
#8524=VERTEX_POINT('',#8523);
#8525=CARTESIAN_POINT('',(1.603769568899E2,4.200411018983E1,-7.096364997533E0));
#8526=VERTEX_POINT('',#8525);
#8527=CARTESIAN_POINT('',(1.605046164492E2,4.192077717439E1,-7.096364997533E0));
#8528=VERTEX_POINT('',#8527);
#8529=CARTESIAN_POINT('',(1.605897228220E2,4.183744415895E1,-7.096364997533E0));
#8530=VERTEX_POINT('',#8529);
#8531=CARTESIAN_POINT('',(1.606322760084E2,4.175411018983E1,-7.096364997533E0));
#8532=VERTEX_POINT('',#8531);
#8533=CARTESIAN_POINT('',(1.606748291948E2,4.158744415895E1,-7.096364997533E0));
#8534=VERTEX_POINT('',#8533);
#8535=CARTESIAN_POINT('',(1.606748291948E2,4.125411018983E1,-7.096364997533E0));
#8536=VERTEX_POINT('',#8535);
#8537=CARTESIAN_POINT('',(1.606322760084E2,4.108744415895E1,-7.096364997533E0));
#8538=VERTEX_POINT('',#8537);
#8539=CARTESIAN_POINT('',(1.605897228220E2,4.100411018983E1,-7.096364997533E0));
#8540=VERTEX_POINT('',#8539);
#8541=CARTESIAN_POINT('',(1.605046164492E2,4.092077717439E1,-7.096364997533E0));
#8542=VERTEX_POINT('',#8541);
#8543=CARTESIAN_POINT('',(1.603769568899E2,4.083744415895E1,-7.096364997533E0));
#8544=VERTEX_POINT('',#8543);
#8545=CARTESIAN_POINT('',(1.602492973307E2,4.079577717439E1,-7.096364997533E0));
#8546=VERTEX_POINT('',#8545);
#8547=CARTESIAN_POINT('',(1.600790845850E2,4.075411018983E1,-7.096364997533E0));
#8548=VERTEX_POINT('',#8547);
#8549=CARTESIAN_POINT('',(1.599088717797E2,4.075411018983E1,-7.096364997533E0));
#8550=VERTEX_POINT('',#8549);
#8551=CARTESIAN_POINT('',(1.596109994450E2,4.083744415895E1,-7.096364997533E0));
#8552=VERTEX_POINT('',#8551);
#8553=CARTESIAN_POINT('',(1.594833398709E2,4.092077717439E1,-7.096364997533E0));
#8554=VERTEX_POINT('',#8553);
#8555=CARTESIAN_POINT('',(1.593982334906E2,4.100411018983E1,-7.096364997533E0));
#8556=VERTEX_POINT('',#8555);
#8557=CARTESIAN_POINT('',(1.593556803004E2,4.108744415895E1,-7.096364997533E0));
#8558=VERTEX_POINT('',#8557);
#8559=CARTESIAN_POINT('',(1.594833398709E2,4.133744415895E1,-7.096364997533E0));
#8560=CARTESIAN_POINT('',(1.595258930722E2,4.117077717439E1,-7.096364997533E0));
#8561=VERTEX_POINT('',#8559);
#8562=VERTEX_POINT('',#8560);
#8563=CARTESIAN_POINT('',(1.596109994450E2,4.108744415895E1,-7.096364997533E0));
#8564=VERTEX_POINT('',#8563);
#8565=CARTESIAN_POINT('',(1.597386590341E2,4.100411018983E1,-7.096364997533E0));
#8566=VERTEX_POINT('',#8565);
#8567=CARTESIAN_POINT('',(1.599088717797E2,4.096244415895E1,-7.096364997533E0));
#8568=VERTEX_POINT('',#8567);
#8569=CARTESIAN_POINT('',(1.600790845850E2,4.096244415895E1,-7.096364997533E0));
#8570=VERTEX_POINT('',#8569);
#8571=CARTESIAN_POINT('',(1.602492973307E2,4.100411018983E1,-7.096364997533E0));
#8572=VERTEX_POINT('',#8571);
#8573=CARTESIAN_POINT('',(1.603769568899E2,4.108744415895E1,-7.096364997533E0));
#8574=VERTEX_POINT('',#8573);
#8575=CARTESIAN_POINT('',(1.604620632628E2,4.117077717439E1,-7.096364997533E0));
#8576=VERTEX_POINT('',#8575);
#8577=CARTESIAN_POINT('',(1.605046164492E2,4.133744415895E1,-7.096364997533E0));
#8578=VERTEX_POINT('',#8577);
#8579=CARTESIAN_POINT('',(1.605046164492E2,4.150411018983E1,-7.096364997533E0));
#8580=VERTEX_POINT('',#8579);
#8581=CARTESIAN_POINT('',(1.604620632628E2,4.167077717439E1,-7.096364997533E0));
#8582=VERTEX_POINT('',#8581);
#8583=CARTESIAN_POINT('',(1.603769568899E2,4.175411018983E1,-7.096364997533E0));
#8584=VERTEX_POINT('',#8583);
#8585=CARTESIAN_POINT('',(1.602492973307E2,4.183744415895E1,-7.096364997533E0));
#8586=VERTEX_POINT('',#8585);
#8587=CARTESIAN_POINT('',(1.600790845850E2,4.187911018983E1,-7.096364997533E0));
#8588=VERTEX_POINT('',#8587);
#8589=CARTESIAN_POINT('',(1.599088717797E2,4.187911018983E1,-7.096364997533E0));
#8590=VERTEX_POINT('',#8589);
#8591=CARTESIAN_POINT('',(1.597386590341E2,4.183744415895E1,-7.096364997533E0));
#8592=VERTEX_POINT('',#8591);
#8593=CARTESIAN_POINT('',(1.596109994450E2,4.175411018983E1,-7.096364997533E0));
#8594=VERTEX_POINT('',#8593);
#8595=CARTESIAN_POINT('',(1.595258930722E2,4.167077717439E1,-7.096364997533E0));
#8596=VERTEX_POINT('',#8595);
#8597=CARTESIAN_POINT('',(1.594833398709E2,4.150411018983E1,-7.096364997533E0));
#8598=VERTEX_POINT('',#8597);
#8599=CARTESIAN_POINT('',(1.593131271103E2,4.262911018983E1,-7.096364997533E0));
#8600=CARTESIAN_POINT('',(1.601641909578E2,4.262911018983E1,-7.096364997533E0));
#8601=VERTEX_POINT('',#8599);
#8602=VERTEX_POINT('',#8600);
#8603=CARTESIAN_POINT('',(1.603344037035E2,4.275411018983E1,-7.096364997533E0));
#8604=VERTEX_POINT('',#8603);
#8605=CARTESIAN_POINT('',(1.604195100763E2,4.292077717439E1,-7.096364997533E0));
#8606=VERTEX_POINT('',#8605);
#8607=CARTESIAN_POINT('',(1.604620632628E2,4.317077717439E1,-7.096364997533E0));
#8608=VERTEX_POINT('',#8607);
#8609=CARTESIAN_POINT('',(1.606748291948E2,4.317077717439E1,-7.096364997533E0));
#8610=VERTEX_POINT('',#8609);
#8611=CARTESIAN_POINT('',(1.606322760084E2,4.296244415895E1,-7.096364997533E0));
#8612=VERTEX_POINT('',#8611);
#8613=CARTESIAN_POINT('',(1.605897228220E2,4.283744415895E1,-7.096364997533E0));
#8614=VERTEX_POINT('',#8613);
#8615=CARTESIAN_POINT('',(1.605046164492E2,4.271244415895E1,-7.096364997533E0));
#8616=VERTEX_POINT('',#8615);
#8617=CARTESIAN_POINT('',(1.604195100763E2,4.262911018983E1,-7.096364997533E0));
#8618=VERTEX_POINT('',#8617);
#8619=CARTESIAN_POINT('',(1.606748291948E2,4.262911018983E1,-7.096364997533E0));
#8620=VERTEX_POINT('',#8619);
#8621=CARTESIAN_POINT('',(1.606748291948E2,4.242077717439E1,-7.096364997533E0));
#8622=VERTEX_POINT('',#8621);
#8623=CARTESIAN_POINT('',(1.593131271103E2,4.242077717439E1,-7.096364997533E0));
#8624=VERTEX_POINT('',#8623);
#8625=CARTESIAN_POINT('',(1.594833398709E2,4.442077717439E1,-7.096364997533E0));
#8626=CARTESIAN_POINT('',(1.595258930722E2,4.421244415895E1,-7.096364997533E0));
#8627=VERTEX_POINT('',#8625);
#8628=VERTEX_POINT('',#8626);
#8629=CARTESIAN_POINT('',(1.596109994450E2,4.408744415895E1,-7.096364997533E0));
#8630=VERTEX_POINT('',#8629);
#8631=CARTESIAN_POINT('',(1.597386590341E2,4.404577717439E1,-7.096364997533E0));
#8632=VERTEX_POINT('',#8631);
#8633=CARTESIAN_POINT('',(1.605046164492E2,4.404577717439E1,-7.096364997533E0));
#8634=VERTEX_POINT('',#8633);
#8635=CARTESIAN_POINT('',(1.605046164492E2,4.450411018983E1,-7.096364997533E0));
#8636=VERTEX_POINT('',#8635);
#8637=CARTESIAN_POINT('',(1.606748291948E2,4.450411018983E1,-7.096364997533E0));
#8638=VERTEX_POINT('',#8637);
#8639=CARTESIAN_POINT('',(1.606748291948E2,4.404577717439E1,-7.096364997533E0));
#8640=VERTEX_POINT('',#8639);
#8641=CARTESIAN_POINT('',(1.610152548054E2,4.404577717439E1,-7.096364997533E0));
#8642=VERTEX_POINT('',#8641);
#8643=CARTESIAN_POINT('',(1.610152548054E2,4.383744415895E1,-7.096364997533E0));
#8644=VERTEX_POINT('',#8643);
#8645=CARTESIAN_POINT('',(1.606748291948E2,4.383744415895E1,-7.096364997533E0));
#8646=VERTEX_POINT('',#8645);
#8647=CARTESIAN_POINT('',(1.606748291948E2,4.350411018983E1,-7.096364997533E0));
#8648=VERTEX_POINT('',#8647);
#8649=CARTESIAN_POINT('',(1.605046164492E2,4.350411018983E1,-7.096364997533E0));
#8650=VERTEX_POINT('',#8649);
#8651=CARTESIAN_POINT('',(1.605046164492E2,4.383744415895E1,-7.096364997533E0));
#8652=VERTEX_POINT('',#8651);
#8653=CARTESIAN_POINT('',(1.596535526314E2,4.383744415895E1,-7.096364997533E0));
#8654=VERTEX_POINT('',#8653);
#8655=CARTESIAN_POINT('',(1.594833398709E2,4.392077717439E1,-7.096364997533E0));
#8656=VERTEX_POINT('',#8655);
#8657=CARTESIAN_POINT('',(1.593982334906E2,4.404577717439E1,-7.096364997533E0));
#8658=VERTEX_POINT('',#8657);
#8659=CARTESIAN_POINT('',(1.593556803004E2,4.417077717439E1,-7.096364997533E0));
#8660=VERTEX_POINT('',#8659);
#8661=CARTESIAN_POINT('',(1.593131271103E2,4.442077717439E1,-7.096364997533E0));
#8662=VERTEX_POINT('',#8661);
#8663=CARTESIAN_POINT('',(1.593131271103E2,4.704577717439E1,-7.096364997533E0));
#8664=CARTESIAN_POINT('',(1.601641909578E2,4.704577717439E1,-7.096364997533E0));
#8665=VERTEX_POINT('',#8663);
#8666=VERTEX_POINT('',#8664);
#8667=CARTESIAN_POINT('',(1.603344037035E2,4.717077717439E1,-7.096364997533E0));
#8668=VERTEX_POINT('',#8667);
#8669=CARTESIAN_POINT('',(1.604195100763E2,4.733744415895E1,-7.096364997533E0));
#8670=VERTEX_POINT('',#8669);
#8671=CARTESIAN_POINT('',(1.604620632628E2,4.758744320528E1,-7.096364997533E0));
#8672=VERTEX_POINT('',#8671);
#8673=CARTESIAN_POINT('',(1.606748291948E2,4.758744320528E1,-7.096364997533E0));
#8674=VERTEX_POINT('',#8673);
#8675=CARTESIAN_POINT('',(1.606322760084E2,4.737911018983E1,-7.096364997533E0));
#8676=VERTEX_POINT('',#8675);
#8677=CARTESIAN_POINT('',(1.605897228220E2,4.725411018983E1,-7.096364997533E0));
#8678=VERTEX_POINT('',#8677);
#8679=CARTESIAN_POINT('',(1.605046164492E2,4.712911018983E1,-7.096364997533E0));
#8680=VERTEX_POINT('',#8679);
#8681=CARTESIAN_POINT('',(1.604195100763E2,4.704577717439E1,-7.096364997533E0));
#8682=VERTEX_POINT('',#8681);
#8683=CARTESIAN_POINT('',(1.606748291948E2,4.704577717439E1,-7.096364997533E0));
#8684=VERTEX_POINT('',#8683);
#8685=CARTESIAN_POINT('',(1.606748291948E2,4.683744415895E1,-7.096364997533E0));
#8686=VERTEX_POINT('',#8685);
#8687=CARTESIAN_POINT('',(1.593131271103E2,4.683744415895E1,-7.096364997533E0));
#8688=VERTEX_POINT('',#8687);
#8689=CARTESIAN_POINT('',(1.593131271103E2,4.925411114351E1,-7.096364997533E0));
#8690=CARTESIAN_POINT('',(1.594407866845E2,4.921244320528E1,-7.096364997533E0));
#8691=VERTEX_POINT('',#8689);
#8692=VERTEX_POINT('',#8690);
#8693=CARTESIAN_POINT('',(1.596535526314E2,4.917077717439E1,-7.096364997533E0));
#8694=VERTEX_POINT('',#8693);
#8695=CARTESIAN_POINT('',(1.603344037035E2,4.917077717439E1,-7.096364997533E0));
#8696=VERTEX_POINT('',#8695);
#8697=CARTESIAN_POINT('',(1.604620632628E2,4.912911114351E1,-7.096364997533E0));
#8698=VERTEX_POINT('',#8697);
#8699=CARTESIAN_POINT('',(1.605471696356E2,4.904577717439E1,-7.096364997533E0));
#8700=VERTEX_POINT('',#8699);
#8701=CARTESIAN_POINT('',(1.606322760084E2,4.892077717439E1,-7.096364997533E0));
#8702=VERTEX_POINT('',#8701);
#8703=CARTESIAN_POINT('',(1.606748291948E2,4.867077717439E1,-7.096364997533E0));
#8704=VERTEX_POINT('',#8703);
#8705=CARTESIAN_POINT('',(1.606748291948E2,4.842077717439E1,-7.096364997533E0));
#8706=VERTEX_POINT('',#8705);
#8707=CARTESIAN_POINT('',(1.606322760084E2,4.812911114351E1,-7.096364997533E0));
#8708=VERTEX_POINT('',#8707);
#8709=CARTESIAN_POINT('',(1.605897228220E2,4.804577717439E1,-7.096364997533E0));
#8710=VERTEX_POINT('',#8709);
#8711=CARTESIAN_POINT('',(1.605046164492E2,4.796244320528E1,-7.096364997533E0));
#8712=VERTEX_POINT('',#8711);
#8713=CARTESIAN_POINT('',(1.604195100763E2,4.792077717439E1,-7.096364997533E0));
#8714=VERTEX_POINT('',#8713);
#8715=CARTESIAN_POINT('',(1.603344037035E2,4.792077717439E1,-7.096364997533E0));
#8716=VERTEX_POINT('',#8715);
#8717=CARTESIAN_POINT('',(1.603344037035E2,4.812911114351E1,-7.096364997533E0));
#8718=VERTEX_POINT('',#8717);
#8719=CARTESIAN_POINT('',(1.604195100763E2,4.817077717439E1,-7.096364997533E0));
#8720=VERTEX_POINT('',#8719);
#8721=CARTESIAN_POINT('',(1.604620632628E2,4.825411114351E1,-7.096364997533E0));
#8722=VERTEX_POINT('',#8721);
#8723=CARTESIAN_POINT('',(1.605046164492E2,4.842077717439E1,-7.096364997533E0));
#8724=VERTEX_POINT('',#8723);
#8725=CARTESIAN_POINT('',(1.605046164492E2,4.867077717439E1,-7.096364997533E0));
#8726=VERTEX_POINT('',#8725);
#8727=CARTESIAN_POINT('',(1.604620632628E2,4.883744320528E1,-7.096364997533E0));
#8728=VERTEX_POINT('',#8727);
#8729=CARTESIAN_POINT('',(1.604195100763E2,4.892077717439E1,-7.096364997533E0));
#8730=VERTEX_POINT('',#8729);
#8731=CARTESIAN_POINT('',(1.603344037035E2,4.896244320528E1,-7.096364997533E0));
#8732=VERTEX_POINT('',#8731);
#8733=CARTESIAN_POINT('',(1.602067441443E2,4.896244320528E1,-7.096364997533E0));
#8734=VERTEX_POINT('',#8733);
#8735=CARTESIAN_POINT('',(1.602067441443E2,4.850411114351E1,-7.096364997533E0));
#8736=VERTEX_POINT('',#8735);
#8737=CARTESIAN_POINT('',(1.601641909578E2,4.825411114351E1,-7.096364997533E0));
#8738=VERTEX_POINT('',#8737);
#8739=CARTESIAN_POINT('',(1.600790845850E2,4.808744320528E1,-7.096364997533E0));
#8740=VERTEX_POINT('',#8739);
#8741=CARTESIAN_POINT('',(1.599939781526E2,4.800411114351E1,-7.096364997533E0));
#8742=VERTEX_POINT('',#8741);
#8743=CARTESIAN_POINT('',(1.598237654069E2,4.792077717439E1,-7.096364997533E0));
#8744=VERTEX_POINT('',#8743);
#8745=CARTESIAN_POINT('',(1.596961058477E2,4.792077717439E1,-7.096364997533E0));
#8746=VERTEX_POINT('',#8745);
#8747=CARTESIAN_POINT('',(1.595258930722E2,4.796244320528E1,-7.096364997533E0));
#8748=VERTEX_POINT('',#8747);
#8749=CARTESIAN_POINT('',(1.593982334906E2,4.808744320528E1,-7.096364997533E0));
#8750=VERTEX_POINT('',#8749);
#8751=CARTESIAN_POINT('',(1.593556803004E2,4.817077717439E1,-7.096364997533E0));
#8752=VERTEX_POINT('',#8751);
#8753=CARTESIAN_POINT('',(1.593131271103E2,4.833744320528E1,-7.096364997533E0));
#8754=VERTEX_POINT('',#8753);
#8755=CARTESIAN_POINT('',(1.593131271103E2,4.858744320528E1,-7.096364997533E0));
#8756=VERTEX_POINT('',#8755);
#8757=CARTESIAN_POINT('',(1.593556803004E2,4.879577717439E1,-7.096364997533E0));
#8758=VERTEX_POINT('',#8757);
#8759=CARTESIAN_POINT('',(1.594407866845E2,4.892077717439E1,-7.096364997533E0));
#8760=VERTEX_POINT('',#8759);
#8761=CARTESIAN_POINT('',(1.595258930722E2,4.896244320528E1,-7.096364997533E0));
#8762=VERTEX_POINT('',#8761);
#8763=CARTESIAN_POINT('',(1.593982334906E2,4.900411114351E1,-7.096364997533E0));
#8764=VERTEX_POINT('',#8763);
#8765=CARTESIAN_POINT('',(1.593131271103E2,4.904577717439E1,-7.096364997533E0));
#8766=VERTEX_POINT('',#8765);
#8767=CARTESIAN_POINT('',(1.600365313390E2,4.896244320528E1,-7.096364997533E0));
#8768=CARTESIAN_POINT('',(1.597812122205E2,4.896244320528E1,-7.096364997533E0));
#8769=VERTEX_POINT('',#8767);
#8770=VERTEX_POINT('',#8768);
#8771=CARTESIAN_POINT('',(1.596961058477E2,4.892077717439E1,-7.096364997533E0));
#8772=VERTEX_POINT('',#8771);
#8773=CARTESIAN_POINT('',(1.595684462586E2,4.879577717439E1,-7.096364997533E0));
#8774=VERTEX_POINT('',#8773);
#8775=CARTESIAN_POINT('',(1.594833398709E2,4.858744320528E1,-7.096364997533E0));
#8776=VERTEX_POINT('',#8775);
#8777=CARTESIAN_POINT('',(1.594833398709E2,4.833744320528E1,-7.096364997533E0));
#8778=VERTEX_POINT('',#8777);
#8779=CARTESIAN_POINT('',(1.595684462586E2,4.817077717439E1,-7.096364997533E0));
#8780=VERTEX_POINT('',#8779);
#8781=CARTESIAN_POINT('',(1.596535526314E2,4.812911114351E1,-7.096364997533E0));
#8782=VERTEX_POINT('',#8781);
#8783=CARTESIAN_POINT('',(1.597386590341E2,4.812911114351E1,-7.096364997533E0));
#8784=VERTEX_POINT('',#8783);
#8785=CARTESIAN_POINT('',(1.598663185933E2,4.817077717439E1,-7.096364997533E0));
#8786=VERTEX_POINT('',#8785);
#8787=CARTESIAN_POINT('',(1.599514249662E2,4.825411114351E1,-7.096364997533E0));
#8788=VERTEX_POINT('',#8787);
#8789=CARTESIAN_POINT('',(1.599939781526E2,4.833744320528E1,-7.096364997533E0));
#8790=VERTEX_POINT('',#8789);
#8791=CARTESIAN_POINT('',(1.600365313390E2,4.850411114351E1,-7.096364997533E0));
#8792=VERTEX_POINT('',#8791);
#8793=CARTESIAN_POINT('',(1.593131271103E2,4.979577717439E1,-7.096364997533E0));
#8794=CARTESIAN_POINT('',(1.602918505171E2,4.979577717439E1,-7.096364997533E0));
#8795=VERTEX_POINT('',#8793);
#8796=VERTEX_POINT('',#8794);
#8797=CARTESIAN_POINT('',(1.603769568899E2,4.987911114351E1,-7.096364997533E0));
#8798=VERTEX_POINT('',#8797);
#8799=CARTESIAN_POINT('',(1.604620632628E2,5.000411114351E1,-7.096364997533E0));
#8800=VERTEX_POINT('',#8799);
#8801=CARTESIAN_POINT('',(1.605046164492E2,5.017077717439E1,-7.096364997533E0));
#8802=VERTEX_POINT('',#8801);
#8803=CARTESIAN_POINT('',(1.604620632628E2,5.033744320528E1,-7.096364997533E0));
#8804=VERTEX_POINT('',#8803);
#8805=CARTESIAN_POINT('',(1.604195100763E2,5.042077717439E1,-7.096364997533E0));
#8806=VERTEX_POINT('',#8805);
#8807=CARTESIAN_POINT('',(1.603344037035E2,5.050411114351E1,-7.096364997533E0));
#8808=VERTEX_POINT('',#8807);
#8809=CARTESIAN_POINT('',(1.601216377714E2,5.054577717439E1,-7.096364997533E0));
#8810=VERTEX_POINT('',#8809);
#8811=CARTESIAN_POINT('',(1.593131271103E2,5.054577717439E1,-7.096364997533E0));
#8812=VERTEX_POINT('',#8811);
#8813=CARTESIAN_POINT('',(1.593131271103E2,5.075411114351E1,-7.096364997533E0));
#8814=VERTEX_POINT('',#8813);
#8815=CARTESIAN_POINT('',(1.601216377714E2,5.075411114351E1,-7.096364997533E0));
#8816=VERTEX_POINT('',#8815);
#8817=CARTESIAN_POINT('',(1.603344037035E2,5.071244320528E1,-7.096364997533E0));
#8818=VERTEX_POINT('',#8817);
#8819=CARTESIAN_POINT('',(1.604620632628E2,5.067077717439E1,-7.096364997533E0));
#8820=VERTEX_POINT('',#8819);
#8821=CARTESIAN_POINT('',(1.605471696356E2,5.058744320528E1,-7.096364997533E0));
#8822=VERTEX_POINT('',#8821);
#8823=CARTESIAN_POINT('',(1.606322760084E2,5.046244320528E1,-7.096364997533E0));
#8824=VERTEX_POINT('',#8823);
#8825=CARTESIAN_POINT('',(1.606748291948E2,5.033744320528E1,-7.096364997533E0));
#8826=VERTEX_POINT('',#8825);
#8827=CARTESIAN_POINT('',(1.606748291948E2,5.017077717439E1,-7.096364997533E0));
#8828=VERTEX_POINT('',#8827);
#8829=CARTESIAN_POINT('',(1.606322760084E2,5.000411114351E1,-7.096364997533E0));
#8830=VERTEX_POINT('',#8829);
#8831=CARTESIAN_POINT('',(1.605471696356E2,4.987911114351E1,-7.096364997533E0));
#8832=VERTEX_POINT('',#8831);
#8833=CARTESIAN_POINT('',(1.604620632628E2,4.979577717439E1,-7.096364997533E0));
#8834=VERTEX_POINT('',#8833);
#8835=CARTESIAN_POINT('',(1.606748291948E2,4.979577717439E1,-7.096364997533E0));
#8836=VERTEX_POINT('',#8835);
#8837=CARTESIAN_POINT('',(1.606748291948E2,4.958744320528E1,-7.096364997533E0));
#8838=VERTEX_POINT('',#8837);
#8839=CARTESIAN_POINT('',(1.593131271103E2,4.958744320528E1,-7.096364997533E0));
#8840=VERTEX_POINT('',#8839);
#8841=CARTESIAN_POINT('',(1.591429143497E2,5.108744320528E1,-7.096364997533E0));
#8842=CARTESIAN_POINT('',(1.588875951865E2,5.117077717439E1,-7.096364997533E0));
#8843=VERTEX_POINT('',#8841);
#8844=VERTEX_POINT('',#8842);
#8845=CARTESIAN_POINT('',(1.587599356273E2,5.129577717439E1,-7.096364997533E0));
#8846=VERTEX_POINT('',#8845);
#8847=CARTESIAN_POINT('',(1.586748292545E2,5.142077717439E1,-7.096364997533E0));
#8848=VERTEX_POINT('',#8847);
#8849=CARTESIAN_POINT('',(1.586322760680E2,5.158744320528E1,-7.096364997533E0));
#8850=VERTEX_POINT('',#8849);
#8851=CARTESIAN_POINT('',(1.586322760680E2,5.183744320528E1,-7.096364997533E0));
#8852=VERTEX_POINT('',#8851);
#8853=CARTESIAN_POINT('',(1.586748292545E2,5.200411114351E1,-7.096364997533E0));
#8854=VERTEX_POINT('',#8853);
#8855=CARTESIAN_POINT('',(1.587173824409E2,5.212911114351E1,-7.096364997533E0));
#8856=VERTEX_POINT('',#8855);
#8857=CARTESIAN_POINT('',(1.588024888137E2,5.225411114351E1,-7.096364997533E0));
#8858=VERTEX_POINT('',#8857);
#8859=CARTESIAN_POINT('',(1.589301483729E2,5.233744320528E1,-7.096364997533E0));
#8860=VERTEX_POINT('',#8859);
#8861=CARTESIAN_POINT('',(1.592280207300E2,5.242077717439E1,-7.096364997533E0));
#8862=VERTEX_POINT('',#8861);
#8863=CARTESIAN_POINT('',(1.606748291948E2,5.242077717439E1,-7.096364997533E0));
#8864=VERTEX_POINT('',#8863);
#8865=CARTESIAN_POINT('',(1.606748291948E2,5.221244320528E1,-7.096364997533E0));
#8866=VERTEX_POINT('',#8865);
#8867=CARTESIAN_POINT('',(1.604195100763E2,5.221244320528E1,-7.096364997533E0));
#8868=VERTEX_POINT('',#8867);
#8869=CARTESIAN_POINT('',(1.605046164492E2,5.217077717439E1,-7.096364997533E0));
#8870=VERTEX_POINT('',#8869);
#8871=CARTESIAN_POINT('',(1.605897228220E2,5.208744320528E1,-7.096364997533E0));
#8872=VERTEX_POINT('',#8871);
#8873=CARTESIAN_POINT('',(1.606322760084E2,5.200411114351E1,-7.096364997533E0));
#8874=VERTEX_POINT('',#8873);
#8875=CARTESIAN_POINT('',(1.606748291948E2,5.183744320528E1,-7.096364997533E0));
#8876=VERTEX_POINT('',#8875);
#8877=CARTESIAN_POINT('',(1.606748291948E2,5.158744320528E1,-7.096364997533E0));
#8878=VERTEX_POINT('',#8877);
#8879=CARTESIAN_POINT('',(1.606322760084E2,5.142077717439E1,-7.096364997533E0));
#8880=VERTEX_POINT('',#8879);
#8881=CARTESIAN_POINT('',(1.605471696356E2,5.129577717439E1,-7.096364997533E0));
#8882=VERTEX_POINT('',#8881);
#8883=CARTESIAN_POINT('',(1.604195100763E2,5.117077717439E1,-7.096364997533E0));
#8884=VERTEX_POINT('',#8883);
#8885=CARTESIAN_POINT('',(1.603344037035E2,5.112911114351E1,-7.096364997533E0));
#8886=VERTEX_POINT('',#8885);
#8887=CARTESIAN_POINT('',(1.601641909578E2,5.108744320528E1,-7.096364997533E0));
#8888=VERTEX_POINT('',#8887);
#8889=CARTESIAN_POINT('',(1.598237654069E2,5.108744320528E1,-7.096364997533E0));
#8890=VERTEX_POINT('',#8889);
#8891=CARTESIAN_POINT('',(1.596535526314E2,5.112911114351E1,-7.096364997533E0));
#8892=VERTEX_POINT('',#8891);
#8893=CARTESIAN_POINT('',(1.595684462586E2,5.117077717439E1,-7.096364997533E0));
#8894=VERTEX_POINT('',#8893);
#8895=CARTESIAN_POINT('',(1.594407866845E2,5.129577717439E1,-7.096364997533E0));
#8896=VERTEX_POINT('',#8895);
#8897=CARTESIAN_POINT('',(1.593556803004E2,5.142077717439E1,-7.096364997533E0));
#8898=VERTEX_POINT('',#8897);
#8899=CARTESIAN_POINT('',(1.593131271103E2,5.158744320528E1,-7.096364997533E0));
#8900=VERTEX_POINT('',#8899);
#8901=CARTESIAN_POINT('',(1.593131271103E2,5.183744320528E1,-7.096364997533E0));
#8902=VERTEX_POINT('',#8901);
#8903=CARTESIAN_POINT('',(1.593556803004E2,5.200411114351E1,-7.096364997533E0));
#8904=VERTEX_POINT('',#8903);
#8905=CARTESIAN_POINT('',(1.593982334906E2,5.208744320528E1,-7.096364997533E0));
#8906=VERTEX_POINT('',#8905);
#8907=CARTESIAN_POINT('',(1.594833398709E2,5.217077717439E1,-7.096364997533E0));
#8908=VERTEX_POINT('',#8907);
#8909=CARTESIAN_POINT('',(1.595684462586E2,5.221244320528E1,-7.096364997533E0));
#8910=VERTEX_POINT('',#8909);
#8911=CARTESIAN_POINT('',(1.592280207300E2,5.221244320528E1,-7.096364997533E0));
#8912=VERTEX_POINT('',#8911);
#8913=CARTESIAN_POINT('',(1.590578079620E2,5.217077717439E1,-7.096364997533E0));
#8914=VERTEX_POINT('',#8913);
#8915=CARTESIAN_POINT('',(1.589727015892E2,5.212911114351E1,-7.096364997533E0));
#8916=VERTEX_POINT('',#8915);
#8917=CARTESIAN_POINT('',(1.588450420001E2,5.200411114351E1,-7.096364997533E0));
#8918=VERTEX_POINT('',#8917);
#8919=CARTESIAN_POINT('',(1.588024888137E2,5.183744320528E1,-7.096364997533E0));
#8920=VERTEX_POINT('',#8919);
#8921=CARTESIAN_POINT('',(1.588024888137E2,5.158744320528E1,-7.096364997533E0));
#8922=VERTEX_POINT('',#8921);
#8923=CARTESIAN_POINT('',(1.588875951865E2,5.142077717439E1,-7.096364997533E0));
#8924=VERTEX_POINT('',#8923);
#8925=CARTESIAN_POINT('',(1.590152547756E2,5.133744320528E1,-7.096364997533E0));
#8926=VERTEX_POINT('',#8925);
#8927=CARTESIAN_POINT('',(1.591429143497E2,5.129577717439E1,-7.096364997533E0));
#8928=VERTEX_POINT('',#8927);
#8929=CARTESIAN_POINT('',(1.602067441443E2,5.221244320528E1,-7.096364997533E0));
#8930=CARTESIAN_POINT('',(1.597812122205E2,5.221244320528E1,-7.096364997533E0));
#8931=VERTEX_POINT('',#8929);
#8932=VERTEX_POINT('',#8930);
#8933=CARTESIAN_POINT('',(1.596535526314E2,5.212911114351E1,-7.096364997533E0));
#8934=VERTEX_POINT('',#8933);
#8935=CARTESIAN_POINT('',(1.595684462586E2,5.200411114351E1,-7.096364997533E0));
#8936=VERTEX_POINT('',#8935);
#8937=CARTESIAN_POINT('',(1.595258930722E2,5.183744320528E1,-7.096364997533E0));
#8938=VERTEX_POINT('',#8937);
#8939=CARTESIAN_POINT('',(1.595258930722E2,5.167077717439E1,-7.096364997533E0));
#8940=VERTEX_POINT('',#8939);
#8941=CARTESIAN_POINT('',(1.595684462586E2,5.150411114351E1,-7.096364997533E0));
#8942=VERTEX_POINT('',#8941);
#8943=CARTESIAN_POINT('',(1.596535526314E2,5.137911114351E1,-7.096364997533E0));
#8944=VERTEX_POINT('',#8943);
#8945=CARTESIAN_POINT('',(1.597386590341E2,5.133744320528E1,-7.096364997533E0));
#8946=VERTEX_POINT('',#8945);
#8947=CARTESIAN_POINT('',(1.598663185933E2,5.129577717439E1,-7.096364997533E0));
#8948=VERTEX_POINT('',#8947);
#8949=CARTESIAN_POINT('',(1.601216377714E2,5.129577717439E1,-7.096364997533E0));
#8950=VERTEX_POINT('',#8949);
#8951=CARTESIAN_POINT('',(1.602492973307E2,5.133744320528E1,-7.096364997533E0));
#8952=VERTEX_POINT('',#8951);
#8953=CARTESIAN_POINT('',(1.603769568899E2,5.142077717439E1,-7.096364997533E0));
#8954=VERTEX_POINT('',#8953);
#8955=CARTESIAN_POINT('',(1.604620632628E2,5.158744320528E1,-7.096364997533E0));
#8956=VERTEX_POINT('',#8955);
#8957=CARTESIAN_POINT('',(1.604620632628E2,5.183744320528E1,-7.096364997533E0));
#8958=VERTEX_POINT('',#8957);
#8959=CARTESIAN_POINT('',(1.604195100763E2,5.200411114351E1,-7.096364997533E0));
#8960=VERTEX_POINT('',#8959);
#8961=CARTESIAN_POINT('',(1.603344037035E2,5.212911114351E1,-7.096364997533E0));
#8962=VERTEX_POINT('',#8961);
#8963=CARTESIAN_POINT('',(1.599939781526E2,5.275411114351E1,-7.096364997533E0));
#8964=CARTESIAN_POINT('',(1.597386590341E2,5.279577717439E1,-7.096364997533E0));
#8965=VERTEX_POINT('',#8963);
#8966=VERTEX_POINT('',#8964);
#8967=CARTESIAN_POINT('',(1.595684462586E2,5.287911114351E1,-7.096364997533E0));
#8968=VERTEX_POINT('',#8967);
#8969=CARTESIAN_POINT('',(1.594833398709E2,5.296244320528E1,-7.096364997533E0));
#8970=VERTEX_POINT('',#8969);
#8971=CARTESIAN_POINT('',(1.593982334906E2,5.308744320528E1,-7.096364997533E0));
#8972=VERTEX_POINT('',#8971);
#8973=CARTESIAN_POINT('',(1.593556803004E2,5.321244320528E1,-7.096364997533E0));
#8974=VERTEX_POINT('',#8973);
#8975=CARTESIAN_POINT('',(1.593131271103E2,5.346244320528E1,-7.096364997533E0));
#8976=VERTEX_POINT('',#8975);
#8977=CARTESIAN_POINT('',(1.593556803004E2,5.375411114351E1,-7.096364997533E0));
#8978=VERTEX_POINT('',#8977);
#8979=CARTESIAN_POINT('',(1.594407866845E2,5.392077717439E1,-7.096364997533E0));
#8980=VERTEX_POINT('',#8979);
#8981=CARTESIAN_POINT('',(1.595684462586E2,5.404577717439E1,-7.096364997533E0));
#8982=VERTEX_POINT('',#8981);
#8983=CARTESIAN_POINT('',(1.597386590341E2,5.408744320528E1,-7.096364997533E0));
#8984=VERTEX_POINT('',#8983);
#8985=CARTESIAN_POINT('',(1.597386590341E2,5.387911114351E1,-7.096364997533E0));
#8986=VERTEX_POINT('',#8985);
#8987=CARTESIAN_POINT('',(1.596109994450E2,5.383744320528E1,-7.096364997533E0));
#8988=VERTEX_POINT('',#8987);
#8989=CARTESIAN_POINT('',(1.595258930722E2,5.371244320528E1,-7.096364997533E0));
#8990=VERTEX_POINT('',#8989);
#8991=CARTESIAN_POINT('',(1.594833398709E2,5.342077717439E1,-7.096364997533E0));
#8992=VERTEX_POINT('',#8991);
#8993=CARTESIAN_POINT('',(1.595258930722E2,5.325411114351E1,-7.096364997533E0));
#8994=VERTEX_POINT('',#8993);
#8995=CARTESIAN_POINT('',(1.595684462586E2,5.317077717439E1,-7.096364997533E0));
#8996=VERTEX_POINT('',#8995);
#8997=CARTESIAN_POINT('',(1.596961058477E2,5.304577717439E1,-7.096364997533E0));
#8998=VERTEX_POINT('',#8997);
#8999=CARTESIAN_POINT('',(1.597812122205E2,5.300411114351E1,-7.096364997533E0));
#9000=VERTEX_POINT('',#8999);
#9001=CARTESIAN_POINT('',(1.599088717797E2,5.296244320528E1,-7.096364997533E0));
#9002=VERTEX_POINT('',#9001);
#9003=CARTESIAN_POINT('',(1.599939781526E2,5.296244320528E1,-7.096364997533E0));
#9004=VERTEX_POINT('',#9003);
#9005=CARTESIAN_POINT('',(1.599939781526E2,5.408744320528E1,-7.096364997533E0));
#9006=VERTEX_POINT('',#9005);
#9007=CARTESIAN_POINT('',(1.601641909578E2,5.408744320528E1,-7.096364997533E0));
#9008=VERTEX_POINT('',#9007);
#9009=CARTESIAN_POINT('',(1.603344037035E2,5.404577717439E1,-7.096364997533E0));
#9010=VERTEX_POINT('',#9009);
#9011=CARTESIAN_POINT('',(1.605046164492E2,5.392077717439E1,-7.096364997533E0));
#9012=VERTEX_POINT('',#9011);
#9013=CARTESIAN_POINT('',(1.606322760084E2,5.371244320528E1,-7.096364997533E0));
#9014=VERTEX_POINT('',#9013);
#9015=CARTESIAN_POINT('',(1.606748291948E2,5.346244320528E1,-7.096364997533E0));
#9016=VERTEX_POINT('',#9015);
#9017=CARTESIAN_POINT('',(1.606322760084E2,5.321244320528E1,-7.096364997533E0));
#9018=VERTEX_POINT('',#9017);
#9019=CARTESIAN_POINT('',(1.605897228220E2,5.308744320528E1,-7.096364997533E0));
#9020=VERTEX_POINT('',#9019);
#9021=CARTESIAN_POINT('',(1.605046164492E2,5.296244320528E1,-7.096364997533E0));
#9022=VERTEX_POINT('',#9021);
#9023=CARTESIAN_POINT('',(1.604195100763E2,5.287911114351E1,-7.096364997533E0));
#9024=VERTEX_POINT('',#9023);
#9025=CARTESIAN_POINT('',(1.602492973307E2,5.279577717439E1,-7.096364997533E0));
#9026=VERTEX_POINT('',#9025);
#9027=CARTESIAN_POINT('',(1.602067441443E2,5.300411114351E1,-7.096364997533E0));
#9028=CARTESIAN_POINT('',(1.602918505171E2,5.304577717439E1,-7.096364997533E0));
#9029=VERTEX_POINT('',#9027);
#9030=VERTEX_POINT('',#9028);
#9031=CARTESIAN_POINT('',(1.604195100763E2,5.317077717439E1,-7.096364997533E0));
#9032=VERTEX_POINT('',#9031);
#9033=CARTESIAN_POINT('',(1.604620632628E2,5.325411114351E1,-7.096364997533E0));
#9034=VERTEX_POINT('',#9033);
#9035=CARTESIAN_POINT('',(1.605046164492E2,5.342077717439E1,-7.096364997533E0));
#9036=VERTEX_POINT('',#9035);
#9037=CARTESIAN_POINT('',(1.604620632628E2,5.367077717439E1,-7.096364997533E0));
#9038=VERTEX_POINT('',#9037);
#9039=CARTESIAN_POINT('',(1.603769568899E2,5.379577717439E1,-7.096364997533E0));
#9040=VERTEX_POINT('',#9039);
#9041=CARTESIAN_POINT('',(1.602492973307E2,5.387911114351E1,-7.096364997533E0));
#9042=VERTEX_POINT('',#9041);
#9043=CARTESIAN_POINT('',(1.601641909578E2,5.387911114351E1,-7.096364997533E0));
#9044=VERTEX_POINT('',#9043);
#9045=CARTESIAN_POINT('',(1.601641909578E2,5.300411114351E1,-7.096364997533E0));
#9046=VERTEX_POINT('',#9045);
#9047=CARTESIAN_POINT('',(1.607304997057E2,1.636800003052E1,1.946443545739E1));
#9048=CARTESIAN_POINT('',(1.662304997057E2,1.636800003052E1,1.946443545739E1));
#9049=VERTEX_POINT('',#9047);
#9050=VERTEX_POINT('',#9048);
#9051=CARTESIAN_POINT('',(1.607304997057E2,1.636800003052E1,1.646443545739E1));
#9052=CARTESIAN_POINT('',(1.662304997057E2,1.636800003052E1,1.646443545739E1));
#9053=VERTEX_POINT('',#9051);
#9054=VERTEX_POINT('',#9052);
#9055=CARTESIAN_POINT('',(1.714804997057E2,2.136800003052E1,1.646443545739E1));
#9056=CARTESIAN_POINT('',(1.714804997057E2,2.136800003052E1,1.946443545739E1));
#9057=VERTEX_POINT('',#9055);
#9058=VERTEX_POINT('',#9056);
#9059=CARTESIAN_POINT('',(1.684804997057E2,1.836800003052E1,1.646443545739E1));
#9060=CARTESIAN_POINT('',(1.684804997057E2,1.836800003052E1,1.946443545739E1));
#9061=VERTEX_POINT('',#9059);
#9062=VERTEX_POINT('',#9060);
#9063=CARTESIAN_POINT('',(1.554804997057E2,2.136800003052E1,1.946443545739E1));
#9064=CARTESIAN_POINT('',(1.554804997057E2,2.136800003052E1,1.646443545739E1));
#9065=VERTEX_POINT('',#9063);
#9066=VERTEX_POINT('',#9064);
#9067=CARTESIAN_POINT('',(1.584804997057E2,1.836800003052E1,1.946443545739E1));
#9068=CARTESIAN_POINT('',(1.584804997057E2,1.836800003052E1,1.646443545739E1));
#9069=VERTEX_POINT('',#9067);
#9070=VERTEX_POINT('',#9068);
#9071=CARTESIAN_POINT('',(1.461609953543E2,6.799200057983E1,3.184035229928E0));
#9072=CARTESIAN_POINT('',(1.481609953543E2,6.799200057983E1,3.184035317351E0));
#9073=VERTEX_POINT('',#9071);
#9074=VERTEX_POINT('',#9072);
#9075=CARTESIAN_POINT('',(1.461609955212E2,6.499200057983E1,1.840352299276E-1));
#9076=CARTESIAN_POINT('',(1.521609955212E2,6.499200057983E1,1.840354921962E-1));
#9077=VERTEX_POINT('',#9075);
#9078=VERTEX_POINT('',#9076);
#9079=CARTESIAN_POINT('',(1.481609950920E2,6.799200057983E1,9.184035317351E0));
#9080=CARTESIAN_POINT('',(1.461609950920E2,6.799200057983E1,9.184035229928E0));
#9081=VERTEX_POINT('',#9079);
#9082=VERTEX_POINT('',#9080);
#9083=CARTESIAN_POINT('',(1.521609949967E2,6.499200057983E1,1.218403549220E1));
#9084=CARTESIAN_POINT('',(1.461609949967E2,6.499200057983E1,1.218403522993E1));
#9085=VERTEX_POINT('',#9083);
#9086=VERTEX_POINT('',#9084);
#9087=CARTESIAN_POINT('',(1.461609956838E2,1.836800003052E1,9.184035229928E0));
#9088=CARTESIAN_POINT('',(1.481609956838E2,1.836799998282E1,9.184035317351E0));
#9089=VERTEX_POINT('',#9087);
#9090=VERTEX_POINT('',#9088);
#9091=CARTESIAN_POINT('',(1.461609955169E2,2.136800003052E1,1.218403522993E1));
#9092=CARTESIAN_POINT('',(1.521609955884E2,2.136800003052E1,1.218403549220E1));
#9093=VERTEX_POINT('',#9091);
#9094=VERTEX_POINT('',#9092);
#9095=CARTESIAN_POINT('',(1.481609959779E2,1.836799998282E1,3.184035320112E0));
#9096=CARTESIAN_POINT('',(1.461609959461E2,1.836800003052E1,3.184035229928E0));
#9097=VERTEX_POINT('',#9095);
#9098=VERTEX_POINT('',#9096);
#9099=CARTESIAN_POINT('',(1.521609961130E2,2.136800003052E1,1.840354921963E-1));
#9100=CARTESIAN_POINT('',(1.461609960414E2,2.136800003052E1,1.840352299276E-1));
#9101=VERTEX_POINT('',#9099);
#9102=VERTEX_POINT('',#9100);
#9103=CARTESIAN_POINT('',(1.614804997057E2,1.136800003052E1,1.646443545739E1));
#9104=CARTESIAN_POINT('',(1.584804997057E2,1.436800003052E1,1.646443545739E1));
#9105=VERTEX_POINT('',#9103);
#9106=VERTEX_POINT('',#9104);
#9107=CARTESIAN_POINT('',(1.584804997057E2,1.436800003052E1,1.946443545739E1));
#9108=VERTEX_POINT('',#9107);
#9109=CARTESIAN_POINT('',(1.614804997057E2,1.136800003052E1,1.946443545739E1));
#9110=VERTEX_POINT('',#9109);
#9111=CARTESIAN_POINT('',(1.654804997057E2,1.136800003052E1,1.946443545739E1));
#9112=CARTESIAN_POINT('',(1.684804997057E2,1.436800003052E1,1.946443545739E1));
#9113=VERTEX_POINT('',#9111);
#9114=VERTEX_POINT('',#9112);
#9115=CARTESIAN_POINT('',(1.684804997057E2,1.436800003052E1,1.646443545739E1));
#9116=VERTEX_POINT('',#9115);
#9117=CARTESIAN_POINT('',(1.654804997057E2,1.136800003052E1,1.646443545739E1));
#9118=VERTEX_POINT('',#9117);
#9119=CARTESIAN_POINT('',(1.461609953066E2,7.199200095713E1,3.184035229928E0));
#9120=CARTESIAN_POINT('',(1.461609950443E2,7.199200095713E1,9.184035229928E0));
#9121=VERTEX_POINT('',#9119);
#9122=VERTEX_POINT('',#9120);
#9123=CARTESIAN_POINT('',(1.481609953066E2,7.199200098097E1,3.184035317351E0));
#9124=VERTEX_POINT('',#9123);
#9125=CARTESIAN_POINT('',(1.481609950443E2,7.199200098097E1,9.184035317351E0));
#9126=VERTEX_POINT('',#9125);
#9127=CARTESIAN_POINT('',(1.481609959938E2,1.436799967708E1,3.184035317351E0));
#9128=CARTESIAN_POINT('',(1.481609957315E2,1.436799967708E1,9.184035317351E0));
#9129=VERTEX_POINT('',#9127);
#9130=VERTEX_POINT('',#9128);
#9131=CARTESIAN_POINT('',(1.461609959938E2,1.436799965323E1,3.184035229928E0));
#9132=VERTEX_POINT('',#9131);
#9133=CARTESIAN_POINT('',(1.461609957315E2,1.436799965323E1,9.184035229928E0));
#9134=VERTEX_POINT('',#9133);
#9135=CARTESIAN_POINT('',(1.556699938965E2,3.476979926758E1,-7.096364997533E0));
#9136=CARTESIAN_POINT('',(1.556699938965E2,3.476979926758E1,-4.096364997533E0));
#9137=VERTEX_POINT('',#9135);
#9138=VERTEX_POINT('',#9136);
#9139=CARTESIAN_POINT('',(1.566699938965E2,3.576979926758E1,-7.096364997533E0));
#9140=CARTESIAN_POINT('',(1.566699938965E2,3.576979926758E1,-4.096364997533E0));
#9141=VERTEX_POINT('',#9139);
#9142=VERTEX_POINT('',#9140);
#9143=CARTESIAN_POINT('',(1.483699442870E2,3.576979926758E1,-7.096364997533E0));
#9144=CARTESIAN_POINT('',(1.483699442870E2,3.576979926758E1,-4.096364997533E0));
#9145=VERTEX_POINT('',#9143);
#9146=VERTEX_POINT('',#9144);
#9147=CARTESIAN_POINT('',(1.493699442870E2,3.476979926758E1,-7.096364997533E0));
#9148=CARTESIAN_POINT('',(1.493699442870E2,3.476979926758E1,-4.096364997533E0));
#9149=VERTEX_POINT('',#9147);
#9150=VERTEX_POINT('',#9148);
#9151=CARTESIAN_POINT('',(1.493699442870E2,5.006619926758E1,-7.096364997533E0));
#9152=CARTESIAN_POINT('',(1.493699442870E2,5.006619926758E1,-4.096364997533E0));
#9153=VERTEX_POINT('',#9151);
#9154=VERTEX_POINT('',#9152);
#9155=CARTESIAN_POINT('',(1.483699442870E2,4.906619926758E1,-7.096364997533E0));
#9156=CARTESIAN_POINT('',(1.483699442870E2,4.906619926758E1,-4.096364997533E0));
#9157=VERTEX_POINT('',#9155);
#9158=VERTEX_POINT('',#9156);
#9159=CARTESIAN_POINT('',(1.566699938965E2,4.906619926758E1,-7.096364997533E0));
#9160=CARTESIAN_POINT('',(1.566699938965E2,4.906619926758E1,-4.096364997533E0));
#9161=VERTEX_POINT('',#9159);
#9162=VERTEX_POINT('',#9160);
#9163=CARTESIAN_POINT('',(1.556699938965E2,5.006619926758E1,-7.096364997533E0));
#9164=CARTESIAN_POINT('',(1.556699938965E2,5.006619926758E1,-4.096364997533E0));
#9165=VERTEX_POINT('',#9163);
#9166=VERTEX_POINT('',#9164);
#9167=CARTESIAN_POINT('',(1.778000030517E2,6.030890698757E1,-1.718164855707E0));
#9168=CARTESIAN_POINT('',(1.808000030517E2,6.030890698757E1,-1.718164855707E0));
#9169=VERTEX_POINT('',#9167);
#9170=VERTEX_POINT('',#9168);
#9171=CARTESIAN_POINT('',(1.778000030517E2,6.130890698757E1,
-7.181648557072E-1));
#9172=CARTESIAN_POINT('',(1.808000030517E2,6.130890698757E1,
-7.181648557072E-1));
#9173=VERTEX_POINT('',#9171);
#9174=VERTEX_POINT('',#9172);
#9175=CARTESIAN_POINT('',(1.778000030517E2,6.130890698757E1,1.446443545739E1));
#9176=CARTESIAN_POINT('',(1.808000030517E2,6.130890698757E1,1.446443545739E1));
#9177=VERTEX_POINT('',#9175);
#9178=VERTEX_POINT('',#9176);
#9179=CARTESIAN_POINT('',(1.778000030517E2,6.030890698757E1,1.546443545739E1));
#9180=CARTESIAN_POINT('',(1.808000030517E2,6.030890698757E1,1.546443545739E1));
#9181=VERTEX_POINT('',#9179);
#9182=VERTEX_POINT('',#9180);
#9183=CARTESIAN_POINT('',(1.778000030517E2,2.505090698757E1,
-7.181648557072E-1));
#9184=CARTESIAN_POINT('',(1.808000030517E2,2.505090698757E1,
-7.181648557072E-1));
#9185=VERTEX_POINT('',#9183);
#9186=VERTEX_POINT('',#9184);
#9187=CARTESIAN_POINT('',(1.778000030517E2,2.605090698757E1,-1.718164855707E0));
#9188=CARTESIAN_POINT('',(1.808000030517E2,2.605090698757E1,-1.718164855707E0));
#9189=VERTEX_POINT('',#9187);
#9190=VERTEX_POINT('',#9188);
#9191=CARTESIAN_POINT('',(1.778000030517E2,2.605090698757E1,1.546443545739E1));
#9192=CARTESIAN_POINT('',(1.808000030517E2,2.605090698757E1,1.546443545739E1));
#9193=VERTEX_POINT('',#9191);
#9194=VERTEX_POINT('',#9192);
#9195=CARTESIAN_POINT('',(1.778000030517E2,2.505090698757E1,1.446443545739E1));
#9196=CARTESIAN_POINT('',(1.808000030517E2,2.505090698757E1,1.446443545739E1));
#9197=VERTEX_POINT('',#9195);
#9198=VERTEX_POINT('',#9196);
#9199=CARTESIAN_POINT('',(1.608000030517E2,2.436800003052E1,-1.41148E0));
#9200=CARTESIAN_POINT('',(1.628000030517E2,2.436800003052E1,-9.1148E-1));
#9201=VERTEX_POINT('',#9199);
#9202=VERTEX_POINT('',#9200);
#9203=CARTESIAN_POINT('',(1.628000030517E2,2.286800003052E1,-9.1148E-1));
#9204=VERTEX_POINT('',#9203);
#9205=CARTESIAN_POINT('',(1.608000030517E2,2.286800003052E1,-1.41148E0));
#9206=VERTEX_POINT('',#9205);
#9207=CARTESIAN_POINT('',(1.628000030517E2,2.436800003052E1,5.E-1));
#9208=CARTESIAN_POINT('',(1.628000030517E2,2.286800003052E1,5.E-1));
#9209=VERTEX_POINT('',#9207);
#9210=VERTEX_POINT('',#9208);
#9211=CARTESIAN_POINT('',(1.608000030517E2,2.436800003052E1,1.E0));
#9212=VERTEX_POINT('',#9211);
#9213=CARTESIAN_POINT('',(1.608000030517E2,2.286800003052E1,1.E0));
#9214=VERTEX_POINT('',#9213);
#9215=CARTESIAN_POINT('',(1.628000030517E2,6.199200057983E1,-9.1148E-1));
#9216=CARTESIAN_POINT('',(1.628000030517E2,6.349200057983E1,-9.1148E-1));
#9217=VERTEX_POINT('',#9215);
#9218=VERTEX_POINT('',#9216);
#9219=CARTESIAN_POINT('',(1.608000030517E2,6.199200057983E1,-1.41148E0));
#9220=VERTEX_POINT('',#9219);
#9221=CARTESIAN_POINT('',(1.608000030517E2,6.349200057983E1,-1.41148E0));
#9222=VERTEX_POINT('',#9221);
#9223=CARTESIAN_POINT('',(1.608000030517E2,6.199200057983E1,1.E0));
#9224=CARTESIAN_POINT('',(1.628000030517E2,6.199200057983E1,5.E-1));
#9225=VERTEX_POINT('',#9223);
#9226=VERTEX_POINT('',#9224);
#9227=CARTESIAN_POINT('',(1.628000030517E2,6.349200057983E1,5.E-1));
#9228=VERTEX_POINT('',#9227);
#9229=CARTESIAN_POINT('',(1.608000030517E2,6.349200057983E1,1.E0));
#9230=VERTEX_POINT('',#9229);
#9231=CARTESIAN_POINT('',(1.778000030517E2,0.E0,0.E0));
#9232=DIRECTION('',(1.E0,0.E0,0.E0));
#9233=DIRECTION('',(0.E0,1.E0,0.E0));
#9234=AXIS2_PLACEMENT_3D('',#9231,#9232,#9233);
#9235=PLANE('',#9234);
#9237=ORIENTED_EDGE('',*,*,#9236,.T.);
#9239=ORIENTED_EDGE('',*,*,#9238,.T.);
#9241=ORIENTED_EDGE('',*,*,#9240,.T.);
#9243=ORIENTED_EDGE('',*,*,#9242,.T.);
#9245=ORIENTED_EDGE('',*,*,#9244,.T.);
#9247=ORIENTED_EDGE('',*,*,#9246,.T.);
#9249=ORIENTED_EDGE('',*,*,#9248,.T.);
#9251=ORIENTED_EDGE('',*,*,#9250,.T.);
#9253=ORIENTED_EDGE('',*,*,#9252,.T.);
#9255=ORIENTED_EDGE('',*,*,#9254,.T.);
#9257=ORIENTED_EDGE('',*,*,#9256,.T.);
#9259=ORIENTED_EDGE('',*,*,#9258,.T.);
#9260=EDGE_LOOP('',(#9237,#9239,#9241,#9243,#9245,#9247,#9249,#9251,#9253,#9255,
#9257,#9259));
#9261=FACE_OUTER_BOUND('',#9260,.F.);
#9263=ORIENTED_EDGE('',*,*,#9262,.T.);
#9265=ORIENTED_EDGE('',*,*,#9264,.F.);
#9267=ORIENTED_EDGE('',*,*,#9266,.T.);
#9269=ORIENTED_EDGE('',*,*,#9268,.F.);
#9271=ORIENTED_EDGE('',*,*,#9270,.T.);
#9273=ORIENTED_EDGE('',*,*,#9272,.F.);
#9275=ORIENTED_EDGE('',*,*,#9274,.T.);
#9277=ORIENTED_EDGE('',*,*,#9276,.F.);
#9278=EDGE_LOOP('',(#9263,#9265,#9267,#9269,#9271,#9273,#9275,#9277));
#9279=FACE_BOUND('',#9278,.F.);
#9280=ADVANCED_FACE('',(#9261,#9279),#9235,.F.);
#9281=CARTESIAN_POINT('',(1.778000030517E2,6.199200057983E1,1.646443545739E1));
#9282=DIRECTION('',(0.E0,0.E0,-1.E0));
#9283=DIRECTION('',(0.E0,-1.E0,0.E0));
#9284=AXIS2_PLACEMENT_3D('',#9281,#9282,#9283);
#9285=PLANE('',#9284);
#9287=ORIENTED_EDGE('',*,*,#9286,.T.);
#9289=ORIENTED_EDGE('',*,*,#9288,.F.);
#9291=ORIENTED_EDGE('',*,*,#9290,.T.);
#9293=ORIENTED_EDGE('',*,*,#9292,.T.);
#9295=ORIENTED_EDGE('',*,*,#9294,.F.);
#9297=ORIENTED_EDGE('',*,*,#9296,.F.);
#9299=ORIENTED_EDGE('',*,*,#9298,.F.);
#9300=ORIENTED_EDGE('',*,*,#9236,.F.);
#9301=EDGE_LOOP('',(#9287,#9289,#9291,#9293,#9295,#9297,#9299,#9300));
#9302=FACE_OUTER_BOUND('',#9301,.F.);
#9303=ADVANCED_FACE('',(#9302),#9285,.T.);
#9304=CARTESIAN_POINT('',(1.778000030517E2,6.199200057983E1,5.E-1));
#9305=DIRECTION('',(0.E0,-1.E0,0.E0));
#9306=DIRECTION('',(0.E0,0.E0,1.E0));
#9307=AXIS2_PLACEMENT_3D('',#9304,#9305,#9306);
#9308=PLANE('',#9307);
#9310=ORIENTED_EDGE('',*,*,#9309,.F.);
#9312=ORIENTED_EDGE('',*,*,#9311,.T.);
#9313=ORIENTED_EDGE('',*,*,#9286,.F.);
#9314=ORIENTED_EDGE('',*,*,#9258,.F.);
#9316=ORIENTED_EDGE('',*,*,#9315,.T.);
#9317=EDGE_LOOP('',(#9310,#9312,#9313,#9314,#9316));
#9318=FACE_OUTER_BOUND('',#9317,.F.);
#9319=ADVANCED_FACE('',(#9318),#9308,.T.);
#9320=CARTESIAN_POINT('',(1.618000030517E2,6.274200057983E1,7.5E-1));
#9321=DIRECTION('',(-2.425356250363E-1,0.E0,-9.701425001453E-1));
#9322=DIRECTION('',(9.701425001453E-1,0.E0,-2.425356250363E-1));
#9323=AXIS2_PLACEMENT_3D('',#9320,#9321,#9322);
#9324=PLANE('',#9323);
#9325=ORIENTED_EDGE('',*,*,#9309,.T.);
#9327=ORIENTED_EDGE('',*,*,#9326,.F.);
#9329=ORIENTED_EDGE('',*,*,#9328,.T.);
#9331=ORIENTED_EDGE('',*,*,#9330,.T.);
#9332=EDGE_LOOP('',(#9325,#9327,#9329,#9331));
#9333=FACE_OUTER_BOUND('',#9332,.F.);
#9334=ADVANCED_FACE('',(#9333),#9324,.T.);
#9335=CARTESIAN_POINT('',(1.778000030517E2,6.349200057983E1,5.E-1));
#9336=DIRECTION('',(0.E0,0.E0,-1.E0));
#9337=DIRECTION('',(0.E0,-1.E0,0.E0));
#9338=AXIS2_PLACEMENT_3D('',#9335,#9336,#9337);
#9339=PLANE('',#9338);
#9340=ORIENTED_EDGE('',*,*,#9326,.T.);
#9341=ORIENTED_EDGE('',*,*,#9315,.F.);
#9342=ORIENTED_EDGE('',*,*,#9256,.F.);
#9344=ORIENTED_EDGE('',*,*,#9343,.T.);
#9345=EDGE_LOOP('',(#9340,#9341,#9342,#9344));
#9346=FACE_OUTER_BOUND('',#9345,.F.);
#9347=ADVANCED_FACE('',(#9346),#9339,.T.);
#9348=CARTESIAN_POINT('',(1.778000030517E2,6.349200057983E1,-9.1148E-1));
#9349=DIRECTION('',(0.E0,-1.E0,0.E0));
#9350=DIRECTION('',(0.E0,0.E0,1.E0));
#9351=AXIS2_PLACEMENT_3D('',#9348,#9349,#9350);
#9352=PLANE('',#9351);
#9354=ORIENTED_EDGE('',*,*,#9353,.F.);
#9355=ORIENTED_EDGE('',*,*,#9328,.F.);
#9356=ORIENTED_EDGE('',*,*,#9343,.F.);
#9357=ORIENTED_EDGE('',*,*,#9254,.F.);
#9359=ORIENTED_EDGE('',*,*,#9358,.T.);
#9361=ORIENTED_EDGE('',*,*,#9360,.F.);
#9363=ORIENTED_EDGE('',*,*,#9362,.F.);
#9365=ORIENTED_EDGE('',*,*,#9364,.T.);
#9367=ORIENTED_EDGE('',*,*,#9366,.T.);
#9368=ORIENTED_EDGE('',*,*,#9290,.F.);
#9369=EDGE_LOOP('',(#9354,#9355,#9356,#9357,#9359,#9361,#9363,#9365,#9367,
#9368));
#9370=FACE_OUTER_BOUND('',#9369,.F.);
#9371=ADVANCED_FACE('',(#9370),#9352,.T.);
#9372=CARTESIAN_POINT('',(1.608000030517E2,0.E0,0.E0));
#9373=DIRECTION('',(-1.E0,0.E0,0.E0));
#9374=DIRECTION('',(0.E0,-1.E0,0.E0));
#9375=AXIS2_PLACEMENT_3D('',#9372,#9373,#9374);
#9376=PLANE('',#9375);
#9378=ORIENTED_EDGE('',*,*,#9377,.F.);
#9380=ORIENTED_EDGE('',*,*,#9379,.T.);
#9382=ORIENTED_EDGE('',*,*,#9381,.T.);
#9384=ORIENTED_EDGE('',*,*,#9383,.F.);
#9385=EDGE_LOOP('',(#9378,#9380,#9382,#9384));
#9386=FACE_OUTER_BOUND('',#9385,.F.);
#9387=ADVANCED_FACE('',(#9386),#9376,.T.);
#9388=CARTESIAN_POINT('',(1.608000030517E2,0.E0,0.E0));
#9389=DIRECTION('',(-1.E0,0.E0,0.E0));
#9390=DIRECTION('',(0.E0,-1.E0,0.E0));
#9391=AXIS2_PLACEMENT_3D('',#9388,#9389,#9390);
#9392=PLANE('',#9391);
#9394=ORIENTED_EDGE('',*,*,#9393,.F.);
#9396=ORIENTED_EDGE('',*,*,#9395,.F.);
#9397=ORIENTED_EDGE('',*,*,#9296,.T.);
#9399=ORIENTED_EDGE('',*,*,#9398,.T.);
#9400=EDGE_LOOP('',(#9394,#9396,#9397,#9399));
#9401=FACE_OUTER_BOUND('',#9400,.F.);
#9402=ADVANCED_FACE('',(#9401),#9392,.T.);
#9403=CARTESIAN_POINT('',(1.608000030517E2,0.E0,0.E0));
#9404=DIRECTION('',(-1.E0,0.E0,0.E0));
#9405=DIRECTION('',(0.E0,-1.E0,0.E0));
#9406=AXIS2_PLACEMENT_3D('',#9403,#9404,#9405);
#9407=PLANE('',#9406);
#9409=ORIENTED_EDGE('',*,*,#9408,.F.);
#9411=ORIENTED_EDGE('',*,*,#9410,.F.);
#9413=ORIENTED_EDGE('',*,*,#9412,.T.);
#9414=ORIENTED_EDGE('',*,*,#9362,.T.);
#9415=EDGE_LOOP('',(#9409,#9411,#9413,#9414));
#9416=FACE_OUTER_BOUND('',#9415,.F.);
#9417=ADVANCED_FACE('',(#9416),#9407,.T.);
#9418=CARTESIAN_POINT('',(1.608000030517E2,0.E0,0.E0));
#9419=DIRECTION('',(-1.E0,0.E0,0.E0));
#9420=DIRECTION('',(0.E0,-1.E0,0.E0));
#9421=AXIS2_PLACEMENT_3D('',#9418,#9419,#9420);
#9422=PLANE('',#9421);
#9423=ORIENTED_EDGE('',*,*,#9330,.F.);
#9424=ORIENTED_EDGE('',*,*,#9353,.T.);
#9425=ORIENTED_EDGE('',*,*,#9288,.T.);
#9426=ORIENTED_EDGE('',*,*,#9311,.F.);
#9427=EDGE_LOOP('',(#9423,#9424,#9425,#9426));
#9428=FACE_OUTER_BOUND('',#9427,.F.);
#9429=ADVANCED_FACE('',(#9428),#9422,.T.);
#9430=CARTESIAN_POINT('',(1.618000030517E2,2.361800003052E1,-1.16148E0));
#9431=DIRECTION('',(-2.425356250363E-1,0.E0,9.701425001453E-1));
#9432=DIRECTION('',(9.701425001453E-1,0.E0,2.425356250363E-1));
#9433=AXIS2_PLACEMENT_3D('',#9430,#9431,#9432);
#9434=PLANE('',#9433);
#9436=ORIENTED_EDGE('',*,*,#9435,.T.);
#9438=ORIENTED_EDGE('',*,*,#9437,.F.);
#9440=ORIENTED_EDGE('',*,*,#9439,.T.);
#9441=ORIENTED_EDGE('',*,*,#9377,.T.);
#9442=EDGE_LOOP('',(#9436,#9438,#9440,#9441));
#9443=FACE_OUTER_BOUND('',#9442,.F.);
#9444=ADVANCED_FACE('',(#9443),#9434,.T.);
#9445=CARTESIAN_POINT('',(1.778000030517E2,2.436800003052E1,-9.1148E-1));
#9446=DIRECTION('',(0.E0,1.E0,0.E0));
#9447=DIRECTION('',(0.E0,0.E0,-1.E0));
#9448=AXIS2_PLACEMENT_3D('',#9445,#9446,#9447);
#9449=PLANE('',#9448);
#9450=ORIENTED_EDGE('',*,*,#9435,.F.);
#9451=ORIENTED_EDGE('',*,*,#9383,.T.);
#9453=ORIENTED_EDGE('',*,*,#9452,.F.);
#9454=ORIENTED_EDGE('',*,*,#9246,.F.);
#9456=ORIENTED_EDGE('',*,*,#9455,.T.);
#9457=EDGE_LOOP('',(#9450,#9451,#9453,#9454,#9456));
#9458=FACE_OUTER_BOUND('',#9457,.F.);
#9459=ADVANCED_FACE('',(#9458),#9449,.T.);
#9460=CARTESIAN_POINT('',(1.778000030517E2,2.436800003052E1,-4.096364997533E0));
#9461=DIRECTION('',(0.E0,0.E0,1.E0));
#9462=DIRECTION('',(0.E0,1.E0,0.E0));
#9463=AXIS2_PLACEMENT_3D('',#9460,#9461,#9462);
#9464=PLANE('',#9463);
#9465=ORIENTED_EDGE('',*,*,#9452,.T.);
#9466=ORIENTED_EDGE('',*,*,#9381,.F.);
#9468=ORIENTED_EDGE('',*,*,#9467,.T.);
#9470=ORIENTED_EDGE('',*,*,#9469,.T.);
#9471=ORIENTED_EDGE('',*,*,#9364,.F.);
#9472=ORIENTED_EDGE('',*,*,#9412,.F.);
#9474=ORIENTED_EDGE('',*,*,#9473,.F.);
#9475=ORIENTED_EDGE('',*,*,#9248,.F.);
#9476=EDGE_LOOP('',(#9465,#9466,#9468,#9470,#9471,#9472,#9474,#9475));
#9477=FACE_OUTER_BOUND('',#9476,.F.);
#9479=ORIENTED_EDGE('',*,*,#9478,.F.);
#9481=ORIENTED_EDGE('',*,*,#9480,.F.);
#9483=ORIENTED_EDGE('',*,*,#9482,.F.);
#9485=ORIENTED_EDGE('',*,*,#9484,.F.);
#9487=ORIENTED_EDGE('',*,*,#9486,.F.);
#9489=ORIENTED_EDGE('',*,*,#9488,.F.);
#9491=ORIENTED_EDGE('',*,*,#9490,.F.);
#9493=ORIENTED_EDGE('',*,*,#9492,.F.);
#9494=EDGE_LOOP('',(#9479,#9481,#9483,#9485,#9487,#9489,#9491,#9493));
#9495=FACE_BOUND('',#9494,.F.);
#9496=ADVANCED_FACE('',(#9477,#9495),#9464,.T.);
#9497=CARTESIAN_POINT('',(1.778000030517E2,2.286800003052E1,5.E-1));
#9498=DIRECTION('',(0.E0,1.E0,0.E0));
#9499=DIRECTION('',(0.E0,0.E0,-1.E0));
#9500=AXIS2_PLACEMENT_3D('',#9497,#9498,#9499);
#9501=PLANE('',#9500);
#9503=ORIENTED_EDGE('',*,*,#9502,.T.);
#9505=ORIENTED_EDGE('',*,*,#9504,.F.);
#9506=ORIENTED_EDGE('',*,*,#9398,.F.);
#9507=ORIENTED_EDGE('',*,*,#9294,.T.);
#9509=ORIENTED_EDGE('',*,*,#9508,.T.);
#9510=ORIENTED_EDGE('',*,*,#9467,.F.);
#9511=ORIENTED_EDGE('',*,*,#9379,.F.);
#9512=ORIENTED_EDGE('',*,*,#9439,.F.);
#9514=ORIENTED_EDGE('',*,*,#9513,.F.);
#9515=ORIENTED_EDGE('',*,*,#9242,.F.);
#9516=EDGE_LOOP('',(#9503,#9505,#9506,#9507,#9509,#9510,#9511,#9512,#9514,
#9515));
#9517=FACE_OUTER_BOUND('',#9516,.F.);
#9518=ADVANCED_FACE('',(#9517),#9501,.T.);
#9519=CARTESIAN_POINT('',(1.778000030517E2,2.436800003052E1,5.E-1));
#9520=DIRECTION('',(0.E0,0.E0,-1.E0));
#9521=DIRECTION('',(0.E0,-1.E0,0.E0));
#9522=AXIS2_PLACEMENT_3D('',#9519,#9520,#9521);
#9523=PLANE('',#9522);
#9525=ORIENTED_EDGE('',*,*,#9524,.T.);
#9526=ORIENTED_EDGE('',*,*,#9502,.F.);
#9527=ORIENTED_EDGE('',*,*,#9240,.F.);
#9529=ORIENTED_EDGE('',*,*,#9528,.T.);
#9530=EDGE_LOOP('',(#9525,#9526,#9527,#9529));
#9531=FACE_OUTER_BOUND('',#9530,.F.);
#9532=ADVANCED_FACE('',(#9531),#9523,.T.);
#9533=CARTESIAN_POINT('',(1.618000030517E2,2.361800003052E1,7.5E-1));
#9534=DIRECTION('',(-2.425356250363E-1,0.E0,-9.701425001453E-1));
#9535=DIRECTION('',(9.701425001453E-1,0.E0,-2.425356250363E-1));
#9536=AXIS2_PLACEMENT_3D('',#9533,#9534,#9535);
#9537=PLANE('',#9536);
#9538=ORIENTED_EDGE('',*,*,#9524,.F.);
#9540=ORIENTED_EDGE('',*,*,#9539,.T.);
#9541=ORIENTED_EDGE('',*,*,#9393,.T.);
#9542=ORIENTED_EDGE('',*,*,#9504,.T.);
#9543=EDGE_LOOP('',(#9538,#9540,#9541,#9542));
#9544=FACE_OUTER_BOUND('',#9543,.F.);
#9545=ADVANCED_FACE('',(#9544),#9537,.T.);
#9546=CARTESIAN_POINT('',(1.778000030517E2,2.436800003052E1,1.646443545739E1));
#9547=DIRECTION('',(0.E0,1.E0,0.E0));
#9548=DIRECTION('',(0.E0,0.E0,-1.E0));
#9549=AXIS2_PLACEMENT_3D('',#9546,#9547,#9548);
#9550=PLANE('',#9549);
#9551=ORIENTED_EDGE('',*,*,#9539,.F.);
#9552=ORIENTED_EDGE('',*,*,#9528,.F.);
#9553=ORIENTED_EDGE('',*,*,#9238,.F.);
#9554=ORIENTED_EDGE('',*,*,#9298,.T.);
#9555=ORIENTED_EDGE('',*,*,#9395,.T.);
#9556=EDGE_LOOP('',(#9551,#9552,#9553,#9554,#9555));
#9557=FACE_OUTER_BOUND('',#9556,.F.);
#9558=ADVANCED_FACE('',(#9557),#9550,.T.);
#9559=CARTESIAN_POINT('',(1.461609954834E2,4.318000037673E1,6.999998354919E0));
#9560=DIRECTION('',(1.E0,1.192487299576E-8,4.371140766226E-8));
#9561=DIRECTION('',(-1.192488063850E-8,1.E0,1.748454678818E-7));
#9562=AXIS2_PLACEMENT_3D('',#9559,#9560,#9561);
#9563=PLANE('',#9562);
#9565=ORIENTED_EDGE('',*,*,#9564,.T.);
#9567=ORIENTED_EDGE('',*,*,#9566,.F.);
#9569=ORIENTED_EDGE('',*,*,#9568,.F.);
#9571=ORIENTED_EDGE('',*,*,#9570,.F.);
#9573=ORIENTED_EDGE('',*,*,#9572,.F.);
#9575=ORIENTED_EDGE('',*,*,#9574,.F.);
#9577=ORIENTED_EDGE('',*,*,#9576,.F.);
#9579=ORIENTED_EDGE('',*,*,#9578,.F.);
#9581=ORIENTED_EDGE('',*,*,#9580,.T.);
#9583=ORIENTED_EDGE('',*,*,#9582,.F.);
#9585=ORIENTED_EDGE('',*,*,#9584,.F.);
#9587=ORIENTED_EDGE('',*,*,#9586,.F.);
#9589=ORIENTED_EDGE('',*,*,#9588,.F.);
#9591=ORIENTED_EDGE('',*,*,#9590,.F.);
#9593=ORIENTED_EDGE('',*,*,#9592,.F.);
#9595=ORIENTED_EDGE('',*,*,#9594,.F.);
#9596=EDGE_LOOP('',(#9565,#9567,#9569,#9571,#9573,#9575,#9577,#9579,#9581,#9583,
#9585,#9587,#9589,#9591,#9593,#9595));
#9597=FACE_OUTER_BOUND('',#9596,.F.);
#9599=ORIENTED_EDGE('',*,*,#9598,.F.);
#9601=ORIENTED_EDGE('',*,*,#9600,.F.);
#9602=EDGE_LOOP('',(#9599,#9601));
#9603=FACE_BOUND('',#9602,.F.);
#9604=ORIENTED_EDGE('',*,*,#9292,.F.);
#9605=ORIENTED_EDGE('',*,*,#9366,.F.);
#9606=ORIENTED_EDGE('',*,*,#9469,.F.);
#9607=ORIENTED_EDGE('',*,*,#9508,.F.);
#9608=EDGE_LOOP('',(#9604,#9605,#9606,#9607));
#9609=FACE_BOUND('',#9608,.F.);
#9611=ORIENTED_EDGE('',*,*,#9610,.F.);
#9613=ORIENTED_EDGE('',*,*,#9612,.F.);
#9614=EDGE_LOOP('',(#9611,#9613));
#9615=FACE_BOUND('',#9614,.F.);
#9616=ADVANCED_FACE('',(#9597,#9603,#9609,#9615),#9563,.F.);
#9617=CARTESIAN_POINT('',(1.461609958567E2,1.486800003052E1,6.184035229928E0));
#9618=DIRECTION('',(-1.E0,-1.192487299576E-8,-4.371140766226E-8));
#9619=DIRECTION('',(-4.371140766226E-8,0.E0,1.E0));
#9620=AXIS2_PLACEMENT_3D('',#9617,#9618,#9619);
#9621=CYLINDRICAL_SURFACE('',#9620,1.65E0);
#9622=ORIENTED_EDGE('',*,*,#9610,.T.);
#9624=ORIENTED_EDGE('',*,*,#9623,.T.);
#9626=ORIENTED_EDGE('',*,*,#9625,.F.);
#9628=ORIENTED_EDGE('',*,*,#9627,.F.);
#9629=EDGE_LOOP('',(#9622,#9624,#9626,#9628));
#9630=FACE_OUTER_BOUND('',#9629,.F.);
#9631=ADVANCED_FACE('',(#9630),#9621,.F.);
#9632=CARTESIAN_POINT('',(1.461609958567E2,1.486800003052E1,6.184035229928E0));
#9633=DIRECTION('',(-1.E0,-1.192487299576E-8,-4.371140766226E-8));
#9634=DIRECTION('',(-4.371140766226E-8,0.E0,1.E0));
#9635=AXIS2_PLACEMENT_3D('',#9632,#9633,#9634);
#9636=CYLINDRICAL_SURFACE('',#9635,1.65E0);
#9637=ORIENTED_EDGE('',*,*,#9612,.T.);
#9638=ORIENTED_EDGE('',*,*,#9627,.T.);
#9640=ORIENTED_EDGE('',*,*,#9639,.F.);
#9641=ORIENTED_EDGE('',*,*,#9623,.F.);
#9642=EDGE_LOOP('',(#9637,#9638,#9640,#9641));
#9643=FACE_OUTER_BOUND('',#9642,.F.);
#9644=ADVANCED_FACE('',(#9643),#9636,.F.);
#9645=CARTESIAN_POINT('',(1.481609963043E2,1.766801065264E-6,
6.476325709164E-6));
#9646=DIRECTION('',(-1.E0,-1.192487299576E-8,-4.371140766226E-8));
#9647=DIRECTION('',(-4.371140766226E-8,0.E0,1.E0));
#9648=AXIS2_PLACEMENT_3D('',#9645,#9646,#9647);
#9649=PLANE('',#9648);
#9651=ORIENTED_EDGE('',*,*,#9650,.T.);
#9653=ORIENTED_EDGE('',*,*,#9652,.T.);
#9655=ORIENTED_EDGE('',*,*,#9654,.F.);
#9657=ORIENTED_EDGE('',*,*,#9656,.T.);
#9658=EDGE_LOOP('',(#9651,#9653,#9655,#9657));
#9659=FACE_OUTER_BOUND('',#9658,.F.);
#9661=ORIENTED_EDGE('',*,*,#9660,.T.);
#9663=ORIENTED_EDGE('',*,*,#9662,.T.);
#9664=EDGE_LOOP('',(#9661,#9663));
#9665=FACE_BOUND('',#9664,.F.);
#9666=ADVANCED_FACE('',(#9659,#9665),#9649,.F.);
#9667=CARTESIAN_POINT('',(1.481609963043E2,1.766801065264E-6,
6.476325709164E-6));
#9668=DIRECTION('',(-1.E0,-1.192487299576E-8,-4.371140766226E-8));
#9669=DIRECTION('',(-4.371140766226E-8,0.E0,1.E0));
#9670=AXIS2_PLACEMENT_3D('',#9667,#9668,#9669);
#9671=PLANE('',#9670);
#9673=ORIENTED_EDGE('',*,*,#9672,.T.);
#9675=ORIENTED_EDGE('',*,*,#9674,.T.);
#9677=ORIENTED_EDGE('',*,*,#9676,.F.);
#9679=ORIENTED_EDGE('',*,*,#9678,.T.);
#9680=EDGE_LOOP('',(#9673,#9675,#9677,#9679));
#9681=FACE_OUTER_BOUND('',#9680,.F.);
#9682=ORIENTED_EDGE('',*,*,#9625,.T.);
#9683=ORIENTED_EDGE('',*,*,#9639,.T.);
#9684=EDGE_LOOP('',(#9682,#9683));
#9685=FACE_BOUND('',#9684,.F.);
#9686=ADVANCED_FACE('',(#9681,#9685),#9671,.F.);
#9687=CARTESIAN_POINT('',(1.461609951814E2,7.149200057983E1,6.184035229928E0));
#9688=DIRECTION('',(-1.E0,-1.192487299576E-8,-4.371140766226E-8));
#9689=DIRECTION('',(-4.371140766226E-8,0.E0,1.E0));
#9690=AXIS2_PLACEMENT_3D('',#9687,#9688,#9689);
#9691=CYLINDRICAL_SURFACE('',#9690,1.65E0);
#9692=ORIENTED_EDGE('',*,*,#9598,.T.);
#9694=ORIENTED_EDGE('',*,*,#9693,.T.);
#9695=ORIENTED_EDGE('',*,*,#9660,.F.);
#9697=ORIENTED_EDGE('',*,*,#9696,.F.);
#9698=EDGE_LOOP('',(#9692,#9694,#9695,#9697));
#9699=FACE_OUTER_BOUND('',#9698,.F.);
#9700=ADVANCED_FACE('',(#9699),#9691,.F.);
#9701=CARTESIAN_POINT('',(1.461609951814E2,7.149200057983E1,6.184035229928E0));
#9702=DIRECTION('',(-1.E0,-1.192487299576E-8,-4.371140766226E-8));
#9703=DIRECTION('',(-4.371140766226E-8,0.E0,1.E0));
#9704=AXIS2_PLACEMENT_3D('',#9701,#9702,#9703);
#9705=CYLINDRICAL_SURFACE('',#9704,1.65E0);
#9706=ORIENTED_EDGE('',*,*,#9600,.T.);
#9707=ORIENTED_EDGE('',*,*,#9696,.T.);
#9708=ORIENTED_EDGE('',*,*,#9662,.F.);
#9709=ORIENTED_EDGE('',*,*,#9693,.F.);
#9710=EDGE_LOOP('',(#9706,#9707,#9708,#9709));
#9711=FACE_OUTER_BOUND('',#9710,.F.);
#9712=ADVANCED_FACE('',(#9711),#9705,.F.);
#9713=CARTESIAN_POINT('',(1.010055830883E2,7.199200041865E1,6.184033256121E0));
#9714=DIRECTION('',(1.E0,1.192487298075E-8,4.371140765486E-8));
#9715=DIRECTION('',(-1.192487298075E-8,1.E0,0.E0));
#9716=AXIS2_PLACEMENT_3D('',#9713,#9714,#9715);
#9717=CYLINDRICAL_SURFACE('',#9716,3.E0);
#9718=ORIENTED_EDGE('',*,*,#9564,.F.);
#9720=ORIENTED_EDGE('',*,*,#9719,.T.);
#9721=ORIENTED_EDGE('',*,*,#9650,.F.);
#9723=ORIENTED_EDGE('',*,*,#9722,.F.);
#9724=EDGE_LOOP('',(#9718,#9720,#9721,#9723));
#9725=FACE_OUTER_BOUND('',#9724,.F.);
#9726=ADVANCED_FACE('',(#9725),#9717,.T.);
#9727=CARTESIAN_POINT('',(1.461609952708E2,7.499200095713E1,3.184035229928E0));
#9728=DIRECTION('',(4.371140766226E-8,0.E0,-1.E0));
#9729=DIRECTION('',(1.192487299576E-8,-1.E0,0.E0));
#9730=AXIS2_PLACEMENT_3D('',#9727,#9728,#9729);
#9731=PLANE('',#9730);
#9732=ORIENTED_EDGE('',*,*,#9719,.F.);
#9733=ORIENTED_EDGE('',*,*,#9594,.T.);
#9735=ORIENTED_EDGE('',*,*,#9734,.T.);
#9736=ORIENTED_EDGE('',*,*,#9652,.F.);
#9737=EDGE_LOOP('',(#9732,#9733,#9735,#9736));
#9738=FACE_OUTER_BOUND('',#9737,.F.);
#9739=ADVANCED_FACE('',(#9738),#9731,.T.);
#9740=CARTESIAN_POINT('',(1.010055830883E2,6.799200057983E1,1.840332561212E-1));
#9741=DIRECTION('',(1.E0,0.E0,4.371140766301E-8));
#9742=DIRECTION('',(-4.371140766301E-8,0.E0,1.E0));
#9743=AXIS2_PLACEMENT_3D('',#9740,#9741,#9742);
#9744=CYLINDRICAL_SURFACE('',#9743,3.E0);
#9745=ORIENTED_EDGE('',*,*,#9734,.F.);
#9746=ORIENTED_EDGE('',*,*,#9592,.T.);
#9748=ORIENTED_EDGE('',*,*,#9747,.T.);
#9750=ORIENTED_EDGE('',*,*,#9749,.T.);
#9751=EDGE_LOOP('',(#9745,#9746,#9748,#9750));
#9752=FACE_OUTER_BOUND('',#9751,.F.);
#9753=ADVANCED_FACE('',(#9752),#9744,.F.);
#9754=CARTESIAN_POINT('',(1.778000030517E2,6.499200057983E1,-7.096364997533E0));
#9755=DIRECTION('',(0.E0,1.E0,0.E0));
#9756=DIRECTION('',(0.E0,0.E0,1.E0));
#9757=AXIS2_PLACEMENT_3D('',#9754,#9755,#9756);
#9758=PLANE('',#9757);
#9759=ORIENTED_EDGE('',*,*,#9747,.F.);
#9760=ORIENTED_EDGE('',*,*,#9590,.T.);
#9762=ORIENTED_EDGE('',*,*,#9761,.F.);
#9764=ORIENTED_EDGE('',*,*,#9763,.T.);
#9766=ORIENTED_EDGE('',*,*,#9765,.F.);
#9767=ORIENTED_EDGE('',*,*,#9570,.T.);
#9769=ORIENTED_EDGE('',*,*,#9768,.F.);
#9771=ORIENTED_EDGE('',*,*,#9770,.F.);
#9772=EDGE_LOOP('',(#9759,#9760,#9762,#9764,#9766,#9767,#9769,#9771));
#9773=FACE_OUTER_BOUND('',#9772,.F.);
#9774=ADVANCED_FACE('',(#9773),#9758,.T.);
#9775=CARTESIAN_POINT('',(1.778000030517E2,2.136800003052E1,-7.096364997533E0));
#9776=DIRECTION('',(0.E0,0.E0,-1.E0));
#9777=DIRECTION('',(0.E0,1.E0,0.E0));
#9778=AXIS2_PLACEMENT_3D('',#9775,#9776,#9777);
#9779=PLANE('',#9778);
#9780=ORIENTED_EDGE('',*,*,#9761,.T.);
#9781=ORIENTED_EDGE('',*,*,#9588,.T.);
#9783=ORIENTED_EDGE('',*,*,#9782,.F.);
#9785=ORIENTED_EDGE('',*,*,#9784,.T.);
#9786=EDGE_LOOP('',(#9780,#9781,#9783,#9785));
#9787=FACE_OUTER_BOUND('',#9786,.F.);
#9789=ORIENTED_EDGE('',*,*,#9788,.T.);
#9791=ORIENTED_EDGE('',*,*,#9790,.T.);
#9793=ORIENTED_EDGE('',*,*,#9792,.T.);
#9795=ORIENTED_EDGE('',*,*,#9794,.T.);
#9796=EDGE_LOOP('',(#9789,#9791,#9793,#9795));
#9797=FACE_BOUND('',#9796,.F.);
#9799=ORIENTED_EDGE('',*,*,#9798,.T.);
#9801=ORIENTED_EDGE('',*,*,#9800,.T.);
#9803=ORIENTED_EDGE('',*,*,#9802,.T.);
#9805=ORIENTED_EDGE('',*,*,#9804,.T.);
#9807=ORIENTED_EDGE('',*,*,#9806,.T.);
#9809=ORIENTED_EDGE('',*,*,#9808,.T.);
#9811=ORIENTED_EDGE('',*,*,#9810,.T.);
#9813=ORIENTED_EDGE('',*,*,#9812,.T.);
#9815=ORIENTED_EDGE('',*,*,#9814,.T.);
#9817=ORIENTED_EDGE('',*,*,#9816,.T.);
#9818=EDGE_LOOP('',(#9799,#9801,#9803,#9805,#9807,#9809,#9811,#9813,#9815,
#9817));
#9819=FACE_BOUND('',#9818,.F.);
#9821=ORIENTED_EDGE('',*,*,#9820,.T.);
#9823=ORIENTED_EDGE('',*,*,#9822,.T.);
#9825=ORIENTED_EDGE('',*,*,#9824,.T.);
#9827=ORIENTED_EDGE('',*,*,#9826,.T.);
#9829=ORIENTED_EDGE('',*,*,#9828,.T.);
#9831=ORIENTED_EDGE('',*,*,#9830,.T.);
#9833=ORIENTED_EDGE('',*,*,#9832,.T.);
#9835=ORIENTED_EDGE('',*,*,#9834,.T.);
#9837=ORIENTED_EDGE('',*,*,#9836,.T.);
#9839=ORIENTED_EDGE('',*,*,#9838,.T.);
#9841=ORIENTED_EDGE('',*,*,#9840,.T.);
#9843=ORIENTED_EDGE('',*,*,#9842,.T.);
#9845=ORIENTED_EDGE('',*,*,#9844,.T.);
#9847=ORIENTED_EDGE('',*,*,#9846,.T.);
#9849=ORIENTED_EDGE('',*,*,#9848,.T.);
#9851=ORIENTED_EDGE('',*,*,#9850,.T.);
#9853=ORIENTED_EDGE('',*,*,#9852,.T.);
#9855=ORIENTED_EDGE('',*,*,#9854,.T.);
#9857=ORIENTED_EDGE('',*,*,#9856,.T.);
#9859=ORIENTED_EDGE('',*,*,#9858,.T.);
#9861=ORIENTED_EDGE('',*,*,#9860,.T.);
#9863=ORIENTED_EDGE('',*,*,#9862,.T.);
#9865=ORIENTED_EDGE('',*,*,#9864,.T.);
#9867=ORIENTED_EDGE('',*,*,#9866,.T.);
#9868=EDGE_LOOP('',(#9821,#9823,#9825,#9827,#9829,#9831,#9833,#9835,#9837,#9839,
#9841,#9843,#9845,#9847,#9849,#9851,#9853,#9855,#9857,#9859,#9861,#9863,#9865,
#9867));
#9869=FACE_BOUND('',#9868,.F.);
#9871=ORIENTED_EDGE('',*,*,#9870,.T.);
#9873=ORIENTED_EDGE('',*,*,#9872,.T.);
#9875=ORIENTED_EDGE('',*,*,#9874,.T.);
#9877=ORIENTED_EDGE('',*,*,#9876,.T.);
#9879=ORIENTED_EDGE('',*,*,#9878,.T.);
#9881=ORIENTED_EDGE('',*,*,#9880,.T.);
#9883=ORIENTED_EDGE('',*,*,#9882,.T.);
#9885=ORIENTED_EDGE('',*,*,#9884,.T.);
#9887=ORIENTED_EDGE('',*,*,#9886,.T.);
#9889=ORIENTED_EDGE('',*,*,#9888,.T.);
#9891=ORIENTED_EDGE('',*,*,#9890,.T.);
#9893=ORIENTED_EDGE('',*,*,#9892,.T.);
#9895=ORIENTED_EDGE('',*,*,#9894,.T.);
#9897=ORIENTED_EDGE('',*,*,#9896,.T.);
#9899=ORIENTED_EDGE('',*,*,#9898,.T.);
#9901=ORIENTED_EDGE('',*,*,#9900,.T.);
#9903=ORIENTED_EDGE('',*,*,#9902,.T.);
#9905=ORIENTED_EDGE('',*,*,#9904,.T.);
#9907=ORIENTED_EDGE('',*,*,#9906,.T.);
#9909=ORIENTED_EDGE('',*,*,#9908,.T.);
#9911=ORIENTED_EDGE('',*,*,#9910,.T.);
#9913=ORIENTED_EDGE('',*,*,#9912,.T.);
#9915=ORIENTED_EDGE('',*,*,#9914,.T.);
#9917=ORIENTED_EDGE('',*,*,#9916,.T.);
#9919=ORIENTED_EDGE('',*,*,#9918,.T.);
#9921=ORIENTED_EDGE('',*,*,#9920,.T.);
#9922=EDGE_LOOP('',(#9871,#9873,#9875,#9877,#9879,#9881,#9883,#9885,#9887,#9889,
#9891,#9893,#9895,#9897,#9899,#9901,#9903,#9905,#9907,#9909,#9911,#9913,#9915,
#9917,#9919,#9921));
#9923=FACE_BOUND('',#9922,.F.);
#9925=ORIENTED_EDGE('',*,*,#9924,.T.);
#9927=ORIENTED_EDGE('',*,*,#9926,.T.);
#9929=ORIENTED_EDGE('',*,*,#9928,.T.);
#9931=ORIENTED_EDGE('',*,*,#9930,.T.);
#9933=ORIENTED_EDGE('',*,*,#9932,.T.);
#9935=ORIENTED_EDGE('',*,*,#9934,.T.);
#9937=ORIENTED_EDGE('',*,*,#9936,.T.);
#9939=ORIENTED_EDGE('',*,*,#9938,.T.);
#9940=EDGE_LOOP('',(#9925,#9927,#9929,#9931,#9933,#9935,#9937,#9939));
#9941=FACE_BOUND('',#9940,.F.);
#9943=ORIENTED_EDGE('',*,*,#9942,.T.);
#9945=ORIENTED_EDGE('',*,*,#9944,.T.);
#9947=ORIENTED_EDGE('',*,*,#9946,.T.);
#9949=ORIENTED_EDGE('',*,*,#9948,.T.);
#9951=ORIENTED_EDGE('',*,*,#9950,.T.);
#9953=ORIENTED_EDGE('',*,*,#9952,.T.);
#9955=ORIENTED_EDGE('',*,*,#9954,.T.);
#9957=ORIENTED_EDGE('',*,*,#9956,.T.);
#9959=ORIENTED_EDGE('',*,*,#9958,.T.);
#9961=ORIENTED_EDGE('',*,*,#9960,.T.);
#9963=ORIENTED_EDGE('',*,*,#9962,.T.);
#9965=ORIENTED_EDGE('',*,*,#9964,.T.);
#9967=ORIENTED_EDGE('',*,*,#9966,.T.);
#9969=ORIENTED_EDGE('',*,*,#9968,.T.);
#9971=ORIENTED_EDGE('',*,*,#9970,.T.);
#9973=ORIENTED_EDGE('',*,*,#9972,.T.);
#9975=ORIENTED_EDGE('',*,*,#9974,.T.);
#9977=ORIENTED_EDGE('',*,*,#9976,.T.);
#9979=ORIENTED_EDGE('',*,*,#9978,.T.);
#9981=ORIENTED_EDGE('',*,*,#9980,.T.);
#9983=ORIENTED_EDGE('',*,*,#9982,.T.);
#9985=ORIENTED_EDGE('',*,*,#9984,.T.);
#9987=ORIENTED_EDGE('',*,*,#9986,.T.);
#9989=ORIENTED_EDGE('',*,*,#9988,.T.);
#9990=EDGE_LOOP('',(#9943,#9945,#9947,#9949,#9951,#9953,#9955,#9957,#9959,#9961,
#9963,#9965,#9967,#9969,#9971,#9973,#9975,#9977,#9979,#9981,#9983,#9985,#9987,
#9989));
#9991=FACE_BOUND('',#9990,.F.);
#9993=ORIENTED_EDGE('',*,*,#9992,.T.);
#9995=ORIENTED_EDGE('',*,*,#9994,.T.);
#9997=ORIENTED_EDGE('',*,*,#9996,.T.);
#9999=ORIENTED_EDGE('',*,*,#9998,.T.);
#10001=ORIENTED_EDGE('',*,*,#10000,.T.);
#10003=ORIENTED_EDGE('',*,*,#10002,.T.);
#10005=ORIENTED_EDGE('',*,*,#10004,.T.);
#10007=ORIENTED_EDGE('',*,*,#10006,.T.);
#10009=ORIENTED_EDGE('',*,*,#10008,.T.);
#10011=ORIENTED_EDGE('',*,*,#10010,.T.);
#10013=ORIENTED_EDGE('',*,*,#10012,.T.);
#10015=ORIENTED_EDGE('',*,*,#10014,.T.);
#10017=ORIENTED_EDGE('',*,*,#10016,.T.);
#10019=ORIENTED_EDGE('',*,*,#10018,.T.);
#10021=ORIENTED_EDGE('',*,*,#10020,.T.);
#10023=ORIENTED_EDGE('',*,*,#10022,.T.);
#10025=ORIENTED_EDGE('',*,*,#10024,.T.);
#10027=ORIENTED_EDGE('',*,*,#10026,.T.);
#10029=ORIENTED_EDGE('',*,*,#10028,.T.);
#10031=ORIENTED_EDGE('',*,*,#10030,.T.);
#10033=ORIENTED_EDGE('',*,*,#10032,.T.);
#10035=ORIENTED_EDGE('',*,*,#10034,.T.);
#10037=ORIENTED_EDGE('',*,*,#10036,.T.);
#10039=ORIENTED_EDGE('',*,*,#10038,.T.);
#10040=EDGE_LOOP('',(#9993,#9995,#9997,#9999,#10001,#10003,#10005,#10007,#10009,
#10011,#10013,#10015,#10017,#10019,#10021,#10023,#10025,#10027,#10029,#10031,
#10033,#10035,#10037,#10039));
#10041=FACE_BOUND('',#10040,.F.);
#10043=ORIENTED_EDGE('',*,*,#10042,.T.);
#10045=ORIENTED_EDGE('',*,*,#10044,.T.);
#10047=ORIENTED_EDGE('',*,*,#10046,.T.);
#10049=ORIENTED_EDGE('',*,*,#10048,.T.);
#10050=EDGE_LOOP('',(#10043,#10045,#10047,#10049));
#10051=FACE_BOUND('',#10050,.F.);
#10053=ORIENTED_EDGE('',*,*,#10052,.T.);
#10055=ORIENTED_EDGE('',*,*,#10054,.T.);
#10057=ORIENTED_EDGE('',*,*,#10056,.T.);
#10059=ORIENTED_EDGE('',*,*,#10058,.T.);
#10060=EDGE_LOOP('',(#10053,#10055,#10057,#10059));
#10061=FACE_BOUND('',#10060,.F.);
#10063=ORIENTED_EDGE('',*,*,#10062,.T.);
#10065=ORIENTED_EDGE('',*,*,#10064,.T.);
#10067=ORIENTED_EDGE('',*,*,#10066,.T.);
#10069=ORIENTED_EDGE('',*,*,#10068,.T.);
#10071=ORIENTED_EDGE('',*,*,#10070,.T.);
#10073=ORIENTED_EDGE('',*,*,#10072,.T.);
#10075=ORIENTED_EDGE('',*,*,#10074,.T.);
#10077=ORIENTED_EDGE('',*,*,#10076,.T.);
#10079=ORIENTED_EDGE('',*,*,#10078,.T.);
#10081=ORIENTED_EDGE('',*,*,#10080,.T.);
#10083=ORIENTED_EDGE('',*,*,#10082,.T.);
#10085=ORIENTED_EDGE('',*,*,#10084,.T.);
#10087=ORIENTED_EDGE('',*,*,#10086,.T.);
#10089=ORIENTED_EDGE('',*,*,#10088,.T.);
#10091=ORIENTED_EDGE('',*,*,#10090,.T.);
#10093=ORIENTED_EDGE('',*,*,#10092,.T.);
#10095=ORIENTED_EDGE('',*,*,#10094,.T.);
#10097=ORIENTED_EDGE('',*,*,#10096,.T.);
#10099=ORIENTED_EDGE('',*,*,#10098,.T.);
#10101=ORIENTED_EDGE('',*,*,#10100,.T.);
#10103=ORIENTED_EDGE('',*,*,#10102,.T.);
#10105=ORIENTED_EDGE('',*,*,#10104,.T.);
#10107=ORIENTED_EDGE('',*,*,#10106,.T.);
#10109=ORIENTED_EDGE('',*,*,#10108,.T.);
#10111=ORIENTED_EDGE('',*,*,#10110,.T.);
#10113=ORIENTED_EDGE('',*,*,#10112,.T.);
#10115=ORIENTED_EDGE('',*,*,#10114,.T.);
#10117=ORIENTED_EDGE('',*,*,#10116,.T.);
#10119=ORIENTED_EDGE('',*,*,#10118,.T.);
#10121=ORIENTED_EDGE('',*,*,#10120,.T.);
#10123=ORIENTED_EDGE('',*,*,#10122,.T.);
#10125=ORIENTED_EDGE('',*,*,#10124,.T.);
#10127=ORIENTED_EDGE('',*,*,#10126,.T.);
#10129=ORIENTED_EDGE('',*,*,#10128,.T.);
#10131=ORIENTED_EDGE('',*,*,#10130,.T.);
#10133=ORIENTED_EDGE('',*,*,#10132,.T.);
#10135=ORIENTED_EDGE('',*,*,#10134,.T.);
#10137=ORIENTED_EDGE('',*,*,#10136,.T.);
#10139=ORIENTED_EDGE('',*,*,#10138,.T.);
#10141=ORIENTED_EDGE('',*,*,#10140,.T.);
#10143=ORIENTED_EDGE('',*,*,#10142,.T.);
#10145=ORIENTED_EDGE('',*,*,#10144,.T.);
#10147=ORIENTED_EDGE('',*,*,#10146,.T.);
#10149=ORIENTED_EDGE('',*,*,#10148,.T.);
#10150=EDGE_LOOP('',(#10063,#10065,#10067,#10069,#10071,#10073,#10075,#10077,
#10079,#10081,#10083,#10085,#10087,#10089,#10091,#10093,#10095,#10097,#10099,
#10101,#10103,#10105,#10107,#10109,#10111,#10113,#10115,#10117,#10119,#10121,
#10123,#10125,#10127,#10129,#10131,#10133,#10135,#10137,#10139,#10141,#10143,
#10145,#10147,#10149));
#10151=FACE_BOUND('',#10150,.F.);
#10153=ORIENTED_EDGE('',*,*,#10152,.T.);
#10155=ORIENTED_EDGE('',*,*,#10154,.T.);
#10157=ORIENTED_EDGE('',*,*,#10156,.T.);
#10159=ORIENTED_EDGE('',*,*,#10158,.T.);
#10161=ORIENTED_EDGE('',*,*,#10160,.T.);
#10163=ORIENTED_EDGE('',*,*,#10162,.T.);
#10165=ORIENTED_EDGE('',*,*,#10164,.T.);
#10167=ORIENTED_EDGE('',*,*,#10166,.T.);
#10169=ORIENTED_EDGE('',*,*,#10168,.T.);
#10171=ORIENTED_EDGE('',*,*,#10170,.T.);
#10173=ORIENTED_EDGE('',*,*,#10172,.T.);
#10175=ORIENTED_EDGE('',*,*,#10174,.T.);
#10177=ORIENTED_EDGE('',*,*,#10176,.T.);
#10179=ORIENTED_EDGE('',*,*,#10178,.T.);
#10181=ORIENTED_EDGE('',*,*,#10180,.T.);
#10183=ORIENTED_EDGE('',*,*,#10182,.T.);
#10185=ORIENTED_EDGE('',*,*,#10184,.T.);
#10187=ORIENTED_EDGE('',*,*,#10186,.T.);
#10189=ORIENTED_EDGE('',*,*,#10188,.T.);
#10191=ORIENTED_EDGE('',*,*,#10190,.T.);
#10193=ORIENTED_EDGE('',*,*,#10192,.T.);
#10195=ORIENTED_EDGE('',*,*,#10194,.T.);
#10197=ORIENTED_EDGE('',*,*,#10196,.T.);
#10199=ORIENTED_EDGE('',*,*,#10198,.T.);
#10200=EDGE_LOOP('',(#10153,#10155,#10157,#10159,#10161,#10163,#10165,#10167,
#10169,#10171,#10173,#10175,#10177,#10179,#10181,#10183,#10185,#10187,#10189,
#10191,#10193,#10195,#10197,#10199));
#10201=FACE_BOUND('',#10200,.F.);
#10203=ORIENTED_EDGE('',*,*,#10202,.T.);
#10205=ORIENTED_EDGE('',*,*,#10204,.T.);
#10207=ORIENTED_EDGE('',*,*,#10206,.T.);
#10209=ORIENTED_EDGE('',*,*,#10208,.T.);
#10211=ORIENTED_EDGE('',*,*,#10210,.T.);
#10213=ORIENTED_EDGE('',*,*,#10212,.T.);
#10215=ORIENTED_EDGE('',*,*,#10214,.T.);
#10217=ORIENTED_EDGE('',*,*,#10216,.T.);
#10219=ORIENTED_EDGE('',*,*,#10218,.T.);
#10221=ORIENTED_EDGE('',*,*,#10220,.T.);
#10223=ORIENTED_EDGE('',*,*,#10222,.T.);
#10225=ORIENTED_EDGE('',*,*,#10224,.T.);
#10227=ORIENTED_EDGE('',*,*,#10226,.T.);
#10229=ORIENTED_EDGE('',*,*,#10228,.T.);
#10231=ORIENTED_EDGE('',*,*,#10230,.T.);
#10233=ORIENTED_EDGE('',*,*,#10232,.T.);
#10235=ORIENTED_EDGE('',*,*,#10234,.T.);
#10237=ORIENTED_EDGE('',*,*,#10236,.T.);
#10239=ORIENTED_EDGE('',*,*,#10238,.T.);
#10241=ORIENTED_EDGE('',*,*,#10240,.T.);
#10243=ORIENTED_EDGE('',*,*,#10242,.T.);
#10245=ORIENTED_EDGE('',*,*,#10244,.T.);
#10247=ORIENTED_EDGE('',*,*,#10246,.T.);
#10249=ORIENTED_EDGE('',*,*,#10248,.T.);
#10251=ORIENTED_EDGE('',*,*,#10250,.T.);
#10253=ORIENTED_EDGE('',*,*,#10252,.T.);
#10254=EDGE_LOOP('',(#10203,#10205,#10207,#10209,#10211,#10213,#10215,#10217,
#10219,#10221,#10223,#10225,#10227,#10229,#10231,#10233,#10235,#10237,#10239,
#10241,#10243,#10245,#10247,#10249,#10251,#10253));
#10255=FACE_BOUND('',#10254,.F.);
#10257=ORIENTED_EDGE('',*,*,#10256,.T.);
#10259=ORIENTED_EDGE('',*,*,#10258,.T.);
#10261=ORIENTED_EDGE('',*,*,#10260,.T.);
#10263=ORIENTED_EDGE('',*,*,#10262,.T.);
#10265=ORIENTED_EDGE('',*,*,#10264,.T.);
#10267=ORIENTED_EDGE('',*,*,#10266,.T.);
#10269=ORIENTED_EDGE('',*,*,#10268,.T.);
#10271=ORIENTED_EDGE('',*,*,#10270,.T.);
#10273=ORIENTED_EDGE('',*,*,#10272,.T.);
#10275=ORIENTED_EDGE('',*,*,#10274,.T.);
#10277=ORIENTED_EDGE('',*,*,#10276,.T.);
#10279=ORIENTED_EDGE('',*,*,#10278,.T.);
#10281=ORIENTED_EDGE('',*,*,#10280,.T.);
#10282=EDGE_LOOP('',(#10257,#10259,#10261,#10263,#10265,#10267,#10269,#10271,
#10273,#10275,#10277,#10279,#10281));
#10283=FACE_BOUND('',#10282,.F.);
#10285=ORIENTED_EDGE('',*,*,#10284,.T.);
#10287=ORIENTED_EDGE('',*,*,#10286,.T.);
#10289=ORIENTED_EDGE('',*,*,#10288,.T.);
#10291=ORIENTED_EDGE('',*,*,#10290,.T.);
#10293=ORIENTED_EDGE('',*,*,#10292,.T.);
#10295=ORIENTED_EDGE('',*,*,#10294,.T.);
#10297=ORIENTED_EDGE('',*,*,#10296,.T.);
#10299=ORIENTED_EDGE('',*,*,#10298,.T.);
#10301=ORIENTED_EDGE('',*,*,#10300,.T.);
#10303=ORIENTED_EDGE('',*,*,#10302,.T.);
#10305=ORIENTED_EDGE('',*,*,#10304,.T.);
#10307=ORIENTED_EDGE('',*,*,#10306,.T.);
#10309=ORIENTED_EDGE('',*,*,#10308,.T.);
#10311=ORIENTED_EDGE('',*,*,#10310,.T.);
#10313=ORIENTED_EDGE('',*,*,#10312,.T.);
#10315=ORIENTED_EDGE('',*,*,#10314,.T.);
#10317=ORIENTED_EDGE('',*,*,#10316,.T.);
#10319=ORIENTED_EDGE('',*,*,#10318,.T.);
#10321=ORIENTED_EDGE('',*,*,#10320,.T.);
#10322=EDGE_LOOP('',(#10285,#10287,#10289,#10291,#10293,#10295,#10297,#10299,
#10301,#10303,#10305,#10307,#10309,#10311,#10313,#10315,#10317,#10319,#10321));
#10323=FACE_BOUND('',#10322,.F.);
#10325=ORIENTED_EDGE('',*,*,#10324,.T.);
#10327=ORIENTED_EDGE('',*,*,#10326,.T.);
#10329=ORIENTED_EDGE('',*,*,#10328,.T.);
#10331=ORIENTED_EDGE('',*,*,#10330,.T.);
#10333=ORIENTED_EDGE('',*,*,#10332,.T.);
#10335=ORIENTED_EDGE('',*,*,#10334,.T.);
#10337=ORIENTED_EDGE('',*,*,#10336,.T.);
#10339=ORIENTED_EDGE('',*,*,#10338,.T.);
#10341=ORIENTED_EDGE('',*,*,#10340,.T.);
#10343=ORIENTED_EDGE('',*,*,#10342,.T.);
#10345=ORIENTED_EDGE('',*,*,#10344,.T.);
#10347=ORIENTED_EDGE('',*,*,#10346,.T.);
#10349=ORIENTED_EDGE('',*,*,#10348,.T.);
#10350=EDGE_LOOP('',(#10325,#10327,#10329,#10331,#10333,#10335,#10337,#10339,
#10341,#10343,#10345,#10347,#10349));
#10351=FACE_BOUND('',#10350,.F.);
#10353=ORIENTED_EDGE('',*,*,#10352,.T.);
#10355=ORIENTED_EDGE('',*,*,#10354,.T.);
#10357=ORIENTED_EDGE('',*,*,#10356,.T.);
#10359=ORIENTED_EDGE('',*,*,#10358,.T.);
#10361=ORIENTED_EDGE('',*,*,#10360,.T.);
#10363=ORIENTED_EDGE('',*,*,#10362,.T.);
#10365=ORIENTED_EDGE('',*,*,#10364,.T.);
#10367=ORIENTED_EDGE('',*,*,#10366,.T.);
#10369=ORIENTED_EDGE('',*,*,#10368,.T.);
#10371=ORIENTED_EDGE('',*,*,#10370,.T.);
#10373=ORIENTED_EDGE('',*,*,#10372,.T.);
#10375=ORIENTED_EDGE('',*,*,#10374,.T.);
#10377=ORIENTED_EDGE('',*,*,#10376,.T.);
#10379=ORIENTED_EDGE('',*,*,#10378,.T.);
#10381=ORIENTED_EDGE('',*,*,#10380,.T.);
#10383=ORIENTED_EDGE('',*,*,#10382,.T.);
#10385=ORIENTED_EDGE('',*,*,#10384,.T.);
#10387=ORIENTED_EDGE('',*,*,#10386,.T.);
#10389=ORIENTED_EDGE('',*,*,#10388,.T.);
#10391=ORIENTED_EDGE('',*,*,#10390,.T.);
#10393=ORIENTED_EDGE('',*,*,#10392,.T.);
#10395=ORIENTED_EDGE('',*,*,#10394,.T.);
#10397=ORIENTED_EDGE('',*,*,#10396,.T.);
#10399=ORIENTED_EDGE('',*,*,#10398,.T.);
#10401=ORIENTED_EDGE('',*,*,#10400,.T.);
#10403=ORIENTED_EDGE('',*,*,#10402,.T.);
#10405=ORIENTED_EDGE('',*,*,#10404,.T.);
#10407=ORIENTED_EDGE('',*,*,#10406,.T.);
#10409=ORIENTED_EDGE('',*,*,#10408,.T.);
#10411=ORIENTED_EDGE('',*,*,#10410,.T.);
#10413=ORIENTED_EDGE('',*,*,#10412,.T.);
#10415=ORIENTED_EDGE('',*,*,#10414,.T.);
#10417=ORIENTED_EDGE('',*,*,#10416,.T.);
#10419=ORIENTED_EDGE('',*,*,#10418,.T.);
#10421=ORIENTED_EDGE('',*,*,#10420,.T.);
#10423=ORIENTED_EDGE('',*,*,#10422,.T.);
#10425=ORIENTED_EDGE('',*,*,#10424,.T.);
#10427=ORIENTED_EDGE('',*,*,#10426,.T.);
#10429=ORIENTED_EDGE('',*,*,#10428,.T.);
#10430=EDGE_LOOP('',(#10353,#10355,#10357,#10359,#10361,#10363,#10365,#10367,
#10369,#10371,#10373,#10375,#10377,#10379,#10381,#10383,#10385,#10387,#10389,
#10391,#10393,#10395,#10397,#10399,#10401,#10403,#10405,#10407,#10409,#10411,
#10413,#10415,#10417,#10419,#10421,#10423,#10425,#10427,#10429));
#10431=FACE_BOUND('',#10430,.F.);
#10433=ORIENTED_EDGE('',*,*,#10432,.T.);
#10435=ORIENTED_EDGE('',*,*,#10434,.T.);
#10437=ORIENTED_EDGE('',*,*,#10436,.T.);
#10439=ORIENTED_EDGE('',*,*,#10438,.T.);
#10441=ORIENTED_EDGE('',*,*,#10440,.T.);
#10443=ORIENTED_EDGE('',*,*,#10442,.T.);
#10445=ORIENTED_EDGE('',*,*,#10444,.T.);
#10447=ORIENTED_EDGE('',*,*,#10446,.T.);
#10449=ORIENTED_EDGE('',*,*,#10448,.T.);
#10451=ORIENTED_EDGE('',*,*,#10450,.T.);
#10453=ORIENTED_EDGE('',*,*,#10452,.T.);
#10455=ORIENTED_EDGE('',*,*,#10454,.T.);
#10457=ORIENTED_EDGE('',*,*,#10456,.T.);
#10459=ORIENTED_EDGE('',*,*,#10458,.T.);
#10461=ORIENTED_EDGE('',*,*,#10460,.T.);
#10463=ORIENTED_EDGE('',*,*,#10462,.T.);
#10465=ORIENTED_EDGE('',*,*,#10464,.T.);
#10467=ORIENTED_EDGE('',*,*,#10466,.T.);
#10469=ORIENTED_EDGE('',*,*,#10468,.T.);
#10471=ORIENTED_EDGE('',*,*,#10470,.T.);
#10473=ORIENTED_EDGE('',*,*,#10472,.T.);
#10475=ORIENTED_EDGE('',*,*,#10474,.T.);
#10477=ORIENTED_EDGE('',*,*,#10476,.T.);
#10479=ORIENTED_EDGE('',*,*,#10478,.T.);
#10480=EDGE_LOOP('',(#10433,#10435,#10437,#10439,#10441,#10443,#10445,#10447,
#10449,#10451,#10453,#10455,#10457,#10459,#10461,#10463,#10465,#10467,#10469,
#10471,#10473,#10475,#10477,#10479));
#10481=FACE_BOUND('',#10480,.F.);
#10483=ORIENTED_EDGE('',*,*,#10482,.T.);
#10485=ORIENTED_EDGE('',*,*,#10484,.T.);
#10487=ORIENTED_EDGE('',*,*,#10486,.T.);
#10489=ORIENTED_EDGE('',*,*,#10488,.T.);
#10491=ORIENTED_EDGE('',*,*,#10490,.T.);
#10493=ORIENTED_EDGE('',*,*,#10492,.T.);
#10495=ORIENTED_EDGE('',*,*,#10494,.T.);
#10497=ORIENTED_EDGE('',*,*,#10496,.T.);
#10499=ORIENTED_EDGE('',*,*,#10498,.T.);
#10501=ORIENTED_EDGE('',*,*,#10500,.T.);
#10503=ORIENTED_EDGE('',*,*,#10502,.T.);
#10505=ORIENTED_EDGE('',*,*,#10504,.T.);
#10507=ORIENTED_EDGE('',*,*,#10506,.T.);
#10509=ORIENTED_EDGE('',*,*,#10508,.T.);
#10511=ORIENTED_EDGE('',*,*,#10510,.T.);
#10513=ORIENTED_EDGE('',*,*,#10512,.T.);
#10515=ORIENTED_EDGE('',*,*,#10514,.T.);
#10517=ORIENTED_EDGE('',*,*,#10516,.T.);
#10519=ORIENTED_EDGE('',*,*,#10518,.T.);
#10521=ORIENTED_EDGE('',*,*,#10520,.T.);
#10523=ORIENTED_EDGE('',*,*,#10522,.T.);
#10525=ORIENTED_EDGE('',*,*,#10524,.T.);
#10527=ORIENTED_EDGE('',*,*,#10526,.T.);
#10529=ORIENTED_EDGE('',*,*,#10528,.T.);
#10531=ORIENTED_EDGE('',*,*,#10530,.T.);
#10533=ORIENTED_EDGE('',*,*,#10532,.T.);
#10535=ORIENTED_EDGE('',*,*,#10534,.T.);
#10537=ORIENTED_EDGE('',*,*,#10536,.T.);
#10539=ORIENTED_EDGE('',*,*,#10538,.T.);
#10541=ORIENTED_EDGE('',*,*,#10540,.T.);
#10543=ORIENTED_EDGE('',*,*,#10542,.T.);
#10545=ORIENTED_EDGE('',*,*,#10544,.T.);
#10547=ORIENTED_EDGE('',*,*,#10546,.T.);
#10549=ORIENTED_EDGE('',*,*,#10548,.T.);
#10551=ORIENTED_EDGE('',*,*,#10550,.T.);
#10553=ORIENTED_EDGE('',*,*,#10552,.T.);
#10555=ORIENTED_EDGE('',*,*,#10554,.T.);
#10557=ORIENTED_EDGE('',*,*,#10556,.T.);
#10559=ORIENTED_EDGE('',*,*,#10558,.T.);
#10561=ORIENTED_EDGE('',*,*,#10560,.T.);
#10563=ORIENTED_EDGE('',*,*,#10562,.T.);
#10565=ORIENTED_EDGE('',*,*,#10564,.T.);
#10567=ORIENTED_EDGE('',*,*,#10566,.T.);
#10569=ORIENTED_EDGE('',*,*,#10568,.T.);
#10570=EDGE_LOOP('',(#10483,#10485,#10487,#10489,#10491,#10493,#10495,#10497,
#10499,#10501,#10503,#10505,#10507,#10509,#10511,#10513,#10515,#10517,#10519,
#10521,#10523,#10525,#10527,#10529,#10531,#10533,#10535,#10537,#10539,#10541,
#10543,#10545,#10547,#10549,#10551,#10553,#10555,#10557,#10559,#10561,#10563,
#10565,#10567,#10569));
#10571=FACE_BOUND('',#10570,.F.);
#10573=ORIENTED_EDGE('',*,*,#10572,.T.);
#10575=ORIENTED_EDGE('',*,*,#10574,.T.);
#10577=ORIENTED_EDGE('',*,*,#10576,.T.);
#10579=ORIENTED_EDGE('',*,*,#10578,.T.);
#10581=ORIENTED_EDGE('',*,*,#10580,.T.);
#10583=ORIENTED_EDGE('',*,*,#10582,.T.);
#10585=ORIENTED_EDGE('',*,*,#10584,.T.);
#10587=ORIENTED_EDGE('',*,*,#10586,.T.);
#10589=ORIENTED_EDGE('',*,*,#10588,.T.);
#10591=ORIENTED_EDGE('',*,*,#10590,.T.);
#10593=ORIENTED_EDGE('',*,*,#10592,.T.);
#10595=ORIENTED_EDGE('',*,*,#10594,.T.);
#10597=ORIENTED_EDGE('',*,*,#10596,.T.);
#10599=ORIENTED_EDGE('',*,*,#10598,.T.);
#10601=ORIENTED_EDGE('',*,*,#10600,.T.);
#10603=ORIENTED_EDGE('',*,*,#10602,.T.);
#10605=ORIENTED_EDGE('',*,*,#10604,.T.);
#10607=ORIENTED_EDGE('',*,*,#10606,.T.);
#10609=ORIENTED_EDGE('',*,*,#10608,.T.);
#10611=ORIENTED_EDGE('',*,*,#10610,.T.);
#10613=ORIENTED_EDGE('',*,*,#10612,.T.);
#10615=ORIENTED_EDGE('',*,*,#10614,.T.);
#10617=ORIENTED_EDGE('',*,*,#10616,.T.);
#10619=ORIENTED_EDGE('',*,*,#10618,.T.);
#10621=ORIENTED_EDGE('',*,*,#10620,.T.);
#10623=ORIENTED_EDGE('',*,*,#10622,.T.);
#10625=ORIENTED_EDGE('',*,*,#10624,.T.);
#10627=ORIENTED_EDGE('',*,*,#10626,.T.);
#10629=ORIENTED_EDGE('',*,*,#10628,.T.);
#10631=ORIENTED_EDGE('',*,*,#10630,.T.);
#10633=ORIENTED_EDGE('',*,*,#10632,.T.);
#10635=ORIENTED_EDGE('',*,*,#10634,.T.);
#10636=EDGE_LOOP('',(#10573,#10575,#10577,#10579,#10581,#10583,#10585,#10587,
#10589,#10591,#10593,#10595,#10597,#10599,#10601,#10603,#10605,#10607,#10609,
#10611,#10613,#10615,#10617,#10619,#10621,#10623,#10625,#10627,#10629,#10631,
#10633,#10635));
#10637=FACE_BOUND('',#10636,.F.);
#10639=ORIENTED_EDGE('',*,*,#10638,.T.);
#10641=ORIENTED_EDGE('',*,*,#10640,.F.);
#10643=ORIENTED_EDGE('',*,*,#10642,.T.);
#10645=ORIENTED_EDGE('',*,*,#10644,.F.);
#10647=ORIENTED_EDGE('',*,*,#10646,.T.);
#10649=ORIENTED_EDGE('',*,*,#10648,.F.);
#10651=ORIENTED_EDGE('',*,*,#10650,.T.);
#10653=ORIENTED_EDGE('',*,*,#10652,.F.);
#10654=EDGE_LOOP('',(#10639,#10641,#10643,#10645,#10647,#10649,#10651,#10653));
#10655=FACE_BOUND('',#10654,.F.);
#10656=ADVANCED_FACE('',(#9787,#9797,#9819,#9869,#9923,#9941,#9991,#10041,
#10051,#10061,#10151,#10201,#10255,#10283,#10323,#10351,#10431,#10481,#10571,
#10637,#10655),#9779,.T.);
#10657=CARTESIAN_POINT('',(1.778000030517E2,2.136800003052E1,
-7.096364997533E0));
#10658=DIRECTION('',(0.E0,0.E0,-1.E0));
#10659=DIRECTION('',(0.E0,1.E0,0.E0));
#10660=AXIS2_PLACEMENT_3D('',#10657,#10658,#10659);
#10661=PLANE('',#10660);
#10663=ORIENTED_EDGE('',*,*,#10662,.T.);
#10665=ORIENTED_EDGE('',*,*,#10664,.T.);
#10667=ORIENTED_EDGE('',*,*,#10666,.T.);
#10669=ORIENTED_EDGE('',*,*,#10668,.T.);
#10671=ORIENTED_EDGE('',*,*,#10670,.T.);
#10673=ORIENTED_EDGE('',*,*,#10672,.T.);
#10675=ORIENTED_EDGE('',*,*,#10674,.T.);
#10677=ORIENTED_EDGE('',*,*,#10676,.T.);
#10679=ORIENTED_EDGE('',*,*,#10678,.T.);
#10681=ORIENTED_EDGE('',*,*,#10680,.T.);
#10683=ORIENTED_EDGE('',*,*,#10682,.T.);
#10685=ORIENTED_EDGE('',*,*,#10684,.T.);
#10687=ORIENTED_EDGE('',*,*,#10686,.T.);
#10689=ORIENTED_EDGE('',*,*,#10688,.T.);
#10691=ORIENTED_EDGE('',*,*,#10690,.T.);
#10693=ORIENTED_EDGE('',*,*,#10692,.T.);
#10695=ORIENTED_EDGE('',*,*,#10694,.T.);
#10697=ORIENTED_EDGE('',*,*,#10696,.T.);
#10699=ORIENTED_EDGE('',*,*,#10698,.T.);
#10701=ORIENTED_EDGE('',*,*,#10700,.T.);
#10702=EDGE_LOOP('',(#10663,#10665,#10667,#10669,#10671,#10673,#10675,#10677,
#10679,#10681,#10683,#10685,#10687,#10689,#10691,#10693,#10695,#10697,#10699,
#10701));
#10703=FACE_OUTER_BOUND('',#10702,.F.);
#10704=ADVANCED_FACE('',(#10703),#10661,.T.);
#10705=CARTESIAN_POINT('',(1.778000030517E2,2.136800003052E1,
-7.096364997533E0));
#10706=DIRECTION('',(0.E0,0.E0,-1.E0));
#10707=DIRECTION('',(0.E0,1.E0,0.E0));
#10708=AXIS2_PLACEMENT_3D('',#10705,#10706,#10707);
#10709=PLANE('',#10708);
#10711=ORIENTED_EDGE('',*,*,#10710,.T.);
#10713=ORIENTED_EDGE('',*,*,#10712,.T.);
#10715=ORIENTED_EDGE('',*,*,#10714,.T.);
#10717=ORIENTED_EDGE('',*,*,#10716,.T.);
#10719=ORIENTED_EDGE('',*,*,#10718,.T.);
#10721=ORIENTED_EDGE('',*,*,#10720,.T.);
#10723=ORIENTED_EDGE('',*,*,#10722,.T.);
#10725=ORIENTED_EDGE('',*,*,#10724,.T.);
#10727=ORIENTED_EDGE('',*,*,#10726,.T.);
#10729=ORIENTED_EDGE('',*,*,#10728,.T.);
#10731=ORIENTED_EDGE('',*,*,#10730,.T.);
#10733=ORIENTED_EDGE('',*,*,#10732,.T.);
#10735=ORIENTED_EDGE('',*,*,#10734,.T.);
#10737=ORIENTED_EDGE('',*,*,#10736,.T.);
#10739=ORIENTED_EDGE('',*,*,#10738,.T.);
#10741=ORIENTED_EDGE('',*,*,#10740,.T.);
#10743=ORIENTED_EDGE('',*,*,#10742,.T.);
#10745=ORIENTED_EDGE('',*,*,#10744,.T.);
#10747=ORIENTED_EDGE('',*,*,#10746,.T.);
#10749=ORIENTED_EDGE('',*,*,#10748,.T.);
#10750=EDGE_LOOP('',(#10711,#10713,#10715,#10717,#10719,#10721,#10723,#10725,
#10727,#10729,#10731,#10733,#10735,#10737,#10739,#10741,#10743,#10745,#10747,
#10749));
#10751=FACE_OUTER_BOUND('',#10750,.F.);
#10752=ADVANCED_FACE('',(#10751),#10709,.T.);
#10753=CARTESIAN_POINT('',(1.778000030517E2,2.136800003052E1,
-7.096364997533E0));
#10754=DIRECTION('',(0.E0,0.E0,-1.E0));
#10755=DIRECTION('',(0.E0,1.E0,0.E0));
#10756=AXIS2_PLACEMENT_3D('',#10753,#10754,#10755);
#10757=PLANE('',#10756);
#10759=ORIENTED_EDGE('',*,*,#10758,.T.);
#10761=ORIENTED_EDGE('',*,*,#10760,.T.);
#10763=ORIENTED_EDGE('',*,*,#10762,.T.);
#10765=ORIENTED_EDGE('',*,*,#10764,.T.);
#10767=ORIENTED_EDGE('',*,*,#10766,.T.);
#10769=ORIENTED_EDGE('',*,*,#10768,.T.);
#10771=ORIENTED_EDGE('',*,*,#10770,.T.);
#10773=ORIENTED_EDGE('',*,*,#10772,.T.);
#10775=ORIENTED_EDGE('',*,*,#10774,.T.);
#10777=ORIENTED_EDGE('',*,*,#10776,.T.);
#10779=ORIENTED_EDGE('',*,*,#10778,.T.);
#10781=ORIENTED_EDGE('',*,*,#10780,.T.);
#10783=ORIENTED_EDGE('',*,*,#10782,.T.);
#10785=ORIENTED_EDGE('',*,*,#10784,.T.);
#10787=ORIENTED_EDGE('',*,*,#10786,.T.);
#10789=ORIENTED_EDGE('',*,*,#10788,.T.);
#10791=ORIENTED_EDGE('',*,*,#10790,.T.);
#10793=ORIENTED_EDGE('',*,*,#10792,.T.);
#10795=ORIENTED_EDGE('',*,*,#10794,.T.);
#10797=ORIENTED_EDGE('',*,*,#10796,.T.);
#10798=EDGE_LOOP('',(#10759,#10761,#10763,#10765,#10767,#10769,#10771,#10773,
#10775,#10777,#10779,#10781,#10783,#10785,#10787,#10789,#10791,#10793,#10795,
#10797));
#10799=FACE_OUTER_BOUND('',#10798,.F.);
#10800=ADVANCED_FACE('',(#10799),#10757,.T.);
#10801=CARTESIAN_POINT('',(1.778000030517E2,2.136800003052E1,
-7.096364997533E0));
#10802=DIRECTION('',(0.E0,0.E0,-1.E0));
#10803=DIRECTION('',(0.E0,1.E0,0.E0));
#10804=AXIS2_PLACEMENT_3D('',#10801,#10802,#10803);
#10805=PLANE('',#10804);
#10807=ORIENTED_EDGE('',*,*,#10806,.T.);
#10809=ORIENTED_EDGE('',*,*,#10808,.T.);
#10811=ORIENTED_EDGE('',*,*,#10810,.T.);
#10813=ORIENTED_EDGE('',*,*,#10812,.T.);
#10815=ORIENTED_EDGE('',*,*,#10814,.T.);
#10817=ORIENTED_EDGE('',*,*,#10816,.T.);
#10819=ORIENTED_EDGE('',*,*,#10818,.T.);
#10821=ORIENTED_EDGE('',*,*,#10820,.T.);
#10823=ORIENTED_EDGE('',*,*,#10822,.T.);
#10825=ORIENTED_EDGE('',*,*,#10824,.T.);
#10827=ORIENTED_EDGE('',*,*,#10826,.T.);
#10829=ORIENTED_EDGE('',*,*,#10828,.T.);
#10831=ORIENTED_EDGE('',*,*,#10830,.T.);
#10832=EDGE_LOOP('',(#10807,#10809,#10811,#10813,#10815,#10817,#10819,#10821,
#10823,#10825,#10827,#10829,#10831));
#10833=FACE_OUTER_BOUND('',#10832,.F.);
#10834=ADVANCED_FACE('',(#10833),#10805,.T.);
#10835=CARTESIAN_POINT('',(1.778000030517E2,2.136800003052E1,
-7.096364997533E0));
#10836=DIRECTION('',(0.E0,0.E0,-1.E0));
#10837=DIRECTION('',(0.E0,1.E0,0.E0));
#10838=AXIS2_PLACEMENT_3D('',#10835,#10836,#10837);
#10839=PLANE('',#10838);
#10841=ORIENTED_EDGE('',*,*,#10840,.T.);
#10843=ORIENTED_EDGE('',*,*,#10842,.T.);
#10845=ORIENTED_EDGE('',*,*,#10844,.T.);
#10847=ORIENTED_EDGE('',*,*,#10846,.T.);
#10849=ORIENTED_EDGE('',*,*,#10848,.T.);
#10851=ORIENTED_EDGE('',*,*,#10850,.T.);
#10853=ORIENTED_EDGE('',*,*,#10852,.T.);
#10855=ORIENTED_EDGE('',*,*,#10854,.T.);
#10857=ORIENTED_EDGE('',*,*,#10856,.T.);
#10859=ORIENTED_EDGE('',*,*,#10858,.T.);
#10861=ORIENTED_EDGE('',*,*,#10860,.T.);
#10863=ORIENTED_EDGE('',*,*,#10862,.T.);
#10865=ORIENTED_EDGE('',*,*,#10864,.T.);
#10867=ORIENTED_EDGE('',*,*,#10866,.T.);
#10869=ORIENTED_EDGE('',*,*,#10868,.T.);
#10871=ORIENTED_EDGE('',*,*,#10870,.T.);
#10873=ORIENTED_EDGE('',*,*,#10872,.T.);
#10874=EDGE_LOOP('',(#10841,#10843,#10845,#10847,#10849,#10851,#10853,#10855,
#10857,#10859,#10861,#10863,#10865,#10867,#10869,#10871,#10873));
#10875=FACE_OUTER_BOUND('',#10874,.F.);
#10876=ADVANCED_FACE('',(#10875),#10839,.T.);
#10877=CARTESIAN_POINT('',(1.778000030517E2,2.136800003052E1,
-7.096364997533E0));
#10878=DIRECTION('',(0.E0,0.E0,-1.E0));
#10879=DIRECTION('',(0.E0,1.E0,0.E0));
#10880=AXIS2_PLACEMENT_3D('',#10877,#10878,#10879);
#10881=PLANE('',#10880);
#10883=ORIENTED_EDGE('',*,*,#10882,.T.);
#10885=ORIENTED_EDGE('',*,*,#10884,.T.);
#10887=ORIENTED_EDGE('',*,*,#10886,.T.);
#10889=ORIENTED_EDGE('',*,*,#10888,.T.);
#10891=ORIENTED_EDGE('',*,*,#10890,.T.);
#10893=ORIENTED_EDGE('',*,*,#10892,.T.);
#10895=ORIENTED_EDGE('',*,*,#10894,.T.);
#10897=ORIENTED_EDGE('',*,*,#10896,.T.);
#10899=ORIENTED_EDGE('',*,*,#10898,.T.);
#10901=ORIENTED_EDGE('',*,*,#10900,.T.);
#10902=EDGE_LOOP('',(#10883,#10885,#10887,#10889,#10891,#10893,#10895,#10897,
#10899,#10901));
#10903=FACE_OUTER_BOUND('',#10902,.F.);
#10904=ADVANCED_FACE('',(#10903),#10881,.T.);
#10905=CARTESIAN_POINT('',(1.778000030517E2,2.136800003052E1,1.946443545739E1));
#10906=DIRECTION('',(0.E0,-1.E0,0.E0));
#10907=DIRECTION('',(0.E0,0.E0,-1.E0));
#10908=AXIS2_PLACEMENT_3D('',#10905,#10906,#10907);
#10909=PLANE('',#10908);
#10911=ORIENTED_EDGE('',*,*,#10910,.T.);
#10913=ORIENTED_EDGE('',*,*,#10912,.F.);
#10915=ORIENTED_EDGE('',*,*,#10914,.T.);
#10916=ORIENTED_EDGE('',*,*,#9782,.T.);
#10917=ORIENTED_EDGE('',*,*,#9586,.T.);
#10919=ORIENTED_EDGE('',*,*,#10918,.F.);
#10921=ORIENTED_EDGE('',*,*,#10920,.F.);
#10923=ORIENTED_EDGE('',*,*,#10922,.F.);
#10924=ORIENTED_EDGE('',*,*,#9574,.T.);
#10926=ORIENTED_EDGE('',*,*,#10925,.F.);
#10928=ORIENTED_EDGE('',*,*,#10927,.T.);
#10930=ORIENTED_EDGE('',*,*,#10929,.F.);
#10931=EDGE_LOOP('',(#10911,#10913,#10915,#10916,#10917,#10919,#10921,#10923,
#10924,#10926,#10928,#10930));
#10932=FACE_OUTER_BOUND('',#10931,.F.);
#10933=ADVANCED_FACE('',(#10932),#10909,.T.);
#10934=CARTESIAN_POINT('',(1.714804997057E2,1.836800003052E1,
-4.172105829136E1));
#10935=DIRECTION('',(0.E0,0.E0,1.E0));
#10936=DIRECTION('',(0.E0,1.E0,0.E0));
#10937=AXIS2_PLACEMENT_3D('',#10934,#10935,#10936);
#10938=CYLINDRICAL_SURFACE('',#10937,3.E0);
#10939=ORIENTED_EDGE('',*,*,#10910,.F.);
#10941=ORIENTED_EDGE('',*,*,#10940,.T.);
#10943=ORIENTED_EDGE('',*,*,#10942,.T.);
#10945=ORIENTED_EDGE('',*,*,#10944,.T.);
#10946=EDGE_LOOP('',(#10939,#10941,#10943,#10945));
#10947=FACE_OUTER_BOUND('',#10946,.F.);
#10948=ADVANCED_FACE('',(#10947),#10938,.F.);
#10949=CARTESIAN_POINT('',(1.584804997057E2,2.136800003052E1,1.646443545739E1));
#10950=DIRECTION('',(0.E0,0.E0,-1.E0));
#10951=DIRECTION('',(1.E0,0.E0,0.E0));
#10952=AXIS2_PLACEMENT_3D('',#10949,#10950,#10951);
#10953=PLANE('',#10952);
#10955=ORIENTED_EDGE('',*,*,#10954,.F.);
#10957=ORIENTED_EDGE('',*,*,#10956,.T.);
#10959=ORIENTED_EDGE('',*,*,#10958,.F.);
#10961=ORIENTED_EDGE('',*,*,#10960,.F.);
#10962=ORIENTED_EDGE('',*,*,#10940,.F.);
#10963=ORIENTED_EDGE('',*,*,#10929,.T.);
#10965=ORIENTED_EDGE('',*,*,#10964,.F.);
#10967=ORIENTED_EDGE('',*,*,#10966,.T.);
#10968=EDGE_LOOP('',(#10955,#10957,#10959,#10961,#10962,#10963,#10965,#10967));
#10969=FACE_OUTER_BOUND('',#10968,.F.);
#10971=ORIENTED_EDGE('',*,*,#10970,.T.);
#10973=ORIENTED_EDGE('',*,*,#10972,.T.);
#10974=EDGE_LOOP('',(#10971,#10973));
#10975=FACE_BOUND('',#10974,.F.);
#10976=ADVANCED_FACE('',(#10969,#10975),#10953,.T.);
#10977=CARTESIAN_POINT('',(1.634804997057E2,1.636800003052E1,1.646443545739E1));
#10978=DIRECTION('',(0.E0,0.E0,-1.E0));
#10979=DIRECTION('',(-1.E0,0.E0,0.E0));
#10980=AXIS2_PLACEMENT_3D('',#10977,#10978,#10979);
#10981=CYLINDRICAL_SURFACE('',#10980,2.75E0);
#10983=ORIENTED_EDGE('',*,*,#10982,.T.);
#10985=ORIENTED_EDGE('',*,*,#10984,.F.);
#10986=ORIENTED_EDGE('',*,*,#10970,.F.);
#10988=ORIENTED_EDGE('',*,*,#10987,.T.);
#10989=EDGE_LOOP('',(#10983,#10985,#10986,#10988));
#10990=FACE_OUTER_BOUND('',#10989,.F.);
#10991=ADVANCED_FACE('',(#10990),#10981,.F.);
#10992=CARTESIAN_POINT('',(1.778000030517E2,6.499200057983E1,1.946443545739E1));
#10993=DIRECTION('',(0.E0,0.E0,1.E0));
#10994=DIRECTION('',(0.E0,-1.E0,0.E0));
#10995=AXIS2_PLACEMENT_3D('',#10992,#10993,#10994);
#10996=PLANE('',#10995);
#10998=ORIENTED_EDGE('',*,*,#10997,.F.);
#11000=ORIENTED_EDGE('',*,*,#10999,.F.);
#11002=ORIENTED_EDGE('',*,*,#11001,.F.);
#11003=ORIENTED_EDGE('',*,*,#10925,.T.);
#11004=ORIENTED_EDGE('',*,*,#9572,.T.);
#11005=ORIENTED_EDGE('',*,*,#9765,.T.);
#11007=ORIENTED_EDGE('',*,*,#11006,.T.);
#11008=ORIENTED_EDGE('',*,*,#10912,.T.);
#11009=ORIENTED_EDGE('',*,*,#10944,.F.);
#11011=ORIENTED_EDGE('',*,*,#11010,.T.);
#11013=ORIENTED_EDGE('',*,*,#11012,.F.);
#11015=ORIENTED_EDGE('',*,*,#11014,.T.);
#11016=EDGE_LOOP('',(#10998,#11000,#11002,#11003,#11004,#11005,#11007,#11008,
#11009,#11011,#11013,#11015));
#11017=FACE_OUTER_BOUND('',#11016,.F.);
#11018=ORIENTED_EDGE('',*,*,#10982,.F.);
#11020=ORIENTED_EDGE('',*,*,#11019,.F.);
#11021=EDGE_LOOP('',(#11018,#11020));
#11022=FACE_BOUND('',#11021,.F.);
#11023=ADVANCED_FACE('',(#11017,#11022),#10996,.T.);
#11024=CARTESIAN_POINT('',(1.634804997057E2,1.636800003052E1,1.646443545739E1));
#11025=DIRECTION('',(0.E0,0.E0,-1.E0));
#11026=DIRECTION('',(-1.E0,0.E0,0.E0));
#11027=AXIS2_PLACEMENT_3D('',#11024,#11025,#11026);
#11028=CYLINDRICAL_SURFACE('',#11027,2.75E0);
#11029=ORIENTED_EDGE('',*,*,#11019,.T.);
#11030=ORIENTED_EDGE('',*,*,#10987,.F.);
#11031=ORIENTED_EDGE('',*,*,#10972,.F.);
#11032=ORIENTED_EDGE('',*,*,#10984,.T.);
#11033=EDGE_LOOP('',(#11029,#11030,#11031,#11032));
#11034=FACE_OUTER_BOUND('',#11033,.F.);
#11035=ADVANCED_FACE('',(#11034),#11028,.F.);
#11036=CARTESIAN_POINT('',(1.614804997057E2,1.436800003052E1,5.408912875122E1));
#11037=DIRECTION('',(0.E0,0.E0,-1.E0));
#11038=DIRECTION('',(0.E0,-1.E0,0.E0));
#11039=AXIS2_PLACEMENT_3D('',#11036,#11037,#11038);
#11040=CYLINDRICAL_SURFACE('',#11039,3.E0);
#11041=ORIENTED_EDGE('',*,*,#10954,.T.);
#11043=ORIENTED_EDGE('',*,*,#11042,.F.);
#11044=ORIENTED_EDGE('',*,*,#10997,.T.);
#11046=ORIENTED_EDGE('',*,*,#11045,.T.);
#11047=EDGE_LOOP('',(#11041,#11043,#11044,#11046));
#11048=FACE_OUTER_BOUND('',#11047,.F.);
#11049=ADVANCED_FACE('',(#11048),#11040,.T.);
#11050=CARTESIAN_POINT('',(1.584804997057E2,2.136800003052E1,1.946443545739E1));
#11051=DIRECTION('',(-1.E0,0.E0,0.E0));
#11052=DIRECTION('',(0.E0,0.E0,-1.E0));
#11053=AXIS2_PLACEMENT_3D('',#11050,#11051,#11052);
#11054=PLANE('',#11053);
#11055=ORIENTED_EDGE('',*,*,#11042,.T.);
#11056=ORIENTED_EDGE('',*,*,#10966,.F.);
#11058=ORIENTED_EDGE('',*,*,#11057,.F.);
#11059=ORIENTED_EDGE('',*,*,#10999,.T.);
#11060=EDGE_LOOP('',(#11055,#11056,#11058,#11059));
#11061=FACE_OUTER_BOUND('',#11060,.F.);
#11062=ADVANCED_FACE('',(#11061),#11054,.T.);
#11063=CARTESIAN_POINT('',(1.554804997057E2,1.836800003052E1,5.408912875122E1));
#11064=DIRECTION('',(0.E0,0.E0,-1.E0));
#11065=DIRECTION('',(0.E0,1.E0,0.E0));
#11066=AXIS2_PLACEMENT_3D('',#11063,#11064,#11065);
#11067=CYLINDRICAL_SURFACE('',#11066,3.E0);
#11068=ORIENTED_EDGE('',*,*,#10927,.F.);
#11069=ORIENTED_EDGE('',*,*,#11001,.T.);
#11070=ORIENTED_EDGE('',*,*,#11057,.T.);
#11071=ORIENTED_EDGE('',*,*,#10964,.T.);
#11072=EDGE_LOOP('',(#11068,#11069,#11070,#11071));
#11073=FACE_OUTER_BOUND('',#11072,.F.);
#11074=ADVANCED_FACE('',(#11073),#11067,.F.);
#11075=CARTESIAN_POINT('',(1.778000030517E2,1.136800003052E1,0.E0));
#11076=DIRECTION('',(0.E0,-1.E0,0.E0));
#11077=DIRECTION('',(-1.E0,0.E0,0.E0));
#11078=AXIS2_PLACEMENT_3D('',#11075,#11076,#11077);
#11079=PLANE('',#11078);
#11080=ORIENTED_EDGE('',*,*,#11045,.F.);
#11081=ORIENTED_EDGE('',*,*,#11014,.F.);
#11083=ORIENTED_EDGE('',*,*,#11082,.F.);
#11084=ORIENTED_EDGE('',*,*,#10956,.F.);
#11085=EDGE_LOOP('',(#11080,#11081,#11083,#11084));
#11086=FACE_OUTER_BOUND('',#11085,.F.);
#11087=ADVANCED_FACE('',(#11086),#11079,.T.);
#11088=CARTESIAN_POINT('',(1.654804997057E2,1.436800003052E1,
-4.172105829136E1));
#11089=DIRECTION('',(0.E0,0.E0,1.E0));
#11090=DIRECTION('',(0.E0,-1.E0,0.E0));
#11091=AXIS2_PLACEMENT_3D('',#11088,#11089,#11090);
#11092=CYLINDRICAL_SURFACE('',#11091,3.E0);
#11093=ORIENTED_EDGE('',*,*,#11012,.T.);
#11095=ORIENTED_EDGE('',*,*,#11094,.F.);
#11096=ORIENTED_EDGE('',*,*,#10958,.T.);
#11097=ORIENTED_EDGE('',*,*,#11082,.T.);
#11098=EDGE_LOOP('',(#11093,#11095,#11096,#11097));
#11099=FACE_OUTER_BOUND('',#11098,.F.);
#11100=ADVANCED_FACE('',(#11099),#11092,.T.);
#11101=CARTESIAN_POINT('',(1.684804997057E2,2.136800003052E1,1.646443545739E1));
#11102=DIRECTION('',(1.E0,0.E0,0.E0));
#11103=DIRECTION('',(0.E0,0.E0,1.E0));
#11104=AXIS2_PLACEMENT_3D('',#11101,#11102,#11103);
#11105=PLANE('',#11104);
#11106=ORIENTED_EDGE('',*,*,#11094,.T.);
#11107=ORIENTED_EDGE('',*,*,#11010,.F.);
#11108=ORIENTED_EDGE('',*,*,#10942,.F.);
#11109=ORIENTED_EDGE('',*,*,#10960,.T.);
#11110=EDGE_LOOP('',(#11106,#11107,#11108,#11109));
#11111=FACE_OUTER_BOUND('',#11110,.F.);
#11112=ADVANCED_FACE('',(#11111),#11105,.T.);
#11113=CARTESIAN_POINT('',(1.808000030517E2,0.E0,0.E0));
#11114=DIRECTION('',(1.E0,0.E0,0.E0));
#11115=DIRECTION('',(0.E0,1.E0,0.E0));
#11116=AXIS2_PLACEMENT_3D('',#11113,#11114,#11115);
#11117=PLANE('',#11116);
#11118=ORIENTED_EDGE('',*,*,#9784,.F.);
#11119=ORIENTED_EDGE('',*,*,#10914,.F.);
#11120=ORIENTED_EDGE('',*,*,#11006,.F.);
#11121=ORIENTED_EDGE('',*,*,#9763,.F.);
#11122=EDGE_LOOP('',(#11118,#11119,#11120,#11121));
#11123=FACE_OUTER_BOUND('',#11122,.F.);
#11125=ORIENTED_EDGE('',*,*,#11124,.F.);
#11127=ORIENTED_EDGE('',*,*,#11126,.F.);
#11129=ORIENTED_EDGE('',*,*,#11128,.F.);
#11131=ORIENTED_EDGE('',*,*,#11130,.F.);
#11133=ORIENTED_EDGE('',*,*,#11132,.F.);
#11135=ORIENTED_EDGE('',*,*,#11134,.F.);
#11137=ORIENTED_EDGE('',*,*,#11136,.F.);
#11139=ORIENTED_EDGE('',*,*,#11138,.F.);
#11140=EDGE_LOOP('',(#11125,#11127,#11129,#11131,#11133,#11135,#11137,#11139));
#11141=FACE_BOUND('',#11140,.F.);
#11142=ADVANCED_FACE('',(#11123,#11141),#11117,.T.);
#11143=CARTESIAN_POINT('',(1.778000030517E2,6.130890698757E1,1.546443545739E1));
#11144=DIRECTION('',(0.E0,-1.E0,0.E0));
#11145=DIRECTION('',(0.E0,0.E0,-1.E0));
#11146=AXIS2_PLACEMENT_3D('',#11143,#11144,#11145);
#11147=PLANE('',#11146);
#11149=ORIENTED_EDGE('',*,*,#11148,.F.);
#11150=ORIENTED_EDGE('',*,*,#9266,.F.);
#11152=ORIENTED_EDGE('',*,*,#11151,.T.);
#11153=ORIENTED_EDGE('',*,*,#11124,.T.);
#11154=EDGE_LOOP('',(#11149,#11150,#11152,#11153));
#11155=FACE_OUTER_BOUND('',#11154,.F.);
#11156=ADVANCED_FACE('',(#11155),#11147,.T.);
#11157=CARTESIAN_POINT('',(1.010055830883E2,6.030890698757E1,
-7.181648557072E-1));
#11158=DIRECTION('',(1.E0,0.E0,0.E0));
#11159=DIRECTION('',(0.E0,0.E0,-1.E0));
#11160=AXIS2_PLACEMENT_3D('',#11157,#11158,#11159);
#11161=CYLINDRICAL_SURFACE('',#11160,1.E0);
#11163=ORIENTED_EDGE('',*,*,#11162,.F.);
#11164=ORIENTED_EDGE('',*,*,#9268,.T.);
#11165=ORIENTED_EDGE('',*,*,#11148,.T.);
#11166=ORIENTED_EDGE('',*,*,#11138,.T.);
#11167=EDGE_LOOP('',(#11163,#11164,#11165,#11166));
#11168=FACE_OUTER_BOUND('',#11167,.F.);
#11169=ADVANCED_FACE('',(#11168),#11161,.F.);
#11170=CARTESIAN_POINT('',(1.778000030517E2,6.130890698757E1,
-1.718164855707E0));
#11171=DIRECTION('',(0.E0,0.E0,1.E0));
#11172=DIRECTION('',(0.E0,-1.E0,0.E0));
#11173=AXIS2_PLACEMENT_3D('',#11170,#11171,#11172);
#11174=PLANE('',#11173);
#11175=ORIENTED_EDGE('',*,*,#11162,.T.);
#11176=ORIENTED_EDGE('',*,*,#11136,.T.);
#11178=ORIENTED_EDGE('',*,*,#11177,.F.);
#11179=ORIENTED_EDGE('',*,*,#9270,.F.);
#11180=EDGE_LOOP('',(#11175,#11176,#11178,#11179));
#11181=FACE_OUTER_BOUND('',#11180,.F.);
#11182=ADVANCED_FACE('',(#11181),#11174,.T.);
#11183=CARTESIAN_POINT('',(1.010055830883E2,2.605090698757E1,
-7.181648557072E-1));
#11184=DIRECTION('',(1.E0,0.E0,0.E0));
#11185=DIRECTION('',(0.E0,-1.E0,0.E0));
#11186=AXIS2_PLACEMENT_3D('',#11183,#11184,#11185);
#11187=CYLINDRICAL_SURFACE('',#11186,1.E0);
#11189=ORIENTED_EDGE('',*,*,#11188,.F.);
#11190=ORIENTED_EDGE('',*,*,#9272,.T.);
#11191=ORIENTED_EDGE('',*,*,#11177,.T.);
#11192=ORIENTED_EDGE('',*,*,#11134,.T.);
#11193=EDGE_LOOP('',(#11189,#11190,#11191,#11192));
#11194=FACE_OUTER_BOUND('',#11193,.F.);
#11195=ADVANCED_FACE('',(#11194),#11187,.F.);
#11196=CARTESIAN_POINT('',(1.778000030517E2,2.505090698757E1,
-1.718164855707E0));
#11197=DIRECTION('',(0.E0,1.E0,0.E0));
#11198=DIRECTION('',(0.E0,0.E0,1.E0));
#11199=AXIS2_PLACEMENT_3D('',#11196,#11197,#11198);
#11200=PLANE('',#11199);
#11201=ORIENTED_EDGE('',*,*,#11188,.T.);
#11202=ORIENTED_EDGE('',*,*,#11132,.T.);
#11204=ORIENTED_EDGE('',*,*,#11203,.F.);
#11205=ORIENTED_EDGE('',*,*,#9274,.F.);
#11206=EDGE_LOOP('',(#11201,#11202,#11204,#11205));
#11207=FACE_OUTER_BOUND('',#11206,.F.);
#11208=ADVANCED_FACE('',(#11207),#11200,.T.);
#11209=CARTESIAN_POINT('',(1.010055830883E2,2.605090698757E1,1.446443545739E1));
#11210=DIRECTION('',(1.E0,0.E0,0.E0));
#11211=DIRECTION('',(0.E0,0.E0,1.E0));
#11212=AXIS2_PLACEMENT_3D('',#11209,#11210,#11211);
#11213=CYLINDRICAL_SURFACE('',#11212,1.E0);
#11215=ORIENTED_EDGE('',*,*,#11214,.F.);
#11216=ORIENTED_EDGE('',*,*,#9276,.T.);
#11217=ORIENTED_EDGE('',*,*,#11203,.T.);
#11218=ORIENTED_EDGE('',*,*,#11130,.T.);
#11219=EDGE_LOOP('',(#11215,#11216,#11217,#11218));
#11220=FACE_OUTER_BOUND('',#11219,.F.);
#11221=ADVANCED_FACE('',(#11220),#11213,.F.);
#11222=CARTESIAN_POINT('',(1.778000030517E2,2.505090698757E1,1.546443545739E1));
#11223=DIRECTION('',(0.E0,0.E0,-1.E0));
#11224=DIRECTION('',(0.E0,1.E0,0.E0));
#11225=AXIS2_PLACEMENT_3D('',#11222,#11223,#11224);
#11226=PLANE('',#11225);
#11228=ORIENTED_EDGE('',*,*,#11227,.F.);
#11229=ORIENTED_EDGE('',*,*,#9262,.F.);
#11230=ORIENTED_EDGE('',*,*,#11214,.T.);
#11231=ORIENTED_EDGE('',*,*,#11128,.T.);
#11232=EDGE_LOOP('',(#11228,#11229,#11230,#11231));
#11233=FACE_OUTER_BOUND('',#11232,.F.);
#11234=ADVANCED_FACE('',(#11233),#11226,.T.);
#11235=CARTESIAN_POINT('',(1.010055830883E2,6.030890698757E1,1.446443545739E1));
#11236=DIRECTION('',(1.E0,0.E0,0.E0));
#11237=DIRECTION('',(0.E0,1.E0,0.E0));
#11238=AXIS2_PLACEMENT_3D('',#11235,#11236,#11237);
#11239=CYLINDRICAL_SURFACE('',#11238,1.E0);
#11240=ORIENTED_EDGE('',*,*,#11151,.F.);
#11241=ORIENTED_EDGE('',*,*,#9264,.T.);
#11242=ORIENTED_EDGE('',*,*,#11227,.T.);
#11243=ORIENTED_EDGE('',*,*,#11126,.T.);
#11244=EDGE_LOOP('',(#11240,#11241,#11242,#11243));
#11245=FACE_OUTER_BOUND('',#11244,.F.);
#11246=ADVANCED_FACE('',(#11245),#11239,.F.);
#11247=CARTESIAN_POINT('',(2.259554145226E2,1.836800003052E1,
1.840387178542E-1));
#11248=DIRECTION('',(-1.E0,0.E0,-4.371140766147E-8));
#11249=DIRECTION('',(-4.371140766147E-8,0.E0,1.E0));
#11250=AXIS2_PLACEMENT_3D('',#11247,#11248,#11249);
#11251=CYLINDRICAL_SURFACE('',#11250,3.E0);
#11253=ORIENTED_EDGE('',*,*,#11252,.F.);
#11255=ORIENTED_EDGE('',*,*,#11254,.T.);
#11256=ORIENTED_EDGE('',*,*,#10918,.T.);
#11257=ORIENTED_EDGE('',*,*,#9584,.T.);
#11258=EDGE_LOOP('',(#11253,#11255,#11256,#11257));
#11259=FACE_OUTER_BOUND('',#11258,.F.);
#11260=ADVANCED_FACE('',(#11259),#11251,.F.);
#11261=CARTESIAN_POINT('',(1.461609959103E2,2.136799965323E1,3.184035229928E0));
#11262=DIRECTION('',(4.371140766226E-8,0.E0,-1.E0));
#11263=DIRECTION('',(1.192487299576E-8,-1.E0,0.E0));
#11264=AXIS2_PLACEMENT_3D('',#11261,#11262,#11263);
#11265=PLANE('',#11264);
#11267=ORIENTED_EDGE('',*,*,#11266,.T.);
#11268=ORIENTED_EDGE('',*,*,#9678,.F.);
#11269=ORIENTED_EDGE('',*,*,#11252,.T.);
#11270=ORIENTED_EDGE('',*,*,#9582,.T.);
#11271=EDGE_LOOP('',(#11267,#11268,#11269,#11270));
#11272=FACE_OUTER_BOUND('',#11271,.F.);
#11273=ADVANCED_FACE('',(#11272),#11265,.T.);
#11274=CARTESIAN_POINT('',(1.010055830883E2,1.436799911475E1,6.184033256121E0));
#11275=DIRECTION('',(1.E0,1.192487299485E-8,4.371140766895E-8));
#11276=DIRECTION('',(-4.371140766895E-8,0.E0,1.E0));
#11277=AXIS2_PLACEMENT_3D('',#11274,#11275,#11276);
#11278=CYLINDRICAL_SURFACE('',#11277,3.E0);
#11279=ORIENTED_EDGE('',*,*,#9672,.F.);
#11280=ORIENTED_EDGE('',*,*,#11266,.F.);
#11281=ORIENTED_EDGE('',*,*,#9580,.F.);
#11283=ORIENTED_EDGE('',*,*,#11282,.T.);
#11284=EDGE_LOOP('',(#11279,#11280,#11281,#11283));
#11285=FACE_OUTER_BOUND('',#11284,.F.);
#11286=ADVANCED_FACE('',(#11285),#11278,.T.);
#11287=CARTESIAN_POINT('',(1.461609957673E2,1.136799965323E1,9.184035229928E0));
#11288=DIRECTION('',(-4.371140766226E-8,0.E0,1.E0));
#11289=DIRECTION('',(-1.192487299576E-8,1.E0,0.E0));
#11290=AXIS2_PLACEMENT_3D('',#11287,#11288,#11289);
#11291=PLANE('',#11290);
#11292=ORIENTED_EDGE('',*,*,#11282,.F.);
#11293=ORIENTED_EDGE('',*,*,#9578,.T.);
#11295=ORIENTED_EDGE('',*,*,#11294,.T.);
#11296=ORIENTED_EDGE('',*,*,#9674,.F.);
#11297=EDGE_LOOP('',(#11292,#11293,#11295,#11296));
#11298=FACE_OUTER_BOUND('',#11297,.F.);
#11299=ADVANCED_FACE('',(#11298),#11291,.T.);
#11300=CARTESIAN_POINT('',(1.010055830883E2,1.836800003052E1,1.218403325612E1));
#11301=DIRECTION('',(1.E0,0.E0,4.371140765486E-8));
#11302=DIRECTION('',(4.371140765486E-8,0.E0,-1.E0));
#11303=AXIS2_PLACEMENT_3D('',#11300,#11301,#11302);
#11304=CYLINDRICAL_SURFACE('',#11303,3.E0);
#11305=ORIENTED_EDGE('',*,*,#11294,.F.);
#11306=ORIENTED_EDGE('',*,*,#9576,.T.);
#11307=ORIENTED_EDGE('',*,*,#10922,.T.);
#11309=ORIENTED_EDGE('',*,*,#11308,.T.);
#11310=EDGE_LOOP('',(#11305,#11306,#11307,#11309));
#11311=FACE_OUTER_BOUND('',#11310,.F.);
#11312=ADVANCED_FACE('',(#11311),#11304,.F.);
#11313=CARTESIAN_POINT('',(1.501609958328E2,1.986799998282E1,6.184035404773E0));
#11314=DIRECTION('',(6.000000087767E-1,-7.999999934175E-1,2.622684496859E-8));
#11315=DIRECTION('',(7.999999934175E-1,6.000000087767E-1,3.496912582553E-8));
#11316=AXIS2_PLACEMENT_3D('',#11313,#11314,#11315);
#11317=PLANE('',#11316);
#11318=ORIENTED_EDGE('',*,*,#10920,.T.);
#11319=ORIENTED_EDGE('',*,*,#11254,.F.);
#11320=ORIENTED_EDGE('',*,*,#9676,.T.);
#11321=ORIENTED_EDGE('',*,*,#11308,.F.);
#11322=EDGE_LOOP('',(#11318,#11319,#11320,#11321));
#11323=FACE_OUTER_BOUND('',#11322,.F.);
#11324=ADVANCED_FACE('',(#11323),#11317,.T.);
#11325=CARTESIAN_POINT('',(1.704661756012E2,3.264794764488E1,
-7.096364997533E0));
#11326=DIRECTION('',(0.E0,1.E0,0.E0));
#11327=DIRECTION('',(1.E0,0.E0,0.E0));
#11328=AXIS2_PLACEMENT_3D('',#11325,#11326,#11327);
#11329=PLANE('',#11328);
#11330=ORIENTED_EDGE('',*,*,#9788,.F.);
#11332=ORIENTED_EDGE('',*,*,#11331,.T.);
#11334=ORIENTED_EDGE('',*,*,#11333,.T.);
#11336=ORIENTED_EDGE('',*,*,#11335,.F.);
#11337=EDGE_LOOP('',(#11330,#11332,#11334,#11336));
#11338=FACE_OUTER_BOUND('',#11337,.F.);
#11339=ADVANCED_FACE('',(#11338),#11329,.F.);
#11340=CARTESIAN_POINT('',(1.704661756012E2,3.199669764488E1,
-7.096364997533E0));
#11341=DIRECTION('',(-1.E0,0.E0,0.E0));
#11342=DIRECTION('',(0.E0,1.E0,0.E0));
#11343=AXIS2_PLACEMENT_3D('',#11340,#11341,#11342);
#11344=PLANE('',#11343);
#11345=ORIENTED_EDGE('',*,*,#9794,.F.);
#11347=ORIENTED_EDGE('',*,*,#11346,.T.);
#11349=ORIENTED_EDGE('',*,*,#11348,.T.);
#11350=ORIENTED_EDGE('',*,*,#11331,.F.);
#11351=EDGE_LOOP('',(#11345,#11347,#11349,#11350));
#11352=FACE_OUTER_BOUND('',#11351,.F.);
#11353=ADVANCED_FACE('',(#11352),#11344,.F.);
#11354=CARTESIAN_POINT('',(1.756761756012E2,3.199669764488E1,
-7.096364997533E0));
#11355=DIRECTION('',(0.E0,-1.E0,0.E0));
#11356=DIRECTION('',(-1.E0,0.E0,0.E0));
#11357=AXIS2_PLACEMENT_3D('',#11354,#11355,#11356);
#11358=PLANE('',#11357);
#11359=ORIENTED_EDGE('',*,*,#9792,.F.);
#11361=ORIENTED_EDGE('',*,*,#11360,.T.);
#11363=ORIENTED_EDGE('',*,*,#11362,.T.);
#11364=ORIENTED_EDGE('',*,*,#11346,.F.);
#11365=EDGE_LOOP('',(#11359,#11361,#11363,#11364));
#11366=FACE_OUTER_BOUND('',#11365,.F.);
#11367=ADVANCED_FACE('',(#11366),#11358,.F.);
#11368=CARTESIAN_POINT('',(1.756761756012E2,3.264794764488E1,
-7.096364997533E0));
#11369=DIRECTION('',(1.E0,0.E0,0.E0));
#11370=DIRECTION('',(0.E0,-1.E0,0.E0));
#11371=AXIS2_PLACEMENT_3D('',#11368,#11369,#11370);
#11372=PLANE('',#11371);
#11373=ORIENTED_EDGE('',*,*,#9790,.F.);
#11374=ORIENTED_EDGE('',*,*,#11335,.T.);
#11376=ORIENTED_EDGE('',*,*,#11375,.T.);
#11377=ORIENTED_EDGE('',*,*,#11360,.F.);
#11378=EDGE_LOOP('',(#11373,#11374,#11376,#11377));
#11379=FACE_OUTER_BOUND('',#11378,.F.);
#11380=ADVANCED_FACE('',(#11379),#11372,.F.);
#11381=CARTESIAN_POINT('',(1.778000030517E2,0.E0,-6.096364997533E0));
#11382=DIRECTION('',(0.E0,0.E0,-1.E0));
#11383=DIRECTION('',(1.E0,0.E0,0.E0));
#11384=AXIS2_PLACEMENT_3D('',#11381,#11382,#11383);
#11385=PLANE('',#11384);
#11386=ORIENTED_EDGE('',*,*,#11333,.F.);
#11387=ORIENTED_EDGE('',*,*,#11348,.F.);
#11388=ORIENTED_EDGE('',*,*,#11362,.F.);
#11389=ORIENTED_EDGE('',*,*,#11375,.F.);
#11390=EDGE_LOOP('',(#11386,#11387,#11388,#11389));
#11391=FACE_OUTER_BOUND('',#11390,.F.);
#11392=ADVANCED_FACE('',(#11391),#11385,.T.);
#11393=CARTESIAN_POINT('',(1.778000030517E2,0.E0,-6.096364997533E0));
#11394=DIRECTION('',(0.E0,0.E0,-1.E0));
#11395=DIRECTION('',(1.E0,0.E0,0.E0));
#11396=AXIS2_PLACEMENT_3D('',#11393,#11394,#11395);
#11397=PLANE('',#11396);
#11399=ORIENTED_EDGE('',*,*,#11398,.F.);
#11401=ORIENTED_EDGE('',*,*,#11400,.F.);
#11403=ORIENTED_EDGE('',*,*,#11402,.F.);
#11405=ORIENTED_EDGE('',*,*,#11404,.F.);
#11407=ORIENTED_EDGE('',*,*,#11406,.F.);
#11409=ORIENTED_EDGE('',*,*,#11408,.F.);
#11411=ORIENTED_EDGE('',*,*,#11410,.F.);
#11413=ORIENTED_EDGE('',*,*,#11412,.F.);
#11415=ORIENTED_EDGE('',*,*,#11414,.F.);
#11417=ORIENTED_EDGE('',*,*,#11416,.F.);
#11418=EDGE_LOOP('',(#11399,#11401,#11403,#11405,#11407,#11409,#11411,#11413,
#11415,#11417));
#11419=FACE_OUTER_BOUND('',#11418,.F.);
#11420=ADVANCED_FACE('',(#11419),#11397,.T.);
#11421=CARTESIAN_POINT('',(1.778000030517E2,0.E0,-6.096364997533E0));
#11422=DIRECTION('',(0.E0,0.E0,-1.E0));
#11423=DIRECTION('',(1.E0,0.E0,0.E0));
#11424=AXIS2_PLACEMENT_3D('',#11421,#11422,#11423);
#11425=PLANE('',#11424);
#11427=ORIENTED_EDGE('',*,*,#11426,.F.);
#11429=ORIENTED_EDGE('',*,*,#11428,.F.);
#11431=ORIENTED_EDGE('',*,*,#11430,.F.);
#11433=ORIENTED_EDGE('',*,*,#11432,.F.);
#11435=ORIENTED_EDGE('',*,*,#11434,.F.);
#11437=ORIENTED_EDGE('',*,*,#11436,.F.);
#11439=ORIENTED_EDGE('',*,*,#11438,.F.);
#11441=ORIENTED_EDGE('',*,*,#11440,.F.);
#11443=ORIENTED_EDGE('',*,*,#11442,.F.);
#11445=ORIENTED_EDGE('',*,*,#11444,.F.);
#11447=ORIENTED_EDGE('',*,*,#11446,.F.);
#11449=ORIENTED_EDGE('',*,*,#11448,.F.);
#11451=ORIENTED_EDGE('',*,*,#11450,.F.);
#11453=ORIENTED_EDGE('',*,*,#11452,.F.);
#11455=ORIENTED_EDGE('',*,*,#11454,.F.);
#11457=ORIENTED_EDGE('',*,*,#11456,.F.);
#11459=ORIENTED_EDGE('',*,*,#11458,.F.);
#11461=ORIENTED_EDGE('',*,*,#11460,.F.);
#11463=ORIENTED_EDGE('',*,*,#11462,.F.);
#11465=ORIENTED_EDGE('',*,*,#11464,.F.);
#11467=ORIENTED_EDGE('',*,*,#11466,.F.);
#11469=ORIENTED_EDGE('',*,*,#11468,.F.);
#11471=ORIENTED_EDGE('',*,*,#11470,.F.);
#11473=ORIENTED_EDGE('',*,*,#11472,.F.);
#11474=EDGE_LOOP('',(#11427,#11429,#11431,#11433,#11435,#11437,#11439,#11441,
#11443,#11445,#11447,#11449,#11451,#11453,#11455,#11457,#11459,#11461,#11463,
#11465,#11467,#11469,#11471,#11473));
#11475=FACE_OUTER_BOUND('',#11474,.F.);
#11477=ORIENTED_EDGE('',*,*,#11476,.F.);
#11479=ORIENTED_EDGE('',*,*,#11478,.F.);
#11481=ORIENTED_EDGE('',*,*,#11480,.F.);
#11483=ORIENTED_EDGE('',*,*,#11482,.F.);
#11485=ORIENTED_EDGE('',*,*,#11484,.F.);
#11487=ORIENTED_EDGE('',*,*,#11486,.F.);
#11489=ORIENTED_EDGE('',*,*,#11488,.F.);
#11491=ORIENTED_EDGE('',*,*,#11490,.F.);
#11493=ORIENTED_EDGE('',*,*,#11492,.F.);
#11495=ORIENTED_EDGE('',*,*,#11494,.F.);
#11497=ORIENTED_EDGE('',*,*,#11496,.F.);
#11499=ORIENTED_EDGE('',*,*,#11498,.F.);
#11501=ORIENTED_EDGE('',*,*,#11500,.F.);
#11503=ORIENTED_EDGE('',*,*,#11502,.F.);
#11505=ORIENTED_EDGE('',*,*,#11504,.F.);
#11507=ORIENTED_EDGE('',*,*,#11506,.F.);
#11509=ORIENTED_EDGE('',*,*,#11508,.F.);
#11511=ORIENTED_EDGE('',*,*,#11510,.F.);
#11513=ORIENTED_EDGE('',*,*,#11512,.F.);
#11515=ORIENTED_EDGE('',*,*,#11514,.F.);
#11516=EDGE_LOOP('',(#11477,#11479,#11481,#11483,#11485,#11487,#11489,#11491,
#11493,#11495,#11497,#11499,#11501,#11503,#11505,#11507,#11509,#11511,#11513,
#11515));
#11517=FACE_BOUND('',#11516,.F.);
#11518=ADVANCED_FACE('',(#11475,#11517),#11425,.T.);
#11519=CARTESIAN_POINT('',(1.778000030517E2,0.E0,-6.096364997533E0));
#11520=DIRECTION('',(0.E0,0.E0,-1.E0));
#11521=DIRECTION('',(1.E0,0.E0,0.E0));
#11522=AXIS2_PLACEMENT_3D('',#11519,#11520,#11521);
#11523=PLANE('',#11522);
#11525=ORIENTED_EDGE('',*,*,#11524,.F.);
#11527=ORIENTED_EDGE('',*,*,#11526,.F.);
#11529=ORIENTED_EDGE('',*,*,#11528,.F.);
#11531=ORIENTED_EDGE('',*,*,#11530,.F.);
#11533=ORIENTED_EDGE('',*,*,#11532,.F.);
#11535=ORIENTED_EDGE('',*,*,#11534,.F.);
#11537=ORIENTED_EDGE('',*,*,#11536,.F.);
#11539=ORIENTED_EDGE('',*,*,#11538,.F.);
#11541=ORIENTED_EDGE('',*,*,#11540,.F.);
#11543=ORIENTED_EDGE('',*,*,#11542,.F.);
#11545=ORIENTED_EDGE('',*,*,#11544,.F.);
#11547=ORIENTED_EDGE('',*,*,#11546,.F.);
#11549=ORIENTED_EDGE('',*,*,#11548,.F.);
#11551=ORIENTED_EDGE('',*,*,#11550,.F.);
#11553=ORIENTED_EDGE('',*,*,#11552,.F.);
#11555=ORIENTED_EDGE('',*,*,#11554,.F.);
#11557=ORIENTED_EDGE('',*,*,#11556,.F.);
#11559=ORIENTED_EDGE('',*,*,#11558,.F.);
#11561=ORIENTED_EDGE('',*,*,#11560,.F.);
#11563=ORIENTED_EDGE('',*,*,#11562,.F.);
#11565=ORIENTED_EDGE('',*,*,#11564,.F.);
#11567=ORIENTED_EDGE('',*,*,#11566,.F.);
#11569=ORIENTED_EDGE('',*,*,#11568,.F.);
#11571=ORIENTED_EDGE('',*,*,#11570,.F.);
#11573=ORIENTED_EDGE('',*,*,#11572,.F.);
#11575=ORIENTED_EDGE('',*,*,#11574,.F.);
#11576=EDGE_LOOP('',(#11525,#11527,#11529,#11531,#11533,#11535,#11537,#11539,
#11541,#11543,#11545,#11547,#11549,#11551,#11553,#11555,#11557,#11559,#11561,
#11563,#11565,#11567,#11569,#11571,#11573,#11575));
#11577=FACE_OUTER_BOUND('',#11576,.F.);
#11578=ADVANCED_FACE('',(#11577),#11523,.T.);
#11579=CARTESIAN_POINT('',(1.778000030517E2,0.E0,-6.096364997533E0));
#11580=DIRECTION('',(0.E0,0.E0,-1.E0));
#11581=DIRECTION('',(1.E0,0.E0,0.E0));
#11582=AXIS2_PLACEMENT_3D('',#11579,#11580,#11581);
#11583=PLANE('',#11582);
#11585=ORIENTED_EDGE('',*,*,#11584,.F.);
#11587=ORIENTED_EDGE('',*,*,#11586,.F.);
#11589=ORIENTED_EDGE('',*,*,#11588,.F.);
#11591=ORIENTED_EDGE('',*,*,#11590,.F.);
#11593=ORIENTED_EDGE('',*,*,#11592,.F.);
#11595=ORIENTED_EDGE('',*,*,#11594,.F.);
#11597=ORIENTED_EDGE('',*,*,#11596,.F.);
#11599=ORIENTED_EDGE('',*,*,#11598,.F.);
#11600=EDGE_LOOP('',(#11585,#11587,#11589,#11591,#11593,#11595,#11597,#11599));
#11601=FACE_OUTER_BOUND('',#11600,.F.);
#11602=ADVANCED_FACE('',(#11601),#11583,.T.);
#11603=CARTESIAN_POINT('',(1.778000030517E2,0.E0,-6.096364997533E0));
#11604=DIRECTION('',(0.E0,0.E0,-1.E0));
#11605=DIRECTION('',(1.E0,0.E0,0.E0));
#11606=AXIS2_PLACEMENT_3D('',#11603,#11604,#11605);
#11607=PLANE('',#11606);
#11609=ORIENTED_EDGE('',*,*,#11608,.F.);
#11611=ORIENTED_EDGE('',*,*,#11610,.F.);
#11613=ORIENTED_EDGE('',*,*,#11612,.F.);
#11615=ORIENTED_EDGE('',*,*,#11614,.F.);
#11617=ORIENTED_EDGE('',*,*,#11616,.F.);
#11619=ORIENTED_EDGE('',*,*,#11618,.F.);
#11621=ORIENTED_EDGE('',*,*,#11620,.F.);
#11623=ORIENTED_EDGE('',*,*,#11622,.F.);
#11625=ORIENTED_EDGE('',*,*,#11624,.F.);
#11627=ORIENTED_EDGE('',*,*,#11626,.F.);
#11629=ORIENTED_EDGE('',*,*,#11628,.F.);
#11631=ORIENTED_EDGE('',*,*,#11630,.F.);
#11633=ORIENTED_EDGE('',*,*,#11632,.F.);
#11635=ORIENTED_EDGE('',*,*,#11634,.F.);
#11637=ORIENTED_EDGE('',*,*,#11636,.F.);
#11639=ORIENTED_EDGE('',*,*,#11638,.F.);
#11641=ORIENTED_EDGE('',*,*,#11640,.F.);
#11643=ORIENTED_EDGE('',*,*,#11642,.F.);
#11645=ORIENTED_EDGE('',*,*,#11644,.F.);
#11647=ORIENTED_EDGE('',*,*,#11646,.F.);
#11649=ORIENTED_EDGE('',*,*,#11648,.F.);
#11651=ORIENTED_EDGE('',*,*,#11650,.F.);
#11653=ORIENTED_EDGE('',*,*,#11652,.F.);
#11655=ORIENTED_EDGE('',*,*,#11654,.F.);
#11656=EDGE_LOOP('',(#11609,#11611,#11613,#11615,#11617,#11619,#11621,#11623,
#11625,#11627,#11629,#11631,#11633,#11635,#11637,#11639,#11641,#11643,#11645,
#11647,#11649,#11651,#11653,#11655));
#11657=FACE_OUTER_BOUND('',#11656,.F.);
#11659=ORIENTED_EDGE('',*,*,#11658,.F.);
#11661=ORIENTED_EDGE('',*,*,#11660,.F.);
#11663=ORIENTED_EDGE('',*,*,#11662,.F.);
#11665=ORIENTED_EDGE('',*,*,#11664,.F.);
#11667=ORIENTED_EDGE('',*,*,#11666,.F.);
#11669=ORIENTED_EDGE('',*,*,#11668,.F.);
#11671=ORIENTED_EDGE('',*,*,#11670,.F.);
#11673=ORIENTED_EDGE('',*,*,#11672,.F.);
#11675=ORIENTED_EDGE('',*,*,#11674,.F.);
#11677=ORIENTED_EDGE('',*,*,#11676,.F.);
#11679=ORIENTED_EDGE('',*,*,#11678,.F.);
#11681=ORIENTED_EDGE('',*,*,#11680,.F.);
#11683=ORIENTED_EDGE('',*,*,#11682,.F.);
#11685=ORIENTED_EDGE('',*,*,#11684,.F.);
#11687=ORIENTED_EDGE('',*,*,#11686,.F.);
#11689=ORIENTED_EDGE('',*,*,#11688,.F.);
#11691=ORIENTED_EDGE('',*,*,#11690,.F.);
#11693=ORIENTED_EDGE('',*,*,#11692,.F.);
#11695=ORIENTED_EDGE('',*,*,#11694,.F.);
#11697=ORIENTED_EDGE('',*,*,#11696,.F.);
#11698=EDGE_LOOP('',(#11659,#11661,#11663,#11665,#11667,#11669,#11671,#11673,
#11675,#11677,#11679,#11681,#11683,#11685,#11687,#11689,#11691,#11693,#11695,
#11697));
#11699=FACE_BOUND('',#11698,.F.);
#11700=ADVANCED_FACE('',(#11657,#11699),#11607,.T.);
#11701=CARTESIAN_POINT('',(1.778000030517E2,0.E0,-6.096364997533E0));
#11702=DIRECTION('',(0.E0,0.E0,-1.E0));
#11703=DIRECTION('',(1.E0,0.E0,0.E0));
#11704=AXIS2_PLACEMENT_3D('',#11701,#11702,#11703);
#11705=PLANE('',#11704);
#11707=ORIENTED_EDGE('',*,*,#11706,.F.);
#11709=ORIENTED_EDGE('',*,*,#11708,.F.);
#11711=ORIENTED_EDGE('',*,*,#11710,.F.);
#11713=ORIENTED_EDGE('',*,*,#11712,.F.);
#11715=ORIENTED_EDGE('',*,*,#11714,.F.);
#11717=ORIENTED_EDGE('',*,*,#11716,.F.);
#11719=ORIENTED_EDGE('',*,*,#11718,.F.);
#11721=ORIENTED_EDGE('',*,*,#11720,.F.);
#11723=ORIENTED_EDGE('',*,*,#11722,.F.);
#11725=ORIENTED_EDGE('',*,*,#11724,.F.);
#11727=ORIENTED_EDGE('',*,*,#11726,.F.);
#11729=ORIENTED_EDGE('',*,*,#11728,.F.);
#11731=ORIENTED_EDGE('',*,*,#11730,.F.);
#11733=ORIENTED_EDGE('',*,*,#11732,.F.);
#11735=ORIENTED_EDGE('',*,*,#11734,.F.);
#11737=ORIENTED_EDGE('',*,*,#11736,.F.);
#11739=ORIENTED_EDGE('',*,*,#11738,.F.);
#11741=ORIENTED_EDGE('',*,*,#11740,.F.);
#11743=ORIENTED_EDGE('',*,*,#11742,.F.);
#11745=ORIENTED_EDGE('',*,*,#11744,.F.);
#11747=ORIENTED_EDGE('',*,*,#11746,.F.);
#11749=ORIENTED_EDGE('',*,*,#11748,.F.);
#11751=ORIENTED_EDGE('',*,*,#11750,.F.);
#11753=ORIENTED_EDGE('',*,*,#11752,.F.);
#11754=EDGE_LOOP('',(#11707,#11709,#11711,#11713,#11715,#11717,#11719,#11721,
#11723,#11725,#11727,#11729,#11731,#11733,#11735,#11737,#11739,#11741,#11743,
#11745,#11747,#11749,#11751,#11753));
#11755=FACE_OUTER_BOUND('',#11754,.F.);
#11756=ADVANCED_FACE('',(#11755),#11705,.T.);
#11757=CARTESIAN_POINT('',(1.778000030517E2,0.E0,-6.096364997533E0));
#11758=DIRECTION('',(0.E0,0.E0,-1.E0));
#11759=DIRECTION('',(1.E0,0.E0,0.E0));
#11760=AXIS2_PLACEMENT_3D('',#11757,#11758,#11759);
#11761=PLANE('',#11760);
#11763=ORIENTED_EDGE('',*,*,#11762,.F.);
#11765=ORIENTED_EDGE('',*,*,#11764,.F.);
#11767=ORIENTED_EDGE('',*,*,#11766,.F.);
#11769=ORIENTED_EDGE('',*,*,#11768,.F.);
#11770=EDGE_LOOP('',(#11763,#11765,#11767,#11769));
#11771=FACE_OUTER_BOUND('',#11770,.F.);
#11772=ADVANCED_FACE('',(#11771),#11761,.T.);
#11773=CARTESIAN_POINT('',(1.778000030517E2,0.E0,-6.096364997533E0));
#11774=DIRECTION('',(0.E0,0.E0,-1.E0));
#11775=DIRECTION('',(1.E0,0.E0,0.E0));
#11776=AXIS2_PLACEMENT_3D('',#11773,#11774,#11775);
#11777=PLANE('',#11776);
#11779=ORIENTED_EDGE('',*,*,#11778,.F.);
#11781=ORIENTED_EDGE('',*,*,#11780,.F.);
#11783=ORIENTED_EDGE('',*,*,#11782,.F.);
#11785=ORIENTED_EDGE('',*,*,#11784,.F.);
#11786=EDGE_LOOP('',(#11779,#11781,#11783,#11785));
#11787=FACE_OUTER_BOUND('',#11786,.F.);
#11788=ADVANCED_FACE('',(#11787),#11777,.T.);
#11789=CARTESIAN_POINT('',(1.778000030517E2,0.E0,-6.096364997533E0));
#11790=DIRECTION('',(0.E0,0.E0,-1.E0));
#11791=DIRECTION('',(1.E0,0.E0,0.E0));
#11792=AXIS2_PLACEMENT_3D('',#11789,#11790,#11791);
#11793=PLANE('',#11792);
#11795=ORIENTED_EDGE('',*,*,#11794,.F.);
#11797=ORIENTED_EDGE('',*,*,#11796,.F.);
#11799=ORIENTED_EDGE('',*,*,#11798,.F.);
#11801=ORIENTED_EDGE('',*,*,#11800,.F.);
#11803=ORIENTED_EDGE('',*,*,#11802,.F.);
#11805=ORIENTED_EDGE('',*,*,#11804,.F.);
#11807=ORIENTED_EDGE('',*,*,#11806,.F.);
#11809=ORIENTED_EDGE('',*,*,#11808,.F.);
#11811=ORIENTED_EDGE('',*,*,#11810,.F.);
#11813=ORIENTED_EDGE('',*,*,#11812,.F.);
#11815=ORIENTED_EDGE('',*,*,#11814,.F.);
#11817=ORIENTED_EDGE('',*,*,#11816,.F.);
#11819=ORIENTED_EDGE('',*,*,#11818,.F.);
#11821=ORIENTED_EDGE('',*,*,#11820,.F.);
#11823=ORIENTED_EDGE('',*,*,#11822,.F.);
#11825=ORIENTED_EDGE('',*,*,#11824,.F.);
#11827=ORIENTED_EDGE('',*,*,#11826,.F.);
#11829=ORIENTED_EDGE('',*,*,#11828,.F.);
#11831=ORIENTED_EDGE('',*,*,#11830,.F.);
#11833=ORIENTED_EDGE('',*,*,#11832,.F.);
#11835=ORIENTED_EDGE('',*,*,#11834,.F.);
#11837=ORIENTED_EDGE('',*,*,#11836,.F.);
#11839=ORIENTED_EDGE('',*,*,#11838,.F.);
#11841=ORIENTED_EDGE('',*,*,#11840,.F.);
#11843=ORIENTED_EDGE('',*,*,#11842,.F.);
#11845=ORIENTED_EDGE('',*,*,#11844,.F.);
#11847=ORIENTED_EDGE('',*,*,#11846,.F.);
#11849=ORIENTED_EDGE('',*,*,#11848,.F.);
#11851=ORIENTED_EDGE('',*,*,#11850,.F.);
#11853=ORIENTED_EDGE('',*,*,#11852,.F.);
#11855=ORIENTED_EDGE('',*,*,#11854,.F.);
#11857=ORIENTED_EDGE('',*,*,#11856,.F.);
#11859=ORIENTED_EDGE('',*,*,#11858,.F.);
#11861=ORIENTED_EDGE('',*,*,#11860,.F.);
#11863=ORIENTED_EDGE('',*,*,#11862,.F.);
#11865=ORIENTED_EDGE('',*,*,#11864,.F.);
#11867=ORIENTED_EDGE('',*,*,#11866,.F.);
#11869=ORIENTED_EDGE('',*,*,#11868,.F.);
#11871=ORIENTED_EDGE('',*,*,#11870,.F.);
#11873=ORIENTED_EDGE('',*,*,#11872,.F.);
#11875=ORIENTED_EDGE('',*,*,#11874,.F.);
#11877=ORIENTED_EDGE('',*,*,#11876,.F.);
#11879=ORIENTED_EDGE('',*,*,#11878,.F.);
#11881=ORIENTED_EDGE('',*,*,#11880,.F.);
#11882=EDGE_LOOP('',(#11795,#11797,#11799,#11801,#11803,#11805,#11807,#11809,
#11811,#11813,#11815,#11817,#11819,#11821,#11823,#11825,#11827,#11829,#11831,
#11833,#11835,#11837,#11839,#11841,#11843,#11845,#11847,#11849,#11851,#11853,
#11855,#11857,#11859,#11861,#11863,#11865,#11867,#11869,#11871,#11873,#11875,
#11877,#11879,#11881));
#11883=FACE_OUTER_BOUND('',#11882,.F.);
#11884=ADVANCED_FACE('',(#11883),#11793,.T.);
#11885=CARTESIAN_POINT('',(1.778000030517E2,0.E0,-6.096364997533E0));
#11886=DIRECTION('',(0.E0,0.E0,-1.E0));
#11887=DIRECTION('',(1.E0,0.E0,0.E0));
#11888=AXIS2_PLACEMENT_3D('',#11885,#11886,#11887);
#11889=PLANE('',#11888);
#11891=ORIENTED_EDGE('',*,*,#11890,.F.);
#11893=ORIENTED_EDGE('',*,*,#11892,.F.);
#11895=ORIENTED_EDGE('',*,*,#11894,.F.);
#11897=ORIENTED_EDGE('',*,*,#11896,.F.);
#11899=ORIENTED_EDGE('',*,*,#11898,.F.);
#11901=ORIENTED_EDGE('',*,*,#11900,.F.);
#11903=ORIENTED_EDGE('',*,*,#11902,.F.);
#11905=ORIENTED_EDGE('',*,*,#11904,.F.);
#11907=ORIENTED_EDGE('',*,*,#11906,.F.);
#11909=ORIENTED_EDGE('',*,*,#11908,.F.);
#11911=ORIENTED_EDGE('',*,*,#11910,.F.);
#11913=ORIENTED_EDGE('',*,*,#11912,.F.);
#11915=ORIENTED_EDGE('',*,*,#11914,.F.);
#11917=ORIENTED_EDGE('',*,*,#11916,.F.);
#11919=ORIENTED_EDGE('',*,*,#11918,.F.);
#11921=ORIENTED_EDGE('',*,*,#11920,.F.);
#11923=ORIENTED_EDGE('',*,*,#11922,.F.);
#11925=ORIENTED_EDGE('',*,*,#11924,.F.);
#11927=ORIENTED_EDGE('',*,*,#11926,.F.);
#11929=ORIENTED_EDGE('',*,*,#11928,.F.);
#11931=ORIENTED_EDGE('',*,*,#11930,.F.);
#11933=ORIENTED_EDGE('',*,*,#11932,.F.);
#11935=ORIENTED_EDGE('',*,*,#11934,.F.);
#11937=ORIENTED_EDGE('',*,*,#11936,.F.);
#11938=EDGE_LOOP('',(#11891,#11893,#11895,#11897,#11899,#11901,#11903,#11905,
#11907,#11909,#11911,#11913,#11915,#11917,#11919,#11921,#11923,#11925,#11927,
#11929,#11931,#11933,#11935,#11937));
#11939=FACE_OUTER_BOUND('',#11938,.F.);
#11940=ADVANCED_FACE('',(#11939),#11889,.T.);
#11941=CARTESIAN_POINT('',(1.778000030517E2,0.E0,-6.096364997533E0));
#11942=DIRECTION('',(0.E0,0.E0,-1.E0));
#11943=DIRECTION('',(1.E0,0.E0,0.E0));
#11944=AXIS2_PLACEMENT_3D('',#11941,#11942,#11943);
#11945=PLANE('',#11944);
#11947=ORIENTED_EDGE('',*,*,#11946,.F.);
#11949=ORIENTED_EDGE('',*,*,#11948,.F.);
#11951=ORIENTED_EDGE('',*,*,#11950,.F.);
#11953=ORIENTED_EDGE('',*,*,#11952,.F.);
#11955=ORIENTED_EDGE('',*,*,#11954,.F.);
#11957=ORIENTED_EDGE('',*,*,#11956,.F.);
#11959=ORIENTED_EDGE('',*,*,#11958,.F.);
#11961=ORIENTED_EDGE('',*,*,#11960,.F.);
#11963=ORIENTED_EDGE('',*,*,#11962,.F.);
#11965=ORIENTED_EDGE('',*,*,#11964,.F.);
#11967=ORIENTED_EDGE('',*,*,#11966,.F.);
#11969=ORIENTED_EDGE('',*,*,#11968,.F.);
#11971=ORIENTED_EDGE('',*,*,#11970,.F.);
#11973=ORIENTED_EDGE('',*,*,#11972,.F.);
#11975=ORIENTED_EDGE('',*,*,#11974,.F.);
#11977=ORIENTED_EDGE('',*,*,#11976,.F.);
#11979=ORIENTED_EDGE('',*,*,#11978,.F.);
#11981=ORIENTED_EDGE('',*,*,#11980,.F.);
#11983=ORIENTED_EDGE('',*,*,#11982,.F.);
#11985=ORIENTED_EDGE('',*,*,#11984,.F.);
#11987=ORIENTED_EDGE('',*,*,#11986,.F.);
#11989=ORIENTED_EDGE('',*,*,#11988,.F.);
#11991=ORIENTED_EDGE('',*,*,#11990,.F.);
#11993=ORIENTED_EDGE('',*,*,#11992,.F.);
#11995=ORIENTED_EDGE('',*,*,#11994,.F.);
#11997=ORIENTED_EDGE('',*,*,#11996,.F.);
#11998=EDGE_LOOP('',(#11947,#11949,#11951,#11953,#11955,#11957,#11959,#11961,
#11963,#11965,#11967,#11969,#11971,#11973,#11975,#11977,#11979,#11981,#11983,
#11985,#11987,#11989,#11991,#11993,#11995,#11997));
#11999=FACE_OUTER_BOUND('',#11998,.F.);
#12001=ORIENTED_EDGE('',*,*,#12000,.F.);
#12003=ORIENTED_EDGE('',*,*,#12002,.F.);
#12005=ORIENTED_EDGE('',*,*,#12004,.F.);
#12007=ORIENTED_EDGE('',*,*,#12006,.F.);
#12009=ORIENTED_EDGE('',*,*,#12008,.F.);
#12011=ORIENTED_EDGE('',*,*,#12010,.F.);
#12013=ORIENTED_EDGE('',*,*,#12012,.F.);
#12015=ORIENTED_EDGE('',*,*,#12014,.F.);
#12017=ORIENTED_EDGE('',*,*,#12016,.F.);
#12019=ORIENTED_EDGE('',*,*,#12018,.F.);
#12021=ORIENTED_EDGE('',*,*,#12020,.F.);
#12023=ORIENTED_EDGE('',*,*,#12022,.F.);
#12025=ORIENTED_EDGE('',*,*,#12024,.F.);
#12027=ORIENTED_EDGE('',*,*,#12026,.F.);
#12029=ORIENTED_EDGE('',*,*,#12028,.F.);
#12031=ORIENTED_EDGE('',*,*,#12030,.F.);
#12033=ORIENTED_EDGE('',*,*,#12032,.F.);
#12035=ORIENTED_EDGE('',*,*,#12034,.F.);
#12037=ORIENTED_EDGE('',*,*,#12036,.F.);
#12039=ORIENTED_EDGE('',*,*,#12038,.F.);
#12040=EDGE_LOOP('',(#12001,#12003,#12005,#12007,#12009,#12011,#12013,#12015,
#12017,#12019,#12021,#12023,#12025,#12027,#12029,#12031,#12033,#12035,#12037,
#12039));
#12041=FACE_BOUND('',#12040,.F.);
#12042=ADVANCED_FACE('',(#11999,#12041),#11945,.T.);
#12043=CARTESIAN_POINT('',(1.778000030517E2,0.E0,-6.096364997533E0));
#12044=DIRECTION('',(0.E0,0.E0,-1.E0));
#12045=DIRECTION('',(1.E0,0.E0,0.E0));
#12046=AXIS2_PLACEMENT_3D('',#12043,#12044,#12045);
#12047=PLANE('',#12046);
#12049=ORIENTED_EDGE('',*,*,#12048,.F.);
#12051=ORIENTED_EDGE('',*,*,#12050,.F.);
#12053=ORIENTED_EDGE('',*,*,#12052,.F.);
#12055=ORIENTED_EDGE('',*,*,#12054,.F.);
#12057=ORIENTED_EDGE('',*,*,#12056,.F.);
#12059=ORIENTED_EDGE('',*,*,#12058,.F.);
#12061=ORIENTED_EDGE('',*,*,#12060,.F.);
#12063=ORIENTED_EDGE('',*,*,#12062,.F.);
#12065=ORIENTED_EDGE('',*,*,#12064,.F.);
#12067=ORIENTED_EDGE('',*,*,#12066,.F.);
#12069=ORIENTED_EDGE('',*,*,#12068,.F.);
#12071=ORIENTED_EDGE('',*,*,#12070,.F.);
#12073=ORIENTED_EDGE('',*,*,#12072,.F.);
#12074=EDGE_LOOP('',(#12049,#12051,#12053,#12055,#12057,#12059,#12061,#12063,
#12065,#12067,#12069,#12071,#12073));
#12075=FACE_OUTER_BOUND('',#12074,.F.);
#12076=ADVANCED_FACE('',(#12075),#12047,.T.);
#12077=CARTESIAN_POINT('',(1.778000030517E2,0.E0,-6.096364997533E0));
#12078=DIRECTION('',(0.E0,0.E0,-1.E0));
#12079=DIRECTION('',(1.E0,0.E0,0.E0));
#12080=AXIS2_PLACEMENT_3D('',#12077,#12078,#12079);
#12081=PLANE('',#12080);
#12083=ORIENTED_EDGE('',*,*,#12082,.F.);
#12085=ORIENTED_EDGE('',*,*,#12084,.F.);
#12087=ORIENTED_EDGE('',*,*,#12086,.F.);
#12089=ORIENTED_EDGE('',*,*,#12088,.F.);
#12091=ORIENTED_EDGE('',*,*,#12090,.F.);
#12093=ORIENTED_EDGE('',*,*,#12092,.F.);
#12095=ORIENTED_EDGE('',*,*,#12094,.F.);
#12097=ORIENTED_EDGE('',*,*,#12096,.F.);
#12099=ORIENTED_EDGE('',*,*,#12098,.F.);
#12101=ORIENTED_EDGE('',*,*,#12100,.F.);
#12103=ORIENTED_EDGE('',*,*,#12102,.F.);
#12105=ORIENTED_EDGE('',*,*,#12104,.F.);
#12107=ORIENTED_EDGE('',*,*,#12106,.F.);
#12109=ORIENTED_EDGE('',*,*,#12108,.F.);
#12111=ORIENTED_EDGE('',*,*,#12110,.F.);
#12113=ORIENTED_EDGE('',*,*,#12112,.F.);
#12115=ORIENTED_EDGE('',*,*,#12114,.F.);
#12117=ORIENTED_EDGE('',*,*,#12116,.F.);
#12119=ORIENTED_EDGE('',*,*,#12118,.F.);
#12120=EDGE_LOOP('',(#12083,#12085,#12087,#12089,#12091,#12093,#12095,#12097,
#12099,#12101,#12103,#12105,#12107,#12109,#12111,#12113,#12115,#12117,#12119));
#12121=FACE_OUTER_BOUND('',#12120,.F.);
#12122=ADVANCED_FACE('',(#12121),#12081,.T.);
#12123=CARTESIAN_POINT('',(1.778000030517E2,0.E0,-6.096364997533E0));
#12124=DIRECTION('',(0.E0,0.E0,-1.E0));
#12125=DIRECTION('',(1.E0,0.E0,0.E0));
#12126=AXIS2_PLACEMENT_3D('',#12123,#12124,#12125);
#12127=PLANE('',#12126);
#12129=ORIENTED_EDGE('',*,*,#12128,.F.);
#12131=ORIENTED_EDGE('',*,*,#12130,.F.);
#12133=ORIENTED_EDGE('',*,*,#12132,.F.);
#12135=ORIENTED_EDGE('',*,*,#12134,.F.);
#12137=ORIENTED_EDGE('',*,*,#12136,.F.);
#12139=ORIENTED_EDGE('',*,*,#12138,.F.);
#12141=ORIENTED_EDGE('',*,*,#12140,.F.);
#12143=ORIENTED_EDGE('',*,*,#12142,.F.);
#12145=ORIENTED_EDGE('',*,*,#12144,.F.);
#12147=ORIENTED_EDGE('',*,*,#12146,.F.);
#12149=ORIENTED_EDGE('',*,*,#12148,.F.);
#12151=ORIENTED_EDGE('',*,*,#12150,.F.);
#12153=ORIENTED_EDGE('',*,*,#12152,.F.);
#12154=EDGE_LOOP('',(#12129,#12131,#12133,#12135,#12137,#12139,#12141,#12143,
#12145,#12147,#12149,#12151,#12153));
#12155=FACE_OUTER_BOUND('',#12154,.F.);
#12156=ADVANCED_FACE('',(#12155),#12127,.T.);
#12157=CARTESIAN_POINT('',(1.778000030517E2,0.E0,-6.096364997533E0));
#12158=DIRECTION('',(0.E0,0.E0,-1.E0));
#12159=DIRECTION('',(1.E0,0.E0,0.E0));
#12160=AXIS2_PLACEMENT_3D('',#12157,#12158,#12159);
#12161=PLANE('',#12160);
#12163=ORIENTED_EDGE('',*,*,#12162,.F.);
#12165=ORIENTED_EDGE('',*,*,#12164,.F.);
#12167=ORIENTED_EDGE('',*,*,#12166,.F.);
#12169=ORIENTED_EDGE('',*,*,#12168,.F.);
#12171=ORIENTED_EDGE('',*,*,#12170,.F.);
#12173=ORIENTED_EDGE('',*,*,#12172,.F.);
#12175=ORIENTED_EDGE('',*,*,#12174,.F.);
#12177=ORIENTED_EDGE('',*,*,#12176,.F.);
#12179=ORIENTED_EDGE('',*,*,#12178,.F.);
#12181=ORIENTED_EDGE('',*,*,#12180,.F.);
#12183=ORIENTED_EDGE('',*,*,#12182,.F.);
#12185=ORIENTED_EDGE('',*,*,#12184,.F.);
#12187=ORIENTED_EDGE('',*,*,#12186,.F.);
#12189=ORIENTED_EDGE('',*,*,#12188,.F.);
#12191=ORIENTED_EDGE('',*,*,#12190,.F.);
#12193=ORIENTED_EDGE('',*,*,#12192,.F.);
#12195=ORIENTED_EDGE('',*,*,#12194,.F.);
#12197=ORIENTED_EDGE('',*,*,#12196,.F.);
#12199=ORIENTED_EDGE('',*,*,#12198,.F.);
#12201=ORIENTED_EDGE('',*,*,#12200,.F.);
#12203=ORIENTED_EDGE('',*,*,#12202,.F.);
#12205=ORIENTED_EDGE('',*,*,#12204,.F.);
#12207=ORIENTED_EDGE('',*,*,#12206,.F.);
#12209=ORIENTED_EDGE('',*,*,#12208,.F.);
#12211=ORIENTED_EDGE('',*,*,#12210,.F.);
#12213=ORIENTED_EDGE('',*,*,#12212,.F.);
#12215=ORIENTED_EDGE('',*,*,#12214,.F.);
#12217=ORIENTED_EDGE('',*,*,#12216,.F.);
#12219=ORIENTED_EDGE('',*,*,#12218,.F.);
#12221=ORIENTED_EDGE('',*,*,#12220,.F.);
#12223=ORIENTED_EDGE('',*,*,#12222,.F.);
#12225=ORIENTED_EDGE('',*,*,#12224,.F.);
#12227=ORIENTED_EDGE('',*,*,#12226,.F.);
#12229=ORIENTED_EDGE('',*,*,#12228,.F.);
#12231=ORIENTED_EDGE('',*,*,#12230,.F.);
#12233=ORIENTED_EDGE('',*,*,#12232,.F.);
#12235=ORIENTED_EDGE('',*,*,#12234,.F.);
#12237=ORIENTED_EDGE('',*,*,#12236,.F.);
#12239=ORIENTED_EDGE('',*,*,#12238,.F.);
#12240=EDGE_LOOP('',(#12163,#12165,#12167,#12169,#12171,#12173,#12175,#12177,
#12179,#12181,#12183,#12185,#12187,#12189,#12191,#12193,#12195,#12197,#12199,
#12201,#12203,#12205,#12207,#12209,#12211,#12213,#12215,#12217,#12219,#12221,
#12223,#12225,#12227,#12229,#12231,#12233,#12235,#12237,#12239));
#12241=FACE_OUTER_BOUND('',#12240,.F.);
#12243=ORIENTED_EDGE('',*,*,#12242,.F.);
#12245=ORIENTED_EDGE('',*,*,#12244,.F.);
#12247=ORIENTED_EDGE('',*,*,#12246,.F.);
#12249=ORIENTED_EDGE('',*,*,#12248,.F.);
#12251=ORIENTED_EDGE('',*,*,#12250,.F.);
#12253=ORIENTED_EDGE('',*,*,#12252,.F.);
#12255=ORIENTED_EDGE('',*,*,#12254,.F.);
#12257=ORIENTED_EDGE('',*,*,#12256,.F.);
#12259=ORIENTED_EDGE('',*,*,#12258,.F.);
#12261=ORIENTED_EDGE('',*,*,#12260,.F.);
#12263=ORIENTED_EDGE('',*,*,#12262,.F.);
#12265=ORIENTED_EDGE('',*,*,#12264,.F.);
#12267=ORIENTED_EDGE('',*,*,#12266,.F.);
#12268=EDGE_LOOP('',(#12243,#12245,#12247,#12249,#12251,#12253,#12255,#12257,
#12259,#12261,#12263,#12265,#12267));
#12269=FACE_BOUND('',#12268,.F.);
#12270=ADVANCED_FACE('',(#12241,#12269),#12161,.T.);
#12271=CARTESIAN_POINT('',(1.778000030517E2,0.E0,-6.096364997533E0));
#12272=DIRECTION('',(0.E0,0.E0,-1.E0));
#12273=DIRECTION('',(1.E0,0.E0,0.E0));
#12274=AXIS2_PLACEMENT_3D('',#12271,#12272,#12273);
#12275=PLANE('',#12274);
#12277=ORIENTED_EDGE('',*,*,#12276,.F.);
#12279=ORIENTED_EDGE('',*,*,#12278,.F.);
#12281=ORIENTED_EDGE('',*,*,#12280,.F.);
#12283=ORIENTED_EDGE('',*,*,#12282,.F.);
#12285=ORIENTED_EDGE('',*,*,#12284,.F.);
#12287=ORIENTED_EDGE('',*,*,#12286,.F.);
#12289=ORIENTED_EDGE('',*,*,#12288,.F.);
#12291=ORIENTED_EDGE('',*,*,#12290,.F.);
#12293=ORIENTED_EDGE('',*,*,#12292,.F.);
#12295=ORIENTED_EDGE('',*,*,#12294,.F.);
#12297=ORIENTED_EDGE('',*,*,#12296,.F.);
#12299=ORIENTED_EDGE('',*,*,#12298,.F.);
#12301=ORIENTED_EDGE('',*,*,#12300,.F.);
#12303=ORIENTED_EDGE('',*,*,#12302,.F.);
#12305=ORIENTED_EDGE('',*,*,#12304,.F.);
#12307=ORIENTED_EDGE('',*,*,#12306,.F.);
#12309=ORIENTED_EDGE('',*,*,#12308,.F.);
#12311=ORIENTED_EDGE('',*,*,#12310,.F.);
#12313=ORIENTED_EDGE('',*,*,#12312,.F.);
#12315=ORIENTED_EDGE('',*,*,#12314,.F.);
#12317=ORIENTED_EDGE('',*,*,#12316,.F.);
#12319=ORIENTED_EDGE('',*,*,#12318,.F.);
#12321=ORIENTED_EDGE('',*,*,#12320,.F.);
#12323=ORIENTED_EDGE('',*,*,#12322,.F.);
#12324=EDGE_LOOP('',(#12277,#12279,#12281,#12283,#12285,#12287,#12289,#12291,
#12293,#12295,#12297,#12299,#12301,#12303,#12305,#12307,#12309,#12311,#12313,
#12315,#12317,#12319,#12321,#12323));
#12325=FACE_OUTER_BOUND('',#12324,.F.);
#12326=ADVANCED_FACE('',(#12325),#12275,.T.);
#12327=CARTESIAN_POINT('',(1.778000030517E2,0.E0,-6.096364997533E0));
#12328=DIRECTION('',(0.E0,0.E0,-1.E0));
#12329=DIRECTION('',(1.E0,0.E0,0.E0));
#12330=AXIS2_PLACEMENT_3D('',#12327,#12328,#12329);
#12331=PLANE('',#12330);
#12333=ORIENTED_EDGE('',*,*,#12332,.F.);
#12335=ORIENTED_EDGE('',*,*,#12334,.F.);
#12337=ORIENTED_EDGE('',*,*,#12336,.F.);
#12339=ORIENTED_EDGE('',*,*,#12338,.F.);
#12341=ORIENTED_EDGE('',*,*,#12340,.F.);
#12343=ORIENTED_EDGE('',*,*,#12342,.F.);
#12345=ORIENTED_EDGE('',*,*,#12344,.F.);
#12347=ORIENTED_EDGE('',*,*,#12346,.F.);
#12349=ORIENTED_EDGE('',*,*,#12348,.F.);
#12351=ORIENTED_EDGE('',*,*,#12350,.F.);
#12353=ORIENTED_EDGE('',*,*,#12352,.F.);
#12355=ORIENTED_EDGE('',*,*,#12354,.F.);
#12357=ORIENTED_EDGE('',*,*,#12356,.F.);
#12359=ORIENTED_EDGE('',*,*,#12358,.F.);
#12361=ORIENTED_EDGE('',*,*,#12360,.F.);
#12363=ORIENTED_EDGE('',*,*,#12362,.F.);
#12365=ORIENTED_EDGE('',*,*,#12364,.F.);
#12367=ORIENTED_EDGE('',*,*,#12366,.F.);
#12369=ORIENTED_EDGE('',*,*,#12368,.F.);
#12371=ORIENTED_EDGE('',*,*,#12370,.F.);
#12373=ORIENTED_EDGE('',*,*,#12372,.F.);
#12375=ORIENTED_EDGE('',*,*,#12374,.F.);
#12377=ORIENTED_EDGE('',*,*,#12376,.F.);
#12379=ORIENTED_EDGE('',*,*,#12378,.F.);
#12381=ORIENTED_EDGE('',*,*,#12380,.F.);
#12383=ORIENTED_EDGE('',*,*,#12382,.F.);
#12385=ORIENTED_EDGE('',*,*,#12384,.F.);
#12387=ORIENTED_EDGE('',*,*,#12386,.F.);
#12389=ORIENTED_EDGE('',*,*,#12388,.F.);
#12391=ORIENTED_EDGE('',*,*,#12390,.F.);
#12393=ORIENTED_EDGE('',*,*,#12392,.F.);
#12395=ORIENTED_EDGE('',*,*,#12394,.F.);
#12397=ORIENTED_EDGE('',*,*,#12396,.F.);
#12399=ORIENTED_EDGE('',*,*,#12398,.F.);
#12401=ORIENTED_EDGE('',*,*,#12400,.F.);
#12403=ORIENTED_EDGE('',*,*,#12402,.F.);
#12405=ORIENTED_EDGE('',*,*,#12404,.F.);
#12407=ORIENTED_EDGE('',*,*,#12406,.F.);
#12409=ORIENTED_EDGE('',*,*,#12408,.F.);
#12411=ORIENTED_EDGE('',*,*,#12410,.F.);
#12413=ORIENTED_EDGE('',*,*,#12412,.F.);
#12415=ORIENTED_EDGE('',*,*,#12414,.F.);
#12417=ORIENTED_EDGE('',*,*,#12416,.F.);
#12419=ORIENTED_EDGE('',*,*,#12418,.F.);
#12420=EDGE_LOOP('',(#12333,#12335,#12337,#12339,#12341,#12343,#12345,#12347,
#12349,#12351,#12353,#12355,#12357,#12359,#12361,#12363,#12365,#12367,#12369,
#12371,#12373,#12375,#12377,#12379,#12381,#12383,#12385,#12387,#12389,#12391,
#12393,#12395,#12397,#12399,#12401,#12403,#12405,#12407,#12409,#12411,#12413,
#12415,#12417,#12419));
#12421=FACE_OUTER_BOUND('',#12420,.F.);
#12423=ORIENTED_EDGE('',*,*,#12422,.F.);
#12425=ORIENTED_EDGE('',*,*,#12424,.F.);
#12427=ORIENTED_EDGE('',*,*,#12426,.F.);
#12429=ORIENTED_EDGE('',*,*,#12428,.F.);
#12431=ORIENTED_EDGE('',*,*,#12430,.F.);
#12433=ORIENTED_EDGE('',*,*,#12432,.F.);
#12435=ORIENTED_EDGE('',*,*,#12434,.F.);
#12437=ORIENTED_EDGE('',*,*,#12436,.F.);
#12439=ORIENTED_EDGE('',*,*,#12438,.F.);
#12441=ORIENTED_EDGE('',*,*,#12440,.F.);
#12443=ORIENTED_EDGE('',*,*,#12442,.F.);
#12445=ORIENTED_EDGE('',*,*,#12444,.F.);
#12447=ORIENTED_EDGE('',*,*,#12446,.F.);
#12449=ORIENTED_EDGE('',*,*,#12448,.F.);
#12451=ORIENTED_EDGE('',*,*,#12450,.F.);
#12453=ORIENTED_EDGE('',*,*,#12452,.F.);
#12455=ORIENTED_EDGE('',*,*,#12454,.F.);
#12456=EDGE_LOOP('',(#12423,#12425,#12427,#12429,#12431,#12433,#12435,#12437,
#12439,#12441,#12443,#12445,#12447,#12449,#12451,#12453,#12455));
#12457=FACE_BOUND('',#12456,.F.);
#12458=ADVANCED_FACE('',(#12421,#12457),#12331,.T.);
#12459=CARTESIAN_POINT('',(1.778000030517E2,0.E0,-6.096364997533E0));
#12460=DIRECTION('',(0.E0,0.E0,-1.E0));
#12461=DIRECTION('',(1.E0,0.E0,0.E0));
#12462=AXIS2_PLACEMENT_3D('',#12459,#12460,#12461);
#12463=PLANE('',#12462);
#12465=ORIENTED_EDGE('',*,*,#12464,.F.);
#12467=ORIENTED_EDGE('',*,*,#12466,.F.);
#12469=ORIENTED_EDGE('',*,*,#12468,.F.);
#12471=ORIENTED_EDGE('',*,*,#12470,.F.);
#12473=ORIENTED_EDGE('',*,*,#12472,.F.);
#12475=ORIENTED_EDGE('',*,*,#12474,.F.);
#12477=ORIENTED_EDGE('',*,*,#12476,.F.);
#12479=ORIENTED_EDGE('',*,*,#12478,.F.);
#12481=ORIENTED_EDGE('',*,*,#12480,.F.);
#12483=ORIENTED_EDGE('',*,*,#12482,.F.);
#12485=ORIENTED_EDGE('',*,*,#12484,.F.);
#12487=ORIENTED_EDGE('',*,*,#12486,.F.);
#12489=ORIENTED_EDGE('',*,*,#12488,.F.);
#12491=ORIENTED_EDGE('',*,*,#12490,.F.);
#12493=ORIENTED_EDGE('',*,*,#12492,.F.);
#12495=ORIENTED_EDGE('',*,*,#12494,.F.);
#12497=ORIENTED_EDGE('',*,*,#12496,.F.);
#12499=ORIENTED_EDGE('',*,*,#12498,.F.);
#12501=ORIENTED_EDGE('',*,*,#12500,.F.);
#12503=ORIENTED_EDGE('',*,*,#12502,.F.);
#12505=ORIENTED_EDGE('',*,*,#12504,.F.);
#12507=ORIENTED_EDGE('',*,*,#12506,.F.);
#12509=ORIENTED_EDGE('',*,*,#12508,.F.);
#12511=ORIENTED_EDGE('',*,*,#12510,.F.);
#12513=ORIENTED_EDGE('',*,*,#12512,.F.);
#12515=ORIENTED_EDGE('',*,*,#12514,.F.);
#12517=ORIENTED_EDGE('',*,*,#12516,.F.);
#12519=ORIENTED_EDGE('',*,*,#12518,.F.);
#12521=ORIENTED_EDGE('',*,*,#12520,.F.);
#12523=ORIENTED_EDGE('',*,*,#12522,.F.);
#12525=ORIENTED_EDGE('',*,*,#12524,.F.);
#12527=ORIENTED_EDGE('',*,*,#12526,.F.);
#12528=EDGE_LOOP('',(#12465,#12467,#12469,#12471,#12473,#12475,#12477,#12479,
#12481,#12483,#12485,#12487,#12489,#12491,#12493,#12495,#12497,#12499,#12501,
#12503,#12505,#12507,#12509,#12511,#12513,#12515,#12517,#12519,#12521,#12523,
#12525,#12527));
#12529=FACE_OUTER_BOUND('',#12528,.F.);
#12531=ORIENTED_EDGE('',*,*,#12530,.F.);
#12533=ORIENTED_EDGE('',*,*,#12532,.F.);
#12535=ORIENTED_EDGE('',*,*,#12534,.F.);
#12537=ORIENTED_EDGE('',*,*,#12536,.F.);
#12539=ORIENTED_EDGE('',*,*,#12538,.F.);
#12541=ORIENTED_EDGE('',*,*,#12540,.F.);
#12543=ORIENTED_EDGE('',*,*,#12542,.F.);
#12545=ORIENTED_EDGE('',*,*,#12544,.F.);
#12547=ORIENTED_EDGE('',*,*,#12546,.F.);
#12549=ORIENTED_EDGE('',*,*,#12548,.F.);
#12550=EDGE_LOOP('',(#12531,#12533,#12535,#12537,#12539,#12541,#12543,#12545,
#12547,#12549));
#12551=FACE_BOUND('',#12550,.F.);
#12552=ADVANCED_FACE('',(#12529,#12551),#12463,.T.);
#12553=CARTESIAN_POINT('',(1.704661756012E2,3.416753092645E1,
-7.096364997533E0));
#12554=DIRECTION('',(0.E0,1.E0,0.E0));
#12555=DIRECTION('',(1.E0,0.E0,0.E0));
#12556=AXIS2_PLACEMENT_3D('',#12553,#12554,#12555);
#12557=PLANE('',#12556);
#12558=ORIENTED_EDGE('',*,*,#9798,.F.);
#12560=ORIENTED_EDGE('',*,*,#12559,.T.);
#12561=ORIENTED_EDGE('',*,*,#11398,.T.);
#12563=ORIENTED_EDGE('',*,*,#12562,.F.);
#12564=EDGE_LOOP('',(#12558,#12560,#12561,#12563));
#12565=FACE_OUTER_BOUND('',#12564,.F.);
#12566=ADVANCED_FACE('',(#12565),#12557,.F.);
#12567=CARTESIAN_POINT('',(1.704661756012E2,3.351628092645E1,
-7.096364997533E0));
#12568=DIRECTION('',(-1.E0,0.E0,0.E0));
#12569=DIRECTION('',(0.E0,1.E0,0.E0));
#12570=AXIS2_PLACEMENT_3D('',#12567,#12568,#12569);
#12571=PLANE('',#12570);
#12572=ORIENTED_EDGE('',*,*,#9816,.F.);
#12574=ORIENTED_EDGE('',*,*,#12573,.T.);
#12575=ORIENTED_EDGE('',*,*,#11400,.T.);
#12576=ORIENTED_EDGE('',*,*,#12559,.F.);
#12577=EDGE_LOOP('',(#12572,#12574,#12575,#12576));
#12578=FACE_OUTER_BOUND('',#12577,.F.);
#12579=ADVANCED_FACE('',(#12578),#12571,.F.);
#12580=CARTESIAN_POINT('',(1.756761756012E2,3.351628092645E1,
-7.096364997533E0));
#12581=DIRECTION('',(0.E0,-1.E0,0.E0));
#12582=DIRECTION('',(-1.E0,0.E0,0.E0));
#12583=AXIS2_PLACEMENT_3D('',#12580,#12581,#12582);
#12584=PLANE('',#12583);
#12585=ORIENTED_EDGE('',*,*,#9814,.F.);
#12587=ORIENTED_EDGE('',*,*,#12586,.T.);
#12588=ORIENTED_EDGE('',*,*,#11402,.T.);
#12589=ORIENTED_EDGE('',*,*,#12573,.F.);
#12590=EDGE_LOOP('',(#12585,#12587,#12588,#12589));
#12591=FACE_OUTER_BOUND('',#12590,.F.);
#12592=ADVANCED_FACE('',(#12591),#12584,.F.);
#12593=CARTESIAN_POINT('',(1.756761756012E2,3.449315592645E1,
-7.096364997533E0));
#12594=DIRECTION('',(1.E0,0.E0,0.E0));
#12595=DIRECTION('',(0.E0,-1.E0,0.E0));
#12596=AXIS2_PLACEMENT_3D('',#12593,#12594,#12595);
#12597=PLANE('',#12596);
#12598=ORIENTED_EDGE('',*,*,#9812,.F.);
#12600=ORIENTED_EDGE('',*,*,#12599,.T.);
#12601=ORIENTED_EDGE('',*,*,#11404,.T.);
#12602=ORIENTED_EDGE('',*,*,#12586,.F.);
#12603=EDGE_LOOP('',(#12598,#12600,#12601,#12602));
#12604=FACE_OUTER_BOUND('',#12603,.F.);
#12605=ADVANCED_FACE('',(#12604),#12597,.F.);
#12606=CARTESIAN_POINT('',(1.712421330332E2,3.720669764488E1,
-7.096364997533E0));
#12607=DIRECTION('',(5.219889963294E-1,8.529522188910E-1,0.E0));
#12608=DIRECTION('',(8.529522188910E-1,-5.219889963294E-1,0.E0));
#12609=AXIS2_PLACEMENT_3D('',#12606,#12607,#12608);
#12610=PLANE('',#12609);
#12611=ORIENTED_EDGE('',*,*,#9810,.F.);
#12613=ORIENTED_EDGE('',*,*,#12612,.T.);
#12614=ORIENTED_EDGE('',*,*,#11406,.T.);
#12615=ORIENTED_EDGE('',*,*,#12599,.F.);
#12616=EDGE_LOOP('',(#12611,#12613,#12614,#12615));
#12617=FACE_OUTER_BOUND('',#12616,.F.);
#12618=ADVANCED_FACE('',(#12617),#12610,.F.);
#12619=CARTESIAN_POINT('',(1.756761756012E2,3.720669764488E1,
-7.096364997533E0));
#12620=DIRECTION('',(0.E0,-1.E0,0.E0));
#12621=DIRECTION('',(-1.E0,0.E0,0.E0));
#12622=AXIS2_PLACEMENT_3D('',#12619,#12620,#12621);
#12623=PLANE('',#12622);
#12624=ORIENTED_EDGE('',*,*,#9808,.F.);
#12626=ORIENTED_EDGE('',*,*,#12625,.T.);
#12627=ORIENTED_EDGE('',*,*,#11408,.T.);
#12628=ORIENTED_EDGE('',*,*,#12612,.F.);
#12629=EDGE_LOOP('',(#12624,#12626,#12627,#12628));
#12630=FACE_OUTER_BOUND('',#12629,.F.);
#12631=ADVANCED_FACE('',(#12630),#12623,.F.);
#12632=CARTESIAN_POINT('',(1.756761756012E2,3.785794764488E1,
-7.096364997533E0));
#12633=DIRECTION('',(1.E0,0.E0,0.E0));
#12634=DIRECTION('',(0.E0,-1.E0,0.E0));
#12635=AXIS2_PLACEMENT_3D('',#12632,#12633,#12634);
#12636=PLANE('',#12635);
#12637=ORIENTED_EDGE('',*,*,#9806,.F.);
#12639=ORIENTED_EDGE('',*,*,#12638,.T.);
#12640=ORIENTED_EDGE('',*,*,#11410,.T.);
#12641=ORIENTED_EDGE('',*,*,#12625,.F.);
#12642=EDGE_LOOP('',(#12637,#12639,#12640,#12641));
#12643=FACE_OUTER_BOUND('',#12642,.F.);
#12644=ADVANCED_FACE('',(#12643),#12636,.F.);
#12645=CARTESIAN_POINT('',(1.704661756012E2,3.785794764488E1,
-7.096364997533E0));
#12646=DIRECTION('',(0.E0,1.E0,0.E0));
#12647=DIRECTION('',(1.E0,0.E0,0.E0));
#12648=AXIS2_PLACEMENT_3D('',#12645,#12646,#12647);
#12649=PLANE('',#12648);
#12650=ORIENTED_EDGE('',*,*,#9804,.F.);
#12652=ORIENTED_EDGE('',*,*,#12651,.T.);
#12653=ORIENTED_EDGE('',*,*,#11412,.T.);
#12654=ORIENTED_EDGE('',*,*,#12638,.F.);
#12655=EDGE_LOOP('',(#12650,#12652,#12653,#12654));
#12656=FACE_OUTER_BOUND('',#12655,.F.);
#12657=ADVANCED_FACE('',(#12656),#12649,.F.);
#12658=CARTESIAN_POINT('',(1.704661756012E2,3.688107264488E1,
-7.096364997533E0));
#12659=DIRECTION('',(-1.E0,0.E0,0.E0));
#12660=DIRECTION('',(0.E0,1.E0,0.E0));
#12661=AXIS2_PLACEMENT_3D('',#12658,#12659,#12660);
#12662=PLANE('',#12661);
#12663=ORIENTED_EDGE('',*,*,#9802,.F.);
#12665=ORIENTED_EDGE('',*,*,#12664,.T.);
#12666=ORIENTED_EDGE('',*,*,#11414,.T.);
#12667=ORIENTED_EDGE('',*,*,#12651,.F.);
#12668=EDGE_LOOP('',(#12663,#12665,#12666,#12667));
#12669=FACE_OUTER_BOUND('',#12668,.F.);
#12670=ADVANCED_FACE('',(#12669),#12662,.F.);
#12671=CARTESIAN_POINT('',(1.750110692975E2,3.416753092645E1,
-7.096364997533E0));
#12672=DIRECTION('',(-5.126339211223E-1,-8.586072809584E-1,0.E0));
#12673=DIRECTION('',(-8.586072809584E-1,5.126339211223E-1,0.E0));
#12674=AXIS2_PLACEMENT_3D('',#12671,#12672,#12673);
#12675=PLANE('',#12674);
#12676=ORIENTED_EDGE('',*,*,#9800,.F.);
#12677=ORIENTED_EDGE('',*,*,#12562,.T.);
#12678=ORIENTED_EDGE('',*,*,#11416,.T.);
#12679=ORIENTED_EDGE('',*,*,#12664,.F.);
#12680=EDGE_LOOP('',(#12676,#12677,#12678,#12679));
#12681=FACE_OUTER_BOUND('',#12680,.F.);
#12682=ADVANCED_FACE('',(#12681),#12675,.F.);
#12683=CARTESIAN_POINT('',(1.756761756012E2,4.567294764488E1,
-7.096364997533E0));
#12684=DIRECTION('',(9.797707392153E-1,-2.001232084928E-1,0.E0));
#12685=DIRECTION('',(-2.001232084928E-1,-9.797707392153E-1,0.E0));
#12686=AXIS2_PLACEMENT_3D('',#12683,#12684,#12685);
#12687=PLANE('',#12686);
#12688=ORIENTED_EDGE('',*,*,#9820,.F.);
#12690=ORIENTED_EDGE('',*,*,#12689,.T.);
#12691=ORIENTED_EDGE('',*,*,#11426,.T.);
#12693=ORIENTED_EDGE('',*,*,#12692,.F.);
#12694=EDGE_LOOP('',(#12688,#12690,#12691,#12693));
#12695=FACE_OUTER_BOUND('',#12694,.F.);
#12696=ADVANCED_FACE('',(#12695),#12687,.F.);
#12697=CARTESIAN_POINT('',(1.756761756012E2,4.654128139226E1,
-7.096364997533E0));
#12698=DIRECTION('',(1.E0,0.E0,0.E0));
#12699=DIRECTION('',(0.E0,-1.E0,0.E0));
#12700=AXIS2_PLACEMENT_3D('',#12697,#12698,#12699);
#12701=PLANE('',#12700);
#12702=ORIENTED_EDGE('',*,*,#9866,.F.);
#12704=ORIENTED_EDGE('',*,*,#12703,.T.);
#12705=ORIENTED_EDGE('',*,*,#11428,.T.);
#12706=ORIENTED_EDGE('',*,*,#12689,.F.);
#12707=EDGE_LOOP('',(#12702,#12704,#12705,#12706));
#12708=FACE_OUTER_BOUND('',#12707,.F.);
#12709=ADVANCED_FACE('',(#12708),#12701,.F.);
#12710=CARTESIAN_POINT('',(1.755653245506E2,4.708398889749E1,
-7.096364997533E0));
#12711=DIRECTION('',(9.797706494039E-1,2.001236481946E-1,0.E0));
#12712=DIRECTION('',(2.001236481946E-1,-9.797706494039E-1,0.E0));
#12713=AXIS2_PLACEMENT_3D('',#12710,#12711,#12712);
#12714=PLANE('',#12713);
#12715=ORIENTED_EDGE('',*,*,#9864,.F.);
#12717=ORIENTED_EDGE('',*,*,#12716,.T.);
#12718=ORIENTED_EDGE('',*,*,#11430,.T.);
#12719=ORIENTED_EDGE('',*,*,#12703,.F.);
#12720=EDGE_LOOP('',(#12715,#12717,#12718,#12719));
#12721=FACE_OUTER_BOUND('',#12720,.F.);
#12722=ADVANCED_FACE('',(#12721),#12714,.F.);
#12723=CARTESIAN_POINT('',(1.753436224494E2,4.751815639226E1,
-7.096364997533E0));
#12724=DIRECTION('',(8.906056381928E-1,4.547764255314E-1,0.E0));
#12725=DIRECTION('',(4.547764255314E-1,-8.906056381928E-1,0.E0));
#12726=AXIS2_PLACEMENT_3D('',#12723,#12724,#12725);
#12727=PLANE('',#12726);
#12728=ORIENTED_EDGE('',*,*,#9862,.F.);
#12730=ORIENTED_EDGE('',*,*,#12729,.T.);
#12731=ORIENTED_EDGE('',*,*,#11432,.T.);
#12732=ORIENTED_EDGE('',*,*,#12716,.F.);
#12733=EDGE_LOOP('',(#12728,#12730,#12731,#12732));
#12734=FACE_OUTER_BOUND('',#12733,.F.);
#12735=ADVANCED_FACE('',(#12734),#12727,.F.);
#12736=CARTESIAN_POINT('',(1.749002182469E2,4.795232264488E1,
-7.096364997533E0));
#12737=DIRECTION('',(6.996244945571E-1,7.145107183351E-1,0.E0));
#12738=DIRECTION('',(7.145107183351E-1,-6.996244945571E-1,0.E0));
#12739=AXIS2_PLACEMENT_3D('',#12736,#12737,#12738);
#12740=PLANE('',#12739);
#12741=ORIENTED_EDGE('',*,*,#9860,.F.);
#12743=ORIENTED_EDGE('',*,*,#12742,.T.);
#12744=ORIENTED_EDGE('',*,*,#11434,.T.);
#12745=ORIENTED_EDGE('',*,*,#12729,.F.);
#12746=EDGE_LOOP('',(#12741,#12743,#12744,#12745));
#12747=FACE_OUTER_BOUND('',#12746,.F.);
#12748=ADVANCED_FACE('',(#12747),#12740,.F.);
#12749=CARTESIAN_POINT('',(1.744568140445E2,4.816940639226E1,
-7.096364997533E0));
#12750=DIRECTION('',(4.397141723527E-1,8.981377659536E-1,0.E0));
#12751=DIRECTION('',(8.981377659536E-1,-4.397141723527E-1,0.E0));
#12752=AXIS2_PLACEMENT_3D('',#12749,#12750,#12751);
#12753=PLANE('',#12752);
#12754=ORIENTED_EDGE('',*,*,#9858,.F.);
#12756=ORIENTED_EDGE('',*,*,#12755,.T.);
#12757=ORIENTED_EDGE('',*,*,#11436,.T.);
#12758=ORIENTED_EDGE('',*,*,#12742,.F.);
#12759=EDGE_LOOP('',(#12754,#12756,#12757,#12758));
#12760=FACE_OUTER_BOUND('',#12759,.F.);
#12761=ADVANCED_FACE('',(#12760),#12753,.F.);
#12762=CARTESIAN_POINT('',(1.739025584809E2,4.827794764488E1,
-7.096364997533E0));
#12763=DIRECTION('',(1.921820436730E-1,9.813592930674E-1,0.E0));
#12764=DIRECTION('',(9.813592930674E-1,-1.921820436730E-1,0.E0));
#12765=AXIS2_PLACEMENT_3D('',#12762,#12763,#12764);
#12766=PLANE('',#12765);
#12767=ORIENTED_EDGE('',*,*,#9856,.F.);
#12769=ORIENTED_EDGE('',*,*,#12768,.T.);
#12770=ORIENTED_EDGE('',*,*,#11438,.T.);
#12771=ORIENTED_EDGE('',*,*,#12755,.F.);
#12772=EDGE_LOOP('',(#12767,#12769,#12770,#12771));
#12773=FACE_OUTER_BOUND('',#12772,.F.);
#12774=ADVANCED_FACE('',(#12773),#12766,.F.);
#12775=CARTESIAN_POINT('',(1.722397925664E2,4.827794764488E1,
-7.096364997533E0));
#12776=DIRECTION('',(0.E0,1.E0,0.E0));
#12777=DIRECTION('',(1.E0,0.E0,0.E0));
#12778=AXIS2_PLACEMENT_3D('',#12775,#12776,#12777);
#12779=PLANE('',#12778);
#12780=ORIENTED_EDGE('',*,*,#9854,.F.);
#12782=ORIENTED_EDGE('',*,*,#12781,.T.);
#12783=ORIENTED_EDGE('',*,*,#11440,.T.);
#12784=ORIENTED_EDGE('',*,*,#12768,.F.);
#12785=EDGE_LOOP('',(#12780,#12782,#12783,#12784));
#12786=FACE_OUTER_BOUND('',#12785,.F.);
#12787=ADVANCED_FACE('',(#12786),#12779,.F.);
#12788=CARTESIAN_POINT('',(1.716855373133E2,4.816940639226E1,
-7.096364997533E0));
#12789=DIRECTION('',(-1.921821473726E-1,9.813592727596E-1,0.E0));
#12790=DIRECTION('',(9.813592727596E-1,1.921821473726E-1,0.E0));
#12791=AXIS2_PLACEMENT_3D('',#12788,#12789,#12790);
#12792=PLANE('',#12791);
#12793=ORIENTED_EDGE('',*,*,#9852,.F.);
#12795=ORIENTED_EDGE('',*,*,#12794,.T.);
#12796=ORIENTED_EDGE('',*,*,#11442,.T.);
#12797=ORIENTED_EDGE('',*,*,#12781,.F.);
#12798=EDGE_LOOP('',(#12793,#12795,#12796,#12797));
#12799=FACE_OUTER_BOUND('',#12798,.F.);
#12800=ADVANCED_FACE('',(#12799),#12792,.F.);
#12801=CARTESIAN_POINT('',(1.712421330332E2,4.795232264488E1,
-7.096364997533E0));
#12802=DIRECTION('',(-4.397141102494E-1,8.981377963584E-1,0.E0));
#12803=DIRECTION('',(8.981377963584E-1,4.397141102494E-1,0.E0));
#12804=AXIS2_PLACEMENT_3D('',#12801,#12802,#12803);
#12805=PLANE('',#12804);
#12806=ORIENTED_EDGE('',*,*,#9850,.F.);
#12808=ORIENTED_EDGE('',*,*,#12807,.T.);
#12809=ORIENTED_EDGE('',*,*,#11444,.T.);
#12810=ORIENTED_EDGE('',*,*,#12794,.F.);
#12811=EDGE_LOOP('',(#12806,#12808,#12809,#12810));
#12812=FACE_OUTER_BOUND('',#12811,.F.);
#12813=ADVANCED_FACE('',(#12812),#12805,.F.);
#12814=CARTESIAN_POINT('',(1.707987287919E2,4.751815639226E1,
-7.096364997533E0));
#12815=DIRECTION('',(-6.996244632883E-1,7.145107489524E-1,0.E0));
#12816=DIRECTION('',(7.145107489524E-1,6.996244632883E-1,0.E0));
#12817=AXIS2_PLACEMENT_3D('',#12814,#12815,#12816);
#12818=PLANE('',#12817);
#12819=ORIENTED_EDGE('',*,*,#9848,.F.);
#12821=ORIENTED_EDGE('',*,*,#12820,.T.);
#12822=ORIENTED_EDGE('',*,*,#11446,.T.);
#12823=ORIENTED_EDGE('',*,*,#12807,.F.);
#12824=EDGE_LOOP('',(#12819,#12821,#12822,#12823));
#12825=FACE_OUTER_BOUND('',#12824,.F.);
#12826=ADVANCED_FACE('',(#12825),#12818,.F.);
#12827=CARTESIAN_POINT('',(1.705770266616E2,4.708398889749E1,
-7.096364997533E0));
#12828=DIRECTION('',(-8.906056140048E-1,4.547764728998E-1,0.E0));
#12829=DIRECTION('',(4.547764728998E-1,8.906056140048E-1,0.E0));
#12830=AXIS2_PLACEMENT_3D('',#12827,#12828,#12829);
#12831=PLANE('',#12830);
#12832=ORIENTED_EDGE('',*,*,#9846,.F.);
#12834=ORIENTED_EDGE('',*,*,#12833,.T.);
#12835=ORIENTED_EDGE('',*,*,#11448,.T.);
#12836=ORIENTED_EDGE('',*,*,#12820,.F.);
#12837=EDGE_LOOP('',(#12832,#12834,#12835,#12836));
#12838=FACE_OUTER_BOUND('',#12837,.F.);
#12839=ADVANCED_FACE('',(#12838),#12831,.F.);
#12840=CARTESIAN_POINT('',(1.704661756012E2,4.654128139226E1,
-7.096364997533E0));
#12841=DIRECTION('',(-9.797706459687E-1,2.001236650127E-1,0.E0));
#12842=DIRECTION('',(2.001236650127E-1,9.797706459687E-1,0.E0));
#12843=AXIS2_PLACEMENT_3D('',#12840,#12841,#12842);
#12844=PLANE('',#12843);
#12845=ORIENTED_EDGE('',*,*,#9844,.F.);
#12847=ORIENTED_EDGE('',*,*,#12846,.T.);
#12848=ORIENTED_EDGE('',*,*,#11450,.T.);
#12849=ORIENTED_EDGE('',*,*,#12833,.F.);
#12850=EDGE_LOOP('',(#12845,#12847,#12848,#12849));
#12851=FACE_OUTER_BOUND('',#12850,.F.);
#12852=ADVANCED_FACE('',(#12851),#12844,.F.);
#12853=CARTESIAN_POINT('',(1.704661756012E2,4.567294764488E1,
-7.096364997533E0));
#12854=DIRECTION('',(-1.E0,0.E0,0.E0));
#12855=DIRECTION('',(0.E0,1.E0,0.E0));
#12856=AXIS2_PLACEMENT_3D('',#12853,#12854,#12855);
#12857=PLANE('',#12856);
#12858=ORIENTED_EDGE('',*,*,#9842,.F.);
#12860=ORIENTED_EDGE('',*,*,#12859,.T.);
#12861=ORIENTED_EDGE('',*,*,#11452,.T.);
#12862=ORIENTED_EDGE('',*,*,#12846,.F.);
#12863=EDGE_LOOP('',(#12858,#12860,#12861,#12862));
#12864=FACE_OUTER_BOUND('',#12863,.F.);
#12865=ADVANCED_FACE('',(#12864),#12857,.F.);
#12866=CARTESIAN_POINT('',(1.705770266616E2,4.513023889749E1,
-7.096364997533E0));
#12867=DIRECTION('',(-9.797707357802E-1,-2.001232253108E-1,0.E0));
#12868=DIRECTION('',(-2.001232253108E-1,9.797707357802E-1,0.E0));
#12869=AXIS2_PLACEMENT_3D('',#12866,#12867,#12868);
#12870=PLANE('',#12869);
#12871=ORIENTED_EDGE('',*,*,#9840,.F.);
#12873=ORIENTED_EDGE('',*,*,#12872,.T.);
#12874=ORIENTED_EDGE('',*,*,#11454,.T.);
#12875=ORIENTED_EDGE('',*,*,#12859,.F.);
#12876=EDGE_LOOP('',(#12871,#12873,#12874,#12875));
#12877=FACE_OUTER_BOUND('',#12876,.F.);
#12878=ADVANCED_FACE('',(#12877),#12870,.F.);
#12879=CARTESIAN_POINT('',(1.707987287919E2,4.469607264488E1,
-7.096364997533E0));
#12880=DIRECTION('',(-8.906050870136E-1,-4.547775049247E-1,0.E0));
#12881=DIRECTION('',(-4.547775049247E-1,8.906050870136E-1,0.E0));
#12882=AXIS2_PLACEMENT_3D('',#12879,#12880,#12881);
#12883=PLANE('',#12882);
#12884=ORIENTED_EDGE('',*,*,#9838,.F.);
#12886=ORIENTED_EDGE('',*,*,#12885,.T.);
#12887=ORIENTED_EDGE('',*,*,#11456,.T.);
#12888=ORIENTED_EDGE('',*,*,#12872,.F.);
#12889=EDGE_LOOP('',(#12884,#12886,#12887,#12888));
#12890=FACE_OUTER_BOUND('',#12889,.F.);
#12891=ADVANCED_FACE('',(#12890),#12883,.F.);
#12892=CARTESIAN_POINT('',(1.712421330332E2,4.426190639226E1,
-7.096364997533E0));
#12893=DIRECTION('',(-6.996244632883E-1,-7.145107489524E-1,0.E0));
#12894=DIRECTION('',(-7.145107489524E-1,6.996244632883E-1,0.E0));
#12895=AXIS2_PLACEMENT_3D('',#12892,#12893,#12894);
#12896=PLANE('',#12895);
#12897=ORIENTED_EDGE('',*,*,#9836,.F.);
#12899=ORIENTED_EDGE('',*,*,#12898,.T.);
#12900=ORIENTED_EDGE('',*,*,#11458,.T.);
#12901=ORIENTED_EDGE('',*,*,#12885,.F.);
#12902=EDGE_LOOP('',(#12897,#12899,#12900,#12901));
#12903=FACE_OUTER_BOUND('',#12902,.F.);
#12904=ADVANCED_FACE('',(#12903),#12896,.F.);
#12905=CARTESIAN_POINT('',(1.716855373133E2,4.404482264488E1,
-7.096364997533E0));
#12906=DIRECTION('',(-4.397141102494E-1,-8.981377963584E-1,0.E0));
#12907=DIRECTION('',(-8.981377963584E-1,4.397141102494E-1,0.E0));
#12908=AXIS2_PLACEMENT_3D('',#12905,#12906,#12907);
#12909=PLANE('',#12908);
#12910=ORIENTED_EDGE('',*,*,#9834,.F.);
#12912=ORIENTED_EDGE('',*,*,#12911,.T.);
#12913=ORIENTED_EDGE('',*,*,#11460,.T.);
#12914=ORIENTED_EDGE('',*,*,#12898,.F.);
#12915=EDGE_LOOP('',(#12910,#12912,#12913,#12914));
#12916=FACE_OUTER_BOUND('',#12915,.F.);
#12917=ADVANCED_FACE('',(#12916),#12909,.F.);
#12918=CARTESIAN_POINT('',(1.722397925664E2,4.393628139226E1,
-7.096364997533E0));
#12919=DIRECTION('',(-1.921821473726E-1,-9.813592727596E-1,0.E0));
#12920=DIRECTION('',(-9.813592727596E-1,1.921821473726E-1,0.E0));
#12921=AXIS2_PLACEMENT_3D('',#12918,#12919,#12920);
#12922=PLANE('',#12921);
#12923=ORIENTED_EDGE('',*,*,#9832,.F.);
#12925=ORIENTED_EDGE('',*,*,#12924,.T.);
#12926=ORIENTED_EDGE('',*,*,#11462,.T.);
#12927=ORIENTED_EDGE('',*,*,#12911,.F.);
#12928=EDGE_LOOP('',(#12923,#12925,#12926,#12927));
#12929=FACE_OUTER_BOUND('',#12928,.F.);
#12930=ADVANCED_FACE('',(#12929),#12922,.F.);
#12931=CARTESIAN_POINT('',(1.739025584809E2,4.393628139226E1,
-7.096364997533E0));
#12932=DIRECTION('',(0.E0,-1.E0,0.E0));
#12933=DIRECTION('',(-1.E0,0.E0,0.E0));
#12934=AXIS2_PLACEMENT_3D('',#12931,#12932,#12933);
#12935=PLANE('',#12934);
#12936=ORIENTED_EDGE('',*,*,#9830,.F.);
#12938=ORIENTED_EDGE('',*,*,#12937,.T.);
#12939=ORIENTED_EDGE('',*,*,#11464,.T.);
#12940=ORIENTED_EDGE('',*,*,#12924,.F.);
#12941=EDGE_LOOP('',(#12936,#12938,#12939,#12940));
#12942=FACE_OUTER_BOUND('',#12941,.F.);
#12943=ADVANCED_FACE('',(#12942),#12935,.F.);
#12944=CARTESIAN_POINT('',(1.744568140445E2,4.404482264488E1,
-7.096364997533E0));
#12945=DIRECTION('',(1.921820436730E-1,-9.813592930674E-1,0.E0));
#12946=DIRECTION('',(-9.813592930674E-1,-1.921820436730E-1,0.E0));
#12947=AXIS2_PLACEMENT_3D('',#12944,#12945,#12946);
#12948=PLANE('',#12947);
#12949=ORIENTED_EDGE('',*,*,#9828,.F.);
#12951=ORIENTED_EDGE('',*,*,#12950,.T.);
#12952=ORIENTED_EDGE('',*,*,#11466,.T.);
#12953=ORIENTED_EDGE('',*,*,#12937,.F.);
#12954=EDGE_LOOP('',(#12949,#12951,#12952,#12953));
#12955=FACE_OUTER_BOUND('',#12954,.F.);
#12956=ADVANCED_FACE('',(#12955),#12948,.F.);
#12957=CARTESIAN_POINT('',(1.749002182469E2,4.426190639226E1,
-7.096364997533E0));
#12958=DIRECTION('',(4.397141723527E-1,-8.981377659536E-1,0.E0));
#12959=DIRECTION('',(-8.981377659536E-1,-4.397141723527E-1,0.E0));
#12960=AXIS2_PLACEMENT_3D('',#12957,#12958,#12959);
#12961=PLANE('',#12960);
#12962=ORIENTED_EDGE('',*,*,#9826,.F.);
#12964=ORIENTED_EDGE('',*,*,#12963,.T.);
#12965=ORIENTED_EDGE('',*,*,#11468,.T.);
#12966=ORIENTED_EDGE('',*,*,#12950,.F.);
#12967=EDGE_LOOP('',(#12962,#12964,#12965,#12966));
#12968=FACE_OUTER_BOUND('',#12967,.F.);
#12969=ADVANCED_FACE('',(#12968),#12961,.F.);
#12970=CARTESIAN_POINT('',(1.753436224494E2,4.469607264488E1,
-7.096364997533E0));
#12971=DIRECTION('',(6.996244945571E-1,-7.145107183351E-1,0.E0));
#12972=DIRECTION('',(-7.145107183351E-1,-6.996244945571E-1,0.E0));
#12973=AXIS2_PLACEMENT_3D('',#12970,#12971,#12972);
#12974=PLANE('',#12973);
#12975=ORIENTED_EDGE('',*,*,#9824,.F.);
#12977=ORIENTED_EDGE('',*,*,#12976,.T.);
#12978=ORIENTED_EDGE('',*,*,#11470,.T.);
#12979=ORIENTED_EDGE('',*,*,#12963,.F.);
#12980=EDGE_LOOP('',(#12975,#12977,#12978,#12979));
#12981=FACE_OUTER_BOUND('',#12980,.F.);
#12982=ADVANCED_FACE('',(#12981),#12974,.F.);
#12983=CARTESIAN_POINT('',(1.755653245506E2,4.513023889749E1,
-7.096364997533E0));
#12984=DIRECTION('',(8.906051112017E-1,-4.547774575564E-1,0.E0));
#12985=DIRECTION('',(-4.547774575564E-1,-8.906051112017E-1,0.E0));
#12986=AXIS2_PLACEMENT_3D('',#12983,#12984,#12985);
#12987=PLANE('',#12986);
#12988=ORIENTED_EDGE('',*,*,#9822,.F.);
#12989=ORIENTED_EDGE('',*,*,#12692,.T.);
#12990=ORIENTED_EDGE('',*,*,#11472,.T.);
#12991=ORIENTED_EDGE('',*,*,#12976,.F.);
#12992=EDGE_LOOP('',(#12988,#12989,#12990,#12991));
#12993=FACE_OUTER_BOUND('',#12992,.F.);
#12994=ADVANCED_FACE('',(#12993),#12987,.F.);
#12995=CARTESIAN_POINT('',(1.750110692975E2,4.567294764488E1,
-7.096364997533E0));
#12996=DIRECTION('',(-1.E0,0.E0,0.E0));
#12997=DIRECTION('',(0.E0,1.E0,0.E0));
#12998=AXIS2_PLACEMENT_3D('',#12995,#12996,#12997);
#12999=PLANE('',#12998);
#13000=ORIENTED_EDGE('',*,*,#10662,.F.);
#13002=ORIENTED_EDGE('',*,*,#13001,.T.);
#13003=ORIENTED_EDGE('',*,*,#11476,.T.);
#13005=ORIENTED_EDGE('',*,*,#13004,.F.);
#13006=EDGE_LOOP('',(#13000,#13002,#13003,#13005));
#13007=FACE_OUTER_BOUND('',#13006,.F.);
#13008=ADVANCED_FACE('',(#13007),#12999,.F.);
#13009=CARTESIAN_POINT('',(1.749002182469E2,4.523878139226E1,
-7.096364997533E0));
#13010=DIRECTION('',(-9.689176611437E-1,2.473834390653E-1,0.E0));
#13011=DIRECTION('',(2.473834390653E-1,9.689176611437E-1,0.E0));
#13012=AXIS2_PLACEMENT_3D('',#13009,#13010,#13011);
#13013=PLANE('',#13012);
#13014=ORIENTED_EDGE('',*,*,#10700,.F.);
#13016=ORIENTED_EDGE('',*,*,#13015,.T.);
#13017=ORIENTED_EDGE('',*,*,#11478,.T.);
#13018=ORIENTED_EDGE('',*,*,#13001,.F.);
#13019=EDGE_LOOP('',(#13014,#13016,#13017,#13018));
#13020=FACE_OUTER_BOUND('',#13019,.F.);
#13021=ADVANCED_FACE('',(#13020),#13013,.F.);
#13022=CARTESIAN_POINT('',(1.746785161457E2,4.491315639226E1,
-7.096364997533E0));
#13023=DIRECTION('',(-8.265992787996E-1,5.627909312417E-1,0.E0));
#13024=DIRECTION('',(5.627909312417E-1,8.265992787996E-1,0.E0));
#13025=AXIS2_PLACEMENT_3D('',#13022,#13023,#13024);
#13026=PLANE('',#13025);
#13027=ORIENTED_EDGE('',*,*,#10698,.F.);
#13029=ORIENTED_EDGE('',*,*,#13028,.T.);
#13030=ORIENTED_EDGE('',*,*,#11480,.T.);
#13031=ORIENTED_EDGE('',*,*,#13015,.F.);
#13032=EDGE_LOOP('',(#13027,#13029,#13030,#13031));
#13033=FACE_OUTER_BOUND('',#13032,.F.);
#13034=ADVANCED_FACE('',(#13033),#13026,.F.);
#13035=CARTESIAN_POINT('',(1.743459626833E2,4.469607264488E1,
-7.096364997533E0));
#13036=DIRECTION('',(-5.466229197794E-1,8.373788769559E-1,0.E0));
#13037=DIRECTION('',(8.373788769559E-1,5.466229197794E-1,0.E0));
#13038=AXIS2_PLACEMENT_3D('',#13035,#13036,#13037);
#13039=PLANE('',#13038);
#13040=ORIENTED_EDGE('',*,*,#10696,.F.);
#13042=ORIENTED_EDGE('',*,*,#13041,.T.);
#13043=ORIENTED_EDGE('',*,*,#11482,.T.);
#13044=ORIENTED_EDGE('',*,*,#13028,.F.);
#13045=EDGE_LOOP('',(#13040,#13042,#13043,#13044));
#13046=FACE_OUTER_BOUND('',#13045,.F.);
#13047=ADVANCED_FACE('',(#13046),#13039,.F.);
#13048=CARTESIAN_POINT('',(1.739025584809E2,4.458753139226E1,
-7.096364997533E0));
#13049=DIRECTION('',(-2.377704967206E-1,9.713213633444E-1,0.E0));
#13050=DIRECTION('',(9.713213633444E-1,2.377704967206E-1,0.E0));
#13051=AXIS2_PLACEMENT_3D('',#13048,#13049,#13050);
#13052=PLANE('',#13051);
#13053=ORIENTED_EDGE('',*,*,#10694,.F.);
#13055=ORIENTED_EDGE('',*,*,#13054,.T.);
#13056=ORIENTED_EDGE('',*,*,#11484,.T.);
#13057=ORIENTED_EDGE('',*,*,#13041,.F.);
#13058=EDGE_LOOP('',(#13053,#13055,#13056,#13057));
#13059=FACE_OUTER_BOUND('',#13058,.F.);
#13060=ADVANCED_FACE('',(#13059),#13052,.F.);
#13061=CARTESIAN_POINT('',(1.722397925664E2,4.458753139226E1,
-7.096364997533E0));
#13062=DIRECTION('',(0.E0,1.E0,0.E0));
#13063=DIRECTION('',(1.E0,0.E0,0.E0));
#13064=AXIS2_PLACEMENT_3D('',#13061,#13062,#13063);
#13065=PLANE('',#13064);
#13066=ORIENTED_EDGE('',*,*,#10692,.F.);
#13068=ORIENTED_EDGE('',*,*,#13067,.T.);
#13069=ORIENTED_EDGE('',*,*,#11486,.T.);
#13070=ORIENTED_EDGE('',*,*,#13054,.F.);
#13071=EDGE_LOOP('',(#13066,#13068,#13069,#13070));
#13072=FACE_OUTER_BOUND('',#13071,.F.);
#13073=ADVANCED_FACE('',(#13072),#13065,.F.);
#13074=CARTESIAN_POINT('',(1.717963883639E2,4.469607264488E1,
-7.096364997533E0));
#13075=DIRECTION('',(2.377704967206E-1,9.713213633444E-1,0.E0));
#13076=DIRECTION('',(9.713213633444E-1,-2.377704967206E-1,0.E0));
#13077=AXIS2_PLACEMENT_3D('',#13074,#13075,#13076);
#13078=PLANE('',#13077);
#13079=ORIENTED_EDGE('',*,*,#10690,.F.);
#13081=ORIENTED_EDGE('',*,*,#13080,.T.);
#13082=ORIENTED_EDGE('',*,*,#11488,.T.);
#13083=ORIENTED_EDGE('',*,*,#13067,.F.);
#13084=EDGE_LOOP('',(#13079,#13081,#13082,#13083));
#13085=FACE_OUTER_BOUND('',#13084,.F.);
#13086=ADVANCED_FACE('',(#13085),#13078,.F.);
#13087=CARTESIAN_POINT('',(1.714638352120E2,4.491315639226E1,
-7.096364997533E0));
#13088=DIRECTION('',(5.466232777014E-1,8.373786433120E-1,0.E0));
#13089=DIRECTION('',(8.373786433120E-1,-5.466232777014E-1,0.E0));
#13090=AXIS2_PLACEMENT_3D('',#13087,#13088,#13089);
#13091=PLANE('',#13090);
#13092=ORIENTED_EDGE('',*,*,#10688,.F.);
#13094=ORIENTED_EDGE('',*,*,#13093,.T.);
#13095=ORIENTED_EDGE('',*,*,#11490,.T.);
#13096=ORIENTED_EDGE('',*,*,#13080,.F.);
#13097=EDGE_LOOP('',(#13092,#13094,#13095,#13096));
#13098=FACE_OUTER_BOUND('',#13097,.F.);
#13099=ADVANCED_FACE('',(#13098),#13091,.F.);
#13100=CARTESIAN_POINT('',(1.712421330332E2,4.523878139226E1,
-7.096364997533E0));
#13101=DIRECTION('',(8.265991871191E-1,5.627910658975E-1,0.E0));
#13102=DIRECTION('',(5.627910658975E-1,-8.265991871191E-1,0.E0));
#13103=AXIS2_PLACEMENT_3D('',#13100,#13101,#13102);
#13104=PLANE('',#13103);
#13105=ORIENTED_EDGE('',*,*,#10686,.F.);
#13107=ORIENTED_EDGE('',*,*,#13106,.T.);
#13108=ORIENTED_EDGE('',*,*,#11492,.T.);
#13109=ORIENTED_EDGE('',*,*,#13093,.F.);
#13110=EDGE_LOOP('',(#13105,#13107,#13108,#13109));
#13111=FACE_OUTER_BOUND('',#13110,.F.);
#13112=ADVANCED_FACE('',(#13111),#13104,.F.);
#13113=CARTESIAN_POINT('',(1.711312819826E2,4.567294764488E1,
-7.096364997533E0));
#13114=DIRECTION('',(9.689176611437E-1,2.473834390653E-1,0.E0));
#13115=DIRECTION('',(2.473834390653E-1,-9.689176611437E-1,0.E0));
#13116=AXIS2_PLACEMENT_3D('',#13113,#13114,#13115);
#13117=PLANE('',#13116);
#13118=ORIENTED_EDGE('',*,*,#10684,.F.);
#13120=ORIENTED_EDGE('',*,*,#13119,.T.);
#13121=ORIENTED_EDGE('',*,*,#11494,.T.);
#13122=ORIENTED_EDGE('',*,*,#13106,.F.);
#13123=EDGE_LOOP('',(#13118,#13120,#13121,#13122));
#13124=FACE_OUTER_BOUND('',#13123,.F.);
#13125=ADVANCED_FACE('',(#13124),#13117,.F.);
#13126=CARTESIAN_POINT('',(1.711312819826E2,4.654128139226E1,
-7.096364997533E0));
#13127=DIRECTION('',(1.E0,0.E0,0.E0));
#13128=DIRECTION('',(0.E0,-1.E0,0.E0));
#13129=AXIS2_PLACEMENT_3D('',#13126,#13127,#13128);
#13130=PLANE('',#13129);
#13131=ORIENTED_EDGE('',*,*,#10682,.F.);
#13133=ORIENTED_EDGE('',*,*,#13132,.T.);
#13134=ORIENTED_EDGE('',*,*,#11496,.T.);
#13135=ORIENTED_EDGE('',*,*,#13119,.F.);
#13136=EDGE_LOOP('',(#13131,#13133,#13134,#13135));
#13137=FACE_OUTER_BOUND('',#13136,.F.);
#13138=ADVANCED_FACE('',(#13137),#13130,.F.);
#13139=CARTESIAN_POINT('',(1.712421330332E2,4.697544764488E1,
-7.096364997533E0));
#13140=DIRECTION('',(9.689176611437E-1,-2.473834390653E-1,0.E0));
#13141=DIRECTION('',(-2.473834390653E-1,-9.689176611437E-1,0.E0));
#13142=AXIS2_PLACEMENT_3D('',#13139,#13140,#13141);
#13143=PLANE('',#13142);
#13144=ORIENTED_EDGE('',*,*,#10680,.F.);
#13146=ORIENTED_EDGE('',*,*,#13145,.T.);
#13147=ORIENTED_EDGE('',*,*,#11498,.T.);
#13148=ORIENTED_EDGE('',*,*,#13132,.F.);
#13149=EDGE_LOOP('',(#13144,#13146,#13147,#13148));
#13150=FACE_OUTER_BOUND('',#13149,.F.);
#13151=ADVANCED_FACE('',(#13150),#13143,.F.);
#13152=CARTESIAN_POINT('',(1.714638352120E2,4.730107264488E1,
-7.096364997533E0));
#13153=DIRECTION('',(8.265991871191E-1,-5.627910658975E-1,0.E0));
#13154=DIRECTION('',(-5.627910658975E-1,-8.265991871191E-1,0.E0));
#13155=AXIS2_PLACEMENT_3D('',#13152,#13153,#13154);
#13156=PLANE('',#13155);
#13157=ORIENTED_EDGE('',*,*,#10678,.F.);
#13159=ORIENTED_EDGE('',*,*,#13158,.T.);
#13160=ORIENTED_EDGE('',*,*,#11500,.T.);
#13161=ORIENTED_EDGE('',*,*,#13145,.F.);
#13162=EDGE_LOOP('',(#13157,#13159,#13160,#13161));
#13163=FACE_OUTER_BOUND('',#13162,.F.);
#13164=ADVANCED_FACE('',(#13163),#13156,.F.);
#13165=CARTESIAN_POINT('',(1.717963883639E2,4.751815639226E1,
-7.096364997533E0));
#13166=DIRECTION('',(5.466232777014E-1,-8.373786433120E-1,0.E0));
#13167=DIRECTION('',(-8.373786433120E-1,-5.466232777014E-1,0.E0));
#13168=AXIS2_PLACEMENT_3D('',#13165,#13166,#13167);
#13169=PLANE('',#13168);
#13170=ORIENTED_EDGE('',*,*,#10676,.F.);
#13172=ORIENTED_EDGE('',*,*,#13171,.T.);
#13173=ORIENTED_EDGE('',*,*,#11502,.T.);
#13174=ORIENTED_EDGE('',*,*,#13158,.F.);
#13175=EDGE_LOOP('',(#13170,#13172,#13173,#13174));
#13176=FACE_OUTER_BOUND('',#13175,.F.);
#13177=ADVANCED_FACE('',(#13176),#13169,.F.);
#13178=CARTESIAN_POINT('',(1.722397925664E2,4.762669764488E1,
-7.096364997533E0));
#13179=DIRECTION('',(2.377704967207E-1,-9.713213633444E-1,0.E0));
#13180=DIRECTION('',(-9.713213633444E-1,-2.377704967207E-1,0.E0));
#13181=AXIS2_PLACEMENT_3D('',#13178,#13179,#13180);
#13182=PLANE('',#13181);
#13183=ORIENTED_EDGE('',*,*,#10674,.F.);
#13185=ORIENTED_EDGE('',*,*,#13184,.T.);
#13186=ORIENTED_EDGE('',*,*,#11504,.T.);
#13187=ORIENTED_EDGE('',*,*,#13171,.F.);
#13188=EDGE_LOOP('',(#13183,#13185,#13186,#13187));
#13189=FACE_OUTER_BOUND('',#13188,.F.);
#13190=ADVANCED_FACE('',(#13189),#13182,.F.);
#13191=CARTESIAN_POINT('',(1.739025584809E2,4.762669764488E1,
-7.096364997533E0));
#13192=DIRECTION('',(0.E0,-1.E0,0.E0));
#13193=DIRECTION('',(-1.E0,0.E0,0.E0));
#13194=AXIS2_PLACEMENT_3D('',#13191,#13192,#13193);
#13195=PLANE('',#13194);
#13196=ORIENTED_EDGE('',*,*,#10672,.F.);
#13198=ORIENTED_EDGE('',*,*,#13197,.T.);
#13199=ORIENTED_EDGE('',*,*,#11506,.T.);
#13200=ORIENTED_EDGE('',*,*,#13184,.F.);
#13201=EDGE_LOOP('',(#13196,#13198,#13199,#13200));
#13202=FACE_OUTER_BOUND('',#13201,.F.);
#13203=ADVANCED_FACE('',(#13202),#13195,.F.);
#13204=CARTESIAN_POINT('',(1.743459626833E2,4.751815639226E1,
-7.096364997533E0));
#13205=DIRECTION('',(-2.377704967207E-1,-9.713213633444E-1,0.E0));
#13206=DIRECTION('',(-9.713213633444E-1,2.377704967207E-1,0.E0));
#13207=AXIS2_PLACEMENT_3D('',#13204,#13205,#13206);
#13208=PLANE('',#13207);
#13209=ORIENTED_EDGE('',*,*,#10670,.F.);
#13211=ORIENTED_EDGE('',*,*,#13210,.T.);
#13212=ORIENTED_EDGE('',*,*,#11508,.T.);
#13213=ORIENTED_EDGE('',*,*,#13197,.F.);
#13214=EDGE_LOOP('',(#13209,#13211,#13212,#13213));
#13215=FACE_OUTER_BOUND('',#13214,.F.);
#13216=ADVANCED_FACE('',(#13215),#13208,.F.);
#13217=CARTESIAN_POINT('',(1.746785161457E2,4.730107264488E1,
-7.096364997533E0));
#13218=DIRECTION('',(-5.466229197794E-1,-8.373788769559E-1,0.E0));
#13219=DIRECTION('',(-8.373788769559E-1,5.466229197794E-1,0.E0));
#13220=AXIS2_PLACEMENT_3D('',#13217,#13218,#13219);
#13221=PLANE('',#13220);
#13222=ORIENTED_EDGE('',*,*,#10668,.F.);
#13224=ORIENTED_EDGE('',*,*,#13223,.T.);
#13225=ORIENTED_EDGE('',*,*,#11510,.T.);
#13226=ORIENTED_EDGE('',*,*,#13210,.F.);
#13227=EDGE_LOOP('',(#13222,#13224,#13225,#13226));
#13228=FACE_OUTER_BOUND('',#13227,.F.);
#13229=ADVANCED_FACE('',(#13228),#13221,.F.);
#13230=CARTESIAN_POINT('',(1.749002182469E2,4.697544764488E1,
-7.096364997533E0));
#13231=DIRECTION('',(-8.265992787996E-1,-5.627909312417E-1,0.E0));
#13232=DIRECTION('',(-5.627909312417E-1,8.265992787996E-1,0.E0));
#13233=AXIS2_PLACEMENT_3D('',#13230,#13231,#13232);
#13234=PLANE('',#13233);
#13235=ORIENTED_EDGE('',*,*,#10666,.F.);
#13237=ORIENTED_EDGE('',*,*,#13236,.T.);
#13238=ORIENTED_EDGE('',*,*,#11512,.T.);
#13239=ORIENTED_EDGE('',*,*,#13223,.F.);
#13240=EDGE_LOOP('',(#13235,#13237,#13238,#13239));
#13241=FACE_OUTER_BOUND('',#13240,.F.);
#13242=ADVANCED_FACE('',(#13241),#13234,.F.);
#13243=CARTESIAN_POINT('',(1.750110692975E2,4.654128139226E1,
-7.096364997533E0));
#13244=DIRECTION('',(-9.689176611437E-1,-2.473834390653E-1,0.E0));
#13245=DIRECTION('',(-2.473834390653E-1,9.689176611437E-1,0.E0));
#13246=AXIS2_PLACEMENT_3D('',#13243,#13244,#13245);
#13247=PLANE('',#13246);
#13248=ORIENTED_EDGE('',*,*,#10664,.F.);
#13249=ORIENTED_EDGE('',*,*,#13004,.T.);
#13250=ORIENTED_EDGE('',*,*,#11514,.T.);
#13251=ORIENTED_EDGE('',*,*,#13236,.F.);
#13252=EDGE_LOOP('',(#13248,#13249,#13250,#13251));
#13253=FACE_OUTER_BOUND('',#13252,.F.);
#13254=ADVANCED_FACE('',(#13253),#13247,.F.);
#13255=CARTESIAN_POINT('',(1.722397925664E2,5.305378015010E1,
-7.096364997533E0));
#13256=DIRECTION('',(0.E0,1.E0,0.E0));
#13257=DIRECTION('',(1.E0,0.E0,0.E0));
#13258=AXIS2_PLACEMENT_3D('',#13255,#13256,#13257);
#13259=PLANE('',#13258);
#13260=ORIENTED_EDGE('',*,*,#9870,.F.);
#13262=ORIENTED_EDGE('',*,*,#13261,.T.);
#13263=ORIENTED_EDGE('',*,*,#11524,.T.);
#13265=ORIENTED_EDGE('',*,*,#13264,.F.);
#13266=EDGE_LOOP('',(#13260,#13262,#13263,#13265));
#13267=FACE_OUTER_BOUND('',#13266,.F.);
#13268=ADVANCED_FACE('',(#13267),#13259,.F.);
#13269=CARTESIAN_POINT('',(1.716855373133E2,5.294524013965E1,
-7.096364997533E0));
#13270=DIRECTION('',(-1.921800292437E-1,9.813596875559E-1,0.E0));
#13271=DIRECTION('',(9.813596875559E-1,1.921800292437E-1,0.E0));
#13272=AXIS2_PLACEMENT_3D('',#13269,#13270,#13271);
#13273=PLANE('',#13272);
#13274=ORIENTED_EDGE('',*,*,#9920,.F.);
#13276=ORIENTED_EDGE('',*,*,#13275,.T.);
#13277=ORIENTED_EDGE('',*,*,#11526,.T.);
#13278=ORIENTED_EDGE('',*,*,#13261,.F.);
#13279=EDGE_LOOP('',(#13274,#13276,#13277,#13278));
#13280=FACE_OUTER_BOUND('',#13279,.F.);
#13281=ADVANCED_FACE('',(#13280),#13273,.F.);
#13282=CARTESIAN_POINT('',(1.712421330332E2,5.272815639226E1,
-7.096364997533E0));
#13283=DIRECTION('',(-4.397141102494E-1,8.981377963584E-1,0.E0));
#13284=DIRECTION('',(8.981377963584E-1,4.397141102494E-1,0.E0));
#13285=AXIS2_PLACEMENT_3D('',#13282,#13283,#13284);
#13286=PLANE('',#13285);
#13287=ORIENTED_EDGE('',*,*,#9918,.F.);
#13289=ORIENTED_EDGE('',*,*,#13288,.T.);
#13290=ORIENTED_EDGE('',*,*,#11528,.T.);
#13291=ORIENTED_EDGE('',*,*,#13275,.F.);
#13292=EDGE_LOOP('',(#13287,#13289,#13290,#13291));
#13293=FACE_OUTER_BOUND('',#13292,.F.);
#13294=ADVANCED_FACE('',(#13293),#13286,.F.);
#13295=CARTESIAN_POINT('',(1.707987287919E2,5.229398889749E1,
-7.096364997533E0));
#13296=DIRECTION('',(-6.996254851765E-1,7.145097483531E-1,0.E0));
#13297=DIRECTION('',(7.145097483531E-1,6.996254851765E-1,0.E0));
#13298=AXIS2_PLACEMENT_3D('',#13295,#13296,#13297);
#13299=PLANE('',#13298);
#13300=ORIENTED_EDGE('',*,*,#9916,.F.);
#13302=ORIENTED_EDGE('',*,*,#13301,.T.);
#13303=ORIENTED_EDGE('',*,*,#11530,.T.);
#13304=ORIENTED_EDGE('',*,*,#13288,.F.);
#13305=EDGE_LOOP('',(#13300,#13302,#13303,#13304));
#13306=FACE_OUTER_BOUND('',#13305,.F.);
#13307=ADVANCED_FACE('',(#13306),#13299,.F.);
#13308=CARTESIAN_POINT('',(1.705770266616E2,5.185982264488E1,
-7.096364997533E0));
#13309=DIRECTION('',(-8.906050870136E-1,4.547775049247E-1,0.E0));
#13310=DIRECTION('',(4.547775049247E-1,8.906050870136E-1,0.E0));
#13311=AXIS2_PLACEMENT_3D('',#13308,#13309,#13310);
#13312=PLANE('',#13311);
#13313=ORIENTED_EDGE('',*,*,#9914,.F.);
#13315=ORIENTED_EDGE('',*,*,#13314,.T.);
#13316=ORIENTED_EDGE('',*,*,#11532,.T.);
#13317=ORIENTED_EDGE('',*,*,#13301,.F.);
#13318=EDGE_LOOP('',(#13313,#13315,#13316,#13317));
#13319=FACE_OUTER_BOUND('',#13318,.F.);
#13320=ADVANCED_FACE('',(#13319),#13312,.F.);
#13321=CARTESIAN_POINT('',(1.704661756012E2,5.131711389749E1,
-7.096364997533E0));
#13322=DIRECTION('',(-9.797707357802E-1,2.001232253108E-1,0.E0));
#13323=DIRECTION('',(2.001232253108E-1,9.797707357802E-1,0.E0));
#13324=AXIS2_PLACEMENT_3D('',#13321,#13322,#13323);
#13325=PLANE('',#13324);
#13326=ORIENTED_EDGE('',*,*,#9912,.F.);
#13328=ORIENTED_EDGE('',*,*,#13327,.T.);
#13329=ORIENTED_EDGE('',*,*,#11534,.T.);
#13330=ORIENTED_EDGE('',*,*,#13314,.F.);
#13331=EDGE_LOOP('',(#13326,#13328,#13329,#13330));
#13332=FACE_OUTER_BOUND('',#13331,.F.);
#13333=ADVANCED_FACE('',(#13332),#13325,.F.);
#13334=CARTESIAN_POINT('',(1.704661756012E2,5.088294764488E1,
-7.096364997533E0));
#13335=DIRECTION('',(-1.E0,0.E0,0.E0));
#13336=DIRECTION('',(0.E0,1.E0,0.E0));
#13337=AXIS2_PLACEMENT_3D('',#13334,#13335,#13336);
#13338=PLANE('',#13337);
#13339=ORIENTED_EDGE('',*,*,#9910,.F.);
#13341=ORIENTED_EDGE('',*,*,#13340,.T.);
#13342=ORIENTED_EDGE('',*,*,#11536,.T.);
#13343=ORIENTED_EDGE('',*,*,#13327,.F.);
#13344=EDGE_LOOP('',(#13339,#13341,#13342,#13343));
#13345=FACE_OUTER_BOUND('',#13344,.F.);
#13346=ADVANCED_FACE('',(#13345),#13338,.F.);
#13347=CARTESIAN_POINT('',(1.705770266616E2,5.034023889749E1,
-7.096364997533E0));
#13348=DIRECTION('',(-9.797707357802E-1,-2.001232253108E-1,0.E0));
#13349=DIRECTION('',(-2.001232253108E-1,9.797707357802E-1,0.E0));
#13350=AXIS2_PLACEMENT_3D('',#13347,#13348,#13349);
#13351=PLANE('',#13350);
#13352=ORIENTED_EDGE('',*,*,#9908,.F.);
#13354=ORIENTED_EDGE('',*,*,#13353,.T.);
#13355=ORIENTED_EDGE('',*,*,#11538,.T.);
#13356=ORIENTED_EDGE('',*,*,#13340,.F.);
#13357=EDGE_LOOP('',(#13352,#13354,#13355,#13356));
#13358=FACE_OUTER_BOUND('',#13357,.F.);
#13359=ADVANCED_FACE('',(#13358),#13351,.F.);
#13360=CARTESIAN_POINT('',(1.707987287919E2,4.990607264488E1,
-7.096364997533E0));
#13361=DIRECTION('',(-8.906050870136E-1,-4.547775049247E-1,0.E0));
#13362=DIRECTION('',(-4.547775049247E-1,8.906050870136E-1,0.E0));
#13363=AXIS2_PLACEMENT_3D('',#13360,#13361,#13362);
#13364=PLANE('',#13363);
#13365=ORIENTED_EDGE('',*,*,#9906,.F.);
#13367=ORIENTED_EDGE('',*,*,#13366,.T.);
#13368=ORIENTED_EDGE('',*,*,#11540,.T.);
#13369=ORIENTED_EDGE('',*,*,#13353,.F.);
#13370=EDGE_LOOP('',(#13365,#13367,#13368,#13369));
#13371=FACE_OUTER_BOUND('',#13370,.F.);
#13372=ADVANCED_FACE('',(#13371),#13364,.F.);
#13373=CARTESIAN_POINT('',(1.712421330332E2,4.947190639226E1,
-7.096364997533E0));
#13374=DIRECTION('',(-6.996244632883E-1,-7.145107489524E-1,0.E0));
#13375=DIRECTION('',(-7.145107489524E-1,6.996244632883E-1,0.E0));
#13376=AXIS2_PLACEMENT_3D('',#13373,#13374,#13375);
#13377=PLANE('',#13376);
#13378=ORIENTED_EDGE('',*,*,#9904,.F.);
#13380=ORIENTED_EDGE('',*,*,#13379,.T.);
#13381=ORIENTED_EDGE('',*,*,#11542,.T.);
#13382=ORIENTED_EDGE('',*,*,#13366,.F.);
#13383=EDGE_LOOP('',(#13378,#13380,#13381,#13382));
#13384=FACE_OUTER_BOUND('',#13383,.F.);
#13385=ADVANCED_FACE('',(#13384),#13377,.F.);
#13386=CARTESIAN_POINT('',(1.716855373133E2,4.925482264488E1,
-7.096364997533E0));
#13387=DIRECTION('',(-4.397141102494E-1,-8.981377963584E-1,0.E0));
#13388=DIRECTION('',(-8.981377963584E-1,4.397141102494E-1,0.E0));
#13389=AXIS2_PLACEMENT_3D('',#13386,#13387,#13388);
#13390=PLANE('',#13389);
#13391=ORIENTED_EDGE('',*,*,#9902,.F.);
#13393=ORIENTED_EDGE('',*,*,#13392,.T.);
#13394=ORIENTED_EDGE('',*,*,#11544,.T.);
#13395=ORIENTED_EDGE('',*,*,#13379,.F.);
#13396=EDGE_LOOP('',(#13391,#13393,#13394,#13395));
#13397=FACE_OUTER_BOUND('',#13396,.F.);
#13398=ADVANCED_FACE('',(#13397),#13390,.F.);
#13399=CARTESIAN_POINT('',(1.722397925664E2,4.914628139226E1,
-7.096364997533E0));
#13400=DIRECTION('',(-1.921821473726E-1,-9.813592727596E-1,0.E0));
#13401=DIRECTION('',(-9.813592727596E-1,1.921821473726E-1,0.E0));
#13402=AXIS2_PLACEMENT_3D('',#13399,#13400,#13401);
#13403=PLANE('',#13402);
#13404=ORIENTED_EDGE('',*,*,#9900,.F.);
#13406=ORIENTED_EDGE('',*,*,#13405,.T.);
#13407=ORIENTED_EDGE('',*,*,#11546,.T.);
#13408=ORIENTED_EDGE('',*,*,#13392,.F.);
#13409=EDGE_LOOP('',(#13404,#13406,#13407,#13408));
#13410=FACE_OUTER_BOUND('',#13409,.F.);
#13411=ADVANCED_FACE('',(#13410),#13403,.F.);
#13412=CARTESIAN_POINT('',(1.756761756012E2,4.914628139226E1,
-7.096364997533E0));
#13413=DIRECTION('',(0.E0,-1.E0,0.E0));
#13414=DIRECTION('',(-1.E0,0.E0,0.E0));
#13415=AXIS2_PLACEMENT_3D('',#13412,#13413,#13414);
#13416=PLANE('',#13415);
#13417=ORIENTED_EDGE('',*,*,#9898,.F.);
#13419=ORIENTED_EDGE('',*,*,#13418,.T.);
#13420=ORIENTED_EDGE('',*,*,#11548,.T.);
#13421=ORIENTED_EDGE('',*,*,#13405,.F.);
#13422=EDGE_LOOP('',(#13417,#13419,#13420,#13421));
#13423=FACE_OUTER_BOUND('',#13422,.F.);
#13424=ADVANCED_FACE('',(#13423),#13416,.F.);
#13425=CARTESIAN_POINT('',(1.756761756012E2,4.979753139226E1,
-7.096364997533E0));
#13426=DIRECTION('',(1.E0,0.E0,0.E0));
#13427=DIRECTION('',(0.E0,-1.E0,0.E0));
#13428=AXIS2_PLACEMENT_3D('',#13425,#13426,#13427);
#13429=PLANE('',#13428);
#13430=ORIENTED_EDGE('',*,*,#9896,.F.);
#13432=ORIENTED_EDGE('',*,*,#13431,.T.);
#13433=ORIENTED_EDGE('',*,*,#11550,.T.);
#13434=ORIENTED_EDGE('',*,*,#13418,.F.);
#13435=EDGE_LOOP('',(#13430,#13432,#13433,#13434));
#13436=FACE_OUTER_BOUND('',#13435,.F.);
#13437=ADVANCED_FACE('',(#13436),#13429,.F.);
#13438=CARTESIAN_POINT('',(1.722397925664E2,4.979753139226E1,
-7.096364997533E0));
#13439=DIRECTION('',(0.E0,1.E0,0.E0));
#13440=DIRECTION('',(1.E0,0.E0,0.E0));
#13441=AXIS2_PLACEMENT_3D('',#13438,#13439,#13440);
#13442=PLANE('',#13441);
#13443=ORIENTED_EDGE('',*,*,#9894,.F.);
#13445=ORIENTED_EDGE('',*,*,#13444,.T.);
#13446=ORIENTED_EDGE('',*,*,#11552,.T.);
#13447=ORIENTED_EDGE('',*,*,#13431,.F.);
#13448=EDGE_LOOP('',(#13443,#13445,#13446,#13447));
#13449=FACE_OUTER_BOUND('',#13448,.F.);
#13450=ADVANCED_FACE('',(#13449),#13442,.F.);
#13451=CARTESIAN_POINT('',(1.717963883639E2,4.990607264488E1,
-7.096364997533E0));
#13452=DIRECTION('',(2.377704967207E-1,9.713213633444E-1,0.E0));
#13453=DIRECTION('',(9.713213633444E-1,-2.377704967207E-1,0.E0));
#13454=AXIS2_PLACEMENT_3D('',#13451,#13452,#13453);
#13455=PLANE('',#13454);
#13456=ORIENTED_EDGE('',*,*,#9892,.F.);
#13458=ORIENTED_EDGE('',*,*,#13457,.T.);
#13459=ORIENTED_EDGE('',*,*,#11554,.T.);
#13460=ORIENTED_EDGE('',*,*,#13444,.F.);
#13461=EDGE_LOOP('',(#13456,#13458,#13459,#13460));
#13462=FACE_OUTER_BOUND('',#13461,.F.);
#13463=ADVANCED_FACE('',(#13462),#13455,.F.);
#13464=CARTESIAN_POINT('',(1.714638352120E2,5.012315639226E1,
-7.096364997533E0));
#13465=DIRECTION('',(5.466232777014E-1,8.373786433120E-1,0.E0));
#13466=DIRECTION('',(8.373786433120E-1,-5.466232777014E-1,0.E0));
#13467=AXIS2_PLACEMENT_3D('',#13464,#13465,#13466);
#13468=PLANE('',#13467);
#13469=ORIENTED_EDGE('',*,*,#9890,.F.);
#13471=ORIENTED_EDGE('',*,*,#13470,.T.);
#13472=ORIENTED_EDGE('',*,*,#11556,.T.);
#13473=ORIENTED_EDGE('',*,*,#13457,.F.);
#13474=EDGE_LOOP('',(#13469,#13471,#13472,#13473));
#13475=FACE_OUTER_BOUND('',#13474,.F.);
#13476=ADVANCED_FACE('',(#13475),#13468,.F.);
#13477=CARTESIAN_POINT('',(1.712421330332E2,5.044878139226E1,
-7.096364997533E0));
#13478=DIRECTION('',(8.265991871191E-1,5.627910658975E-1,0.E0));
#13479=DIRECTION('',(5.627910658975E-1,-8.265991871191E-1,0.E0));
#13480=AXIS2_PLACEMENT_3D('',#13477,#13478,#13479);
#13481=PLANE('',#13480);
#13482=ORIENTED_EDGE('',*,*,#9888,.F.);
#13484=ORIENTED_EDGE('',*,*,#13483,.T.);
#13485=ORIENTED_EDGE('',*,*,#11558,.T.);
#13486=ORIENTED_EDGE('',*,*,#13470,.F.);
#13487=EDGE_LOOP('',(#13482,#13484,#13485,#13486));
#13488=FACE_OUTER_BOUND('',#13487,.F.);
#13489=ADVANCED_FACE('',(#13488),#13481,.F.);
#13490=CARTESIAN_POINT('',(1.711312819826E2,5.088294764488E1,
-7.096364997533E0));
#13491=DIRECTION('',(9.689176611437E-1,2.473834390653E-1,0.E0));
#13492=DIRECTION('',(2.473834390653E-1,-9.689176611437E-1,0.E0));
#13493=AXIS2_PLACEMENT_3D('',#13490,#13491,#13492);
#13494=PLANE('',#13493);
#13495=ORIENTED_EDGE('',*,*,#9886,.F.);
#13497=ORIENTED_EDGE('',*,*,#13496,.T.);
#13498=ORIENTED_EDGE('',*,*,#11560,.T.);
#13499=ORIENTED_EDGE('',*,*,#13483,.F.);
#13500=EDGE_LOOP('',(#13495,#13497,#13498,#13499));
#13501=FACE_OUTER_BOUND('',#13500,.F.);
#13502=ADVANCED_FACE('',(#13501),#13494,.F.);
#13503=CARTESIAN_POINT('',(1.711312819826E2,5.131711389749E1,
-7.096364997533E0));
#13504=DIRECTION('',(1.E0,0.E0,0.E0));
#13505=DIRECTION('',(0.E0,-1.E0,0.E0));
#13506=AXIS2_PLACEMENT_3D('',#13503,#13504,#13505);
#13507=PLANE('',#13506);
#13508=ORIENTED_EDGE('',*,*,#9884,.F.);
#13510=ORIENTED_EDGE('',*,*,#13509,.T.);
#13511=ORIENTED_EDGE('',*,*,#11562,.T.);
#13512=ORIENTED_EDGE('',*,*,#13496,.F.);
#13513=EDGE_LOOP('',(#13508,#13510,#13511,#13512));
#13514=FACE_OUTER_BOUND('',#13513,.F.);
#13515=ADVANCED_FACE('',(#13514),#13507,.F.);
#13516=CARTESIAN_POINT('',(1.712421330332E2,5.175128139226E1,
-7.096364997533E0));
#13517=DIRECTION('',(9.689178307915E-1,-2.473827746112E-1,0.E0));
#13518=DIRECTION('',(-2.473827746112E-1,-9.689178307915E-1,0.E0));
#13519=AXIS2_PLACEMENT_3D('',#13516,#13517,#13518);
#13520=PLANE('',#13519);
#13521=ORIENTED_EDGE('',*,*,#9882,.F.);
#13523=ORIENTED_EDGE('',*,*,#13522,.T.);
#13524=ORIENTED_EDGE('',*,*,#11564,.T.);
#13525=ORIENTED_EDGE('',*,*,#13509,.F.);
#13526=EDGE_LOOP('',(#13521,#13523,#13524,#13525));
#13527=FACE_OUTER_BOUND('',#13526,.F.);
#13528=ADVANCED_FACE('',(#13527),#13520,.F.);
#13529=CARTESIAN_POINT('',(1.714638352120E2,5.207690639226E1,
-7.096364997533E0));
#13530=DIRECTION('',(8.265991871191E-1,-5.627910658975E-1,0.E0));
#13531=DIRECTION('',(-5.627910658975E-1,-8.265991871191E-1,0.E0));
#13532=AXIS2_PLACEMENT_3D('',#13529,#13530,#13531);
#13533=PLANE('',#13532);
#13534=ORIENTED_EDGE('',*,*,#9880,.F.);
#13536=ORIENTED_EDGE('',*,*,#13535,.T.);
#13537=ORIENTED_EDGE('',*,*,#11566,.T.);
#13538=ORIENTED_EDGE('',*,*,#13522,.F.);
#13539=EDGE_LOOP('',(#13534,#13536,#13537,#13538));
#13540=FACE_OUTER_BOUND('',#13539,.F.);
#13541=ADVANCED_FACE('',(#13540),#13533,.F.);
#13542=CARTESIAN_POINT('',(1.717963883639E2,5.229398889749E1,
-7.096364997533E0));
#13543=DIRECTION('',(5.466210844748E-1,-8.373800750004E-1,0.E0));
#13544=DIRECTION('',(-8.373800750004E-1,-5.466210844748E-1,0.E0));
#13545=AXIS2_PLACEMENT_3D('',#13542,#13543,#13544);
#13546=PLANE('',#13545);
#13547=ORIENTED_EDGE('',*,*,#9878,.F.);
#13549=ORIENTED_EDGE('',*,*,#13548,.T.);
#13550=ORIENTED_EDGE('',*,*,#11568,.T.);
#13551=ORIENTED_EDGE('',*,*,#13535,.F.);
#13552=EDGE_LOOP('',(#13547,#13549,#13550,#13551));
#13553=FACE_OUTER_BOUND('',#13552,.F.);
#13554=ADVANCED_FACE('',(#13553),#13546,.F.);
#13555=CARTESIAN_POINT('',(1.722397925664E2,5.240253139226E1,
-7.096364997533E0));
#13556=DIRECTION('',(2.377730639603E-1,-9.713207349042E-1,0.E0));
#13557=DIRECTION('',(-9.713207349042E-1,-2.377730639603E-1,0.E0));
#13558=AXIS2_PLACEMENT_3D('',#13555,#13556,#13557);
#13559=PLANE('',#13558);
#13560=ORIENTED_EDGE('',*,*,#9876,.F.);
#13562=ORIENTED_EDGE('',*,*,#13561,.T.);
#13563=ORIENTED_EDGE('',*,*,#11570,.T.);
#13564=ORIENTED_EDGE('',*,*,#13548,.F.);
#13565=EDGE_LOOP('',(#13560,#13562,#13563,#13564));
#13566=FACE_OUTER_BOUND('',#13565,.F.);
#13567=ADVANCED_FACE('',(#13566),#13559,.F.);
#13568=CARTESIAN_POINT('',(1.756761756012E2,5.240253139226E1,
-7.096364997533E0));
#13569=DIRECTION('',(0.E0,-1.E0,0.E0));
#13570=DIRECTION('',(-1.E0,0.E0,0.E0));
#13571=AXIS2_PLACEMENT_3D('',#13568,#13569,#13570);
#13572=PLANE('',#13571);
#13573=ORIENTED_EDGE('',*,*,#9874,.F.);
#13575=ORIENTED_EDGE('',*,*,#13574,.T.);
#13576=ORIENTED_EDGE('',*,*,#11572,.T.);
#13577=ORIENTED_EDGE('',*,*,#13561,.F.);
#13578=EDGE_LOOP('',(#13573,#13575,#13576,#13577));
#13579=FACE_OUTER_BOUND('',#13578,.F.);
#13580=ADVANCED_FACE('',(#13579),#13572,.F.);
#13581=CARTESIAN_POINT('',(1.756761756012E2,5.305378015010E1,
-7.096364997533E0));
#13582=DIRECTION('',(1.E0,0.E0,0.E0));
#13583=DIRECTION('',(0.E0,-1.E0,0.E0));
#13584=AXIS2_PLACEMENT_3D('',#13581,#13582,#13583);
#13585=PLANE('',#13584);
#13586=ORIENTED_EDGE('',*,*,#9872,.F.);
#13587=ORIENTED_EDGE('',*,*,#13264,.T.);
#13588=ORIENTED_EDGE('',*,*,#11574,.T.);
#13589=ORIENTED_EDGE('',*,*,#13574,.F.);
#13590=EDGE_LOOP('',(#13586,#13587,#13588,#13589));
#13591=FACE_OUTER_BOUND('',#13590,.F.);
#13592=ADVANCED_FACE('',(#13591),#13585,.F.);
#13593=CARTESIAN_POINT('',(1.756761756012E2,5.804669764488E1,
-7.096364997533E0));
#13594=DIRECTION('',(1.E0,0.E0,0.E0));
#13595=DIRECTION('',(0.E0,-1.E0,0.E0));
#13596=AXIS2_PLACEMENT_3D('',#13593,#13594,#13595);
#13597=PLANE('',#13596);
#13598=ORIENTED_EDGE('',*,*,#9924,.F.);
#13600=ORIENTED_EDGE('',*,*,#13599,.T.);
#13601=ORIENTED_EDGE('',*,*,#11584,.T.);
#13603=ORIENTED_EDGE('',*,*,#13602,.F.);
#13604=EDGE_LOOP('',(#13598,#13600,#13601,#13603));
#13605=FACE_OUTER_BOUND('',#13604,.F.);
#13606=ADVANCED_FACE('',(#13605),#13597,.F.);
#13607=CARTESIAN_POINT('',(1.751219203482E2,5.804669764488E1,
-7.096364997533E0));
#13608=DIRECTION('',(0.E0,1.E0,0.E0));
#13609=DIRECTION('',(1.E0,0.E0,0.E0));
#13610=AXIS2_PLACEMENT_3D('',#13607,#13608,#13609);
#13611=PLANE('',#13610);
#13612=ORIENTED_EDGE('',*,*,#9938,.F.);
#13614=ORIENTED_EDGE('',*,*,#13613,.T.);
#13615=ORIENTED_EDGE('',*,*,#11586,.T.);
#13616=ORIENTED_EDGE('',*,*,#13599,.F.);
#13617=EDGE_LOOP('',(#13612,#13614,#13615,#13616));
#13618=FACE_OUTER_BOUND('',#13617,.F.);
#13619=ADVANCED_FACE('',(#13618),#13611,.F.);
#13620=CARTESIAN_POINT('',(1.751219203482E2,5.631003015010E1,
-7.096364997533E0));
#13621=DIRECTION('',(-1.E0,0.E0,0.E0));
#13622=DIRECTION('',(0.E0,1.E0,0.E0));
#13623=AXIS2_PLACEMENT_3D('',#13620,#13621,#13622);
#13624=PLANE('',#13623);
#13625=ORIENTED_EDGE('',*,*,#9936,.F.);
#13627=ORIENTED_EDGE('',*,*,#13626,.T.);
#13628=ORIENTED_EDGE('',*,*,#11588,.T.);
#13629=ORIENTED_EDGE('',*,*,#13613,.F.);
#13630=EDGE_LOOP('',(#13625,#13627,#13628,#13629));
#13631=FACE_OUTER_BOUND('',#13630,.F.);
#13632=ADVANCED_FACE('',(#13631),#13624,.F.);
#13633=CARTESIAN_POINT('',(1.704661756012E2,5.631003015010E1,
-7.096364997533E0));
#13634=DIRECTION('',(0.E0,1.E0,0.E0));
#13635=DIRECTION('',(1.E0,0.E0,0.E0));
#13636=AXIS2_PLACEMENT_3D('',#13633,#13634,#13635);
#13637=PLANE('',#13636);
#13638=ORIENTED_EDGE('',*,*,#9934,.F.);
#13640=ORIENTED_EDGE('',*,*,#13639,.T.);
#13641=ORIENTED_EDGE('',*,*,#11590,.T.);
#13642=ORIENTED_EDGE('',*,*,#13626,.F.);
#13643=EDGE_LOOP('',(#13638,#13640,#13641,#13642));
#13644=FACE_OUTER_BOUND('',#13643,.F.);
#13645=ADVANCED_FACE('',(#13644),#13637,.F.);
#13646=CARTESIAN_POINT('',(1.704661756012E2,5.565878015010E1,
-7.096364997533E0));
#13647=DIRECTION('',(-1.E0,0.E0,0.E0));
#13648=DIRECTION('',(0.E0,1.E0,0.E0));
#13649=AXIS2_PLACEMENT_3D('',#13646,#13647,#13648);
#13650=PLANE('',#13649);
#13651=ORIENTED_EDGE('',*,*,#9932,.F.);
#13653=ORIENTED_EDGE('',*,*,#13652,.T.);
#13654=ORIENTED_EDGE('',*,*,#11592,.T.);
#13655=ORIENTED_EDGE('',*,*,#13639,.F.);
#13656=EDGE_LOOP('',(#13651,#13653,#13654,#13655));
#13657=FACE_OUTER_BOUND('',#13656,.F.);
#13658=ADVANCED_FACE('',(#13657),#13650,.F.);
#13659=CARTESIAN_POINT('',(1.751219203482E2,5.565878015010E1,
-7.096364997533E0));
#13660=DIRECTION('',(0.E0,-1.E0,0.E0));
#13661=DIRECTION('',(-1.E0,0.E0,0.E0));
#13662=AXIS2_PLACEMENT_3D('',#13659,#13660,#13661);
#13663=PLANE('',#13662);
#13664=ORIENTED_EDGE('',*,*,#9930,.F.);
#13666=ORIENTED_EDGE('',*,*,#13665,.T.);
#13667=ORIENTED_EDGE('',*,*,#11594,.T.);
#13668=ORIENTED_EDGE('',*,*,#13652,.F.);
#13669=EDGE_LOOP('',(#13664,#13666,#13667,#13668));
#13670=FACE_OUTER_BOUND('',#13669,.F.);
#13671=ADVANCED_FACE('',(#13670),#13663,.F.);
#13672=CARTESIAN_POINT('',(1.751219203482E2,5.392211513965E1,
-7.096364997533E0));
#13673=DIRECTION('',(-1.E0,0.E0,0.E0));
#13674=DIRECTION('',(0.E0,1.E0,0.E0));
#13675=AXIS2_PLACEMENT_3D('',#13672,#13673,#13674);
#13676=PLANE('',#13675);
#13677=ORIENTED_EDGE('',*,*,#9928,.F.);
#13679=ORIENTED_EDGE('',*,*,#13678,.T.);
#13680=ORIENTED_EDGE('',*,*,#11596,.T.);
#13681=ORIENTED_EDGE('',*,*,#13665,.F.);
#13682=EDGE_LOOP('',(#13677,#13679,#13680,#13681));
#13683=FACE_OUTER_BOUND('',#13682,.F.);
#13684=ADVANCED_FACE('',(#13683),#13676,.F.);
#13685=CARTESIAN_POINT('',(1.756761756012E2,5.392211513965E1,
-7.096364997533E0));
#13686=DIRECTION('',(0.E0,-1.E0,0.E0));
#13687=DIRECTION('',(-1.E0,0.E0,0.E0));
#13688=AXIS2_PLACEMENT_3D('',#13685,#13686,#13687);
#13689=PLANE('',#13688);
#13690=ORIENTED_EDGE('',*,*,#9926,.F.);
#13691=ORIENTED_EDGE('',*,*,#13602,.T.);
#13692=ORIENTED_EDGE('',*,*,#11598,.T.);
#13693=ORIENTED_EDGE('',*,*,#13678,.F.);
#13694=EDGE_LOOP('',(#13690,#13691,#13692,#13693));
#13695=FACE_OUTER_BOUND('',#13694,.F.);
#13696=ADVANCED_FACE('',(#13695),#13689,.F.);
#13697=CARTESIAN_POINT('',(1.613131271103E2,3.221244386093E1,
-7.096364997533E0));
#13698=DIRECTION('',(9.797707111493E-1,-2.001233458994E-1,0.E0));
#13699=DIRECTION('',(-2.001233458994E-1,-9.797707111493E-1,0.E0));
#13700=AXIS2_PLACEMENT_3D('',#13697,#13698,#13699);
#13701=PLANE('',#13700);
#13702=ORIENTED_EDGE('',*,*,#9942,.F.);
#13704=ORIENTED_EDGE('',*,*,#13703,.T.);
#13705=ORIENTED_EDGE('',*,*,#11608,.T.);
#13707=ORIENTED_EDGE('',*,*,#13706,.F.);
#13708=EDGE_LOOP('',(#13702,#13704,#13705,#13707));
#13709=FACE_OUTER_BOUND('',#13708,.F.);
#13710=ADVANCED_FACE('',(#13709),#13701,.F.);
#13711=CARTESIAN_POINT('',(1.613131271103E2,3.254577717439E1,
-7.096364997533E0));
#13712=DIRECTION('',(1.E0,0.E0,0.E0));
#13713=DIRECTION('',(0.E0,-1.E0,0.E0));
#13714=AXIS2_PLACEMENT_3D('',#13711,#13712,#13713);
#13715=PLANE('',#13714);
#13716=ORIENTED_EDGE('',*,*,#9988,.F.);
#13718=ORIENTED_EDGE('',*,*,#13717,.T.);
#13719=ORIENTED_EDGE('',*,*,#11610,.T.);
#13720=ORIENTED_EDGE('',*,*,#13703,.F.);
#13721=EDGE_LOOP('',(#13716,#13718,#13719,#13720));
#13722=FACE_OUTER_BOUND('',#13721,.F.);
#13723=ADVANCED_FACE('',(#13722),#13715,.F.);
#13724=CARTESIAN_POINT('',(1.612705739239E2,3.275411054746E1,
-7.096364997533E0));
#13725=DIRECTION('',(9.797707167625E-1,2.001233184181E-1,0.E0));
#13726=DIRECTION('',(2.001233184181E-1,-9.797707167625E-1,0.E0));
#13727=AXIS2_PLACEMENT_3D('',#13724,#13725,#13726);
#13728=PLANE('',#13727);
#13729=ORIENTED_EDGE('',*,*,#9986,.F.);
#13731=ORIENTED_EDGE('',*,*,#13730,.T.);
#13732=ORIENTED_EDGE('',*,*,#11612,.T.);
#13733=ORIENTED_EDGE('',*,*,#13717,.F.);
#13734=EDGE_LOOP('',(#13729,#13731,#13732,#13733));
#13735=FACE_OUTER_BOUND('',#13734,.F.);
#13736=ADVANCED_FACE('',(#13735),#13728,.F.);
#13737=CARTESIAN_POINT('',(1.611854675511E2,3.292077717439E1,
-7.096364997533E0));
#13738=DIRECTION('',(8.906052429498E-1,4.547771995497E-1,0.E0));
#13739=DIRECTION('',(4.547771995497E-1,-8.906052429498E-1,0.E0));
#13740=AXIS2_PLACEMENT_3D('',#13737,#13738,#13739);
#13741=PLANE('',#13740);
#13742=ORIENTED_EDGE('',*,*,#9984,.F.);
#13744=ORIENTED_EDGE('',*,*,#13743,.T.);
#13745=ORIENTED_EDGE('',*,*,#11614,.T.);
#13746=ORIENTED_EDGE('',*,*,#13730,.F.);
#13747=EDGE_LOOP('',(#13742,#13744,#13745,#13746));
#13748=FACE_OUTER_BOUND('',#13747,.F.);
#13749=ADVANCED_FACE('',(#13748),#13741,.F.);
#13750=CARTESIAN_POINT('',(1.610152548054E2,3.308744380132E1,
-7.096364997533E0));
#13751=DIRECTION('',(6.996247500295E-1,7.145104681851E-1,0.E0));
#13752=DIRECTION('',(7.145104681851E-1,-6.996247500295E-1,0.E0));
#13753=AXIS2_PLACEMENT_3D('',#13750,#13751,#13752);
#13754=PLANE('',#13753);
#13755=ORIENTED_EDGE('',*,*,#9982,.F.);
#13757=ORIENTED_EDGE('',*,*,#13756,.T.);
#13758=ORIENTED_EDGE('',*,*,#11616,.T.);
#13759=ORIENTED_EDGE('',*,*,#13743,.F.);
#13760=EDGE_LOOP('',(#13755,#13757,#13758,#13759));
#13761=FACE_OUTER_BOUND('',#13760,.F.);
#13762=ADVANCED_FACE('',(#13761),#13754,.F.);
#13763=CARTESIAN_POINT('',(1.608450420597E2,3.317077717439E1,
-7.096364997533E0));
#13764=DIRECTION('',(4.397136649566E-1,8.981380143666E-1,0.E0));
#13765=DIRECTION('',(8.981380143666E-1,-4.397136649566E-1,0.E0));
#13766=AXIS2_PLACEMENT_3D('',#13763,#13764,#13765);
#13767=PLANE('',#13766);
#13768=ORIENTED_EDGE('',*,*,#9980,.F.);
#13770=ORIENTED_EDGE('',*,*,#13769,.T.);
#13771=ORIENTED_EDGE('',*,*,#11618,.T.);
#13772=ORIENTED_EDGE('',*,*,#13756,.F.);
#13773=EDGE_LOOP('',(#13768,#13770,#13771,#13772));
#13774=FACE_OUTER_BOUND('',#13773,.F.);
#13775=ADVANCED_FACE('',(#13774),#13767,.F.);
#13776=CARTESIAN_POINT('',(1.606322760084E2,3.321244380132E1,
-7.096364997533E0));
#13777=DIRECTION('',(1.921825732045E-1,9.813591893677E-1,0.E0));
#13778=DIRECTION('',(9.813591893677E-1,-1.921825732045E-1,0.E0));
#13779=AXIS2_PLACEMENT_3D('',#13776,#13777,#13778);
#13780=PLANE('',#13779);
#13781=ORIENTED_EDGE('',*,*,#9978,.F.);
#13783=ORIENTED_EDGE('',*,*,#13782,.T.);
#13784=ORIENTED_EDGE('',*,*,#11620,.T.);
#13785=ORIENTED_EDGE('',*,*,#13769,.F.);
#13786=EDGE_LOOP('',(#13781,#13783,#13784,#13785));
#13787=FACE_OUTER_BOUND('',#13786,.F.);
#13788=ADVANCED_FACE('',(#13787),#13780,.F.);
#13789=CARTESIAN_POINT('',(1.599939781526E2,3.321244380132E1,
-7.096364997533E0));
#13790=DIRECTION('',(0.E0,1.E0,0.E0));
#13791=DIRECTION('',(1.E0,0.E0,0.E0));
#13792=AXIS2_PLACEMENT_3D('',#13789,#13790,#13791);
#13793=PLANE('',#13792);
#13794=ORIENTED_EDGE('',*,*,#9976,.F.);
#13796=ORIENTED_EDGE('',*,*,#13795,.T.);
#13797=ORIENTED_EDGE('',*,*,#11622,.T.);
#13798=ORIENTED_EDGE('',*,*,#13782,.F.);
#13799=EDGE_LOOP('',(#13794,#13796,#13797,#13798));
#13800=FACE_OUTER_BOUND('',#13799,.F.);
#13801=ADVANCED_FACE('',(#13800),#13793,.F.);
#13802=CARTESIAN_POINT('',(1.597812122205E2,3.317077717439E1,
-7.096364997533E0));
#13803=DIRECTION('',(-1.921826769043E-1,9.813591690599E-1,0.E0));
#13804=DIRECTION('',(9.813591690599E-1,1.921826769043E-1,0.E0));
#13805=AXIS2_PLACEMENT_3D('',#13802,#13803,#13804);
#13806=PLANE('',#13805);
#13807=ORIENTED_EDGE('',*,*,#9974,.F.);
#13809=ORIENTED_EDGE('',*,*,#13808,.T.);
#13810=ORIENTED_EDGE('',*,*,#11624,.T.);
#13811=ORIENTED_EDGE('',*,*,#13795,.F.);
#13812=EDGE_LOOP('',(#13807,#13809,#13810,#13811));
#13813=FACE_OUTER_BOUND('',#13812,.F.);
#13814=ADVANCED_FACE('',(#13813),#13806,.F.);
#13815=CARTESIAN_POINT('',(1.596109994450E2,3.308744380132E1,
-7.096364997533E0));
#13816=DIRECTION('',(-4.397136028534E-1,8.981380447713E-1,0.E0));
#13817=DIRECTION('',(8.981380447713E-1,4.397136028534E-1,0.E0));
#13818=AXIS2_PLACEMENT_3D('',#13815,#13816,#13817);
#13819=PLANE('',#13818);
#13820=ORIENTED_EDGE('',*,*,#9972,.F.);
#13822=ORIENTED_EDGE('',*,*,#13821,.T.);
#13823=ORIENTED_EDGE('',*,*,#11626,.T.);
#13824=ORIENTED_EDGE('',*,*,#13808,.F.);
#13825=EDGE_LOOP('',(#13820,#13822,#13823,#13824));
#13826=FACE_OUTER_BOUND('',#13825,.F.);
#13827=ADVANCED_FACE('',(#13826),#13819,.F.);
#13828=CARTESIAN_POINT('',(1.594407866845E2,3.292077717439E1,
-7.096364997533E0));
#13829=DIRECTION('',(-6.996247187608E-1,7.145104988025E-1,0.E0));
#13830=DIRECTION('',(7.145104988025E-1,6.996247187608E-1,0.E0));
#13831=AXIS2_PLACEMENT_3D('',#13828,#13829,#13830);
#13832=PLANE('',#13831);
#13833=ORIENTED_EDGE('',*,*,#9970,.F.);
#13835=ORIENTED_EDGE('',*,*,#13834,.T.);
#13836=ORIENTED_EDGE('',*,*,#11628,.T.);
#13837=ORIENTED_EDGE('',*,*,#13821,.F.);
#13838=EDGE_LOOP('',(#13833,#13835,#13836,#13837));
#13839=FACE_OUTER_BOUND('',#13838,.F.);
#13840=ADVANCED_FACE('',(#13839),#13832,.F.);
#13841=CARTESIAN_POINT('',(1.593556803004E2,3.275411054746E1,
-7.096364997533E0));
#13842=DIRECTION('',(-8.906052187617E-1,4.547772469181E-1,0.E0));
#13843=DIRECTION('',(4.547772469181E-1,8.906052187617E-1,0.E0));
#13844=AXIS2_PLACEMENT_3D('',#13841,#13842,#13843);
#13845=PLANE('',#13844);
#13846=ORIENTED_EDGE('',*,*,#9968,.F.);
#13848=ORIENTED_EDGE('',*,*,#13847,.T.);
#13849=ORIENTED_EDGE('',*,*,#11630,.T.);
#13850=ORIENTED_EDGE('',*,*,#13834,.F.);
#13851=EDGE_LOOP('',(#13846,#13848,#13849,#13850));
#13852=FACE_OUTER_BOUND('',#13851,.F.);
#13853=ADVANCED_FACE('',(#13852),#13845,.F.);
#13854=CARTESIAN_POINT('',(1.593131271103E2,3.254577717439E1,
-7.096364997533E0));
#13855=DIRECTION('',(-9.797707133274E-1,2.001233352361E-1,0.E0));
#13856=DIRECTION('',(2.001233352361E-1,9.797707133274E-1,0.E0));
#13857=AXIS2_PLACEMENT_3D('',#13854,#13855,#13856);
#13858=PLANE('',#13857);
#13859=ORIENTED_EDGE('',*,*,#9966,.F.);
#13861=ORIENTED_EDGE('',*,*,#13860,.T.);
#13862=ORIENTED_EDGE('',*,*,#11632,.T.);
#13863=ORIENTED_EDGE('',*,*,#13847,.F.);
#13864=EDGE_LOOP('',(#13859,#13861,#13862,#13863));
#13865=FACE_OUTER_BOUND('',#13864,.F.);
#13866=ADVANCED_FACE('',(#13865),#13858,.F.);
#13867=CARTESIAN_POINT('',(1.593131271103E2,3.221244386093E1,
-7.096364997533E0));
#13868=DIRECTION('',(-1.E0,0.E0,0.E0));
#13869=DIRECTION('',(0.E0,1.E0,0.E0));
#13870=AXIS2_PLACEMENT_3D('',#13867,#13868,#13869);
#13871=PLANE('',#13870);
#13872=ORIENTED_EDGE('',*,*,#9964,.F.);
#13874=ORIENTED_EDGE('',*,*,#13873,.T.);
#13875=ORIENTED_EDGE('',*,*,#11634,.T.);
#13876=ORIENTED_EDGE('',*,*,#13860,.F.);
#13877=EDGE_LOOP('',(#13872,#13874,#13875,#13876));
#13878=FACE_OUTER_BOUND('',#13877,.F.);
#13879=ADVANCED_FACE('',(#13878),#13871,.F.);
#13880=CARTESIAN_POINT('',(1.593556803004E2,3.200411051766E1,
-7.096364997533E0));
#13881=DIRECTION('',(-9.797707077141E-1,-2.001233627174E-1,0.E0));
#13882=DIRECTION('',(-2.001233627174E-1,9.797707077141E-1,0.E0));
#13883=AXIS2_PLACEMENT_3D('',#13880,#13881,#13882);
#13884=PLANE('',#13883);
#13885=ORIENTED_EDGE('',*,*,#9962,.F.);
#13887=ORIENTED_EDGE('',*,*,#13886,.T.);
#13888=ORIENTED_EDGE('',*,*,#11636,.T.);
#13889=ORIENTED_EDGE('',*,*,#13873,.F.);
#13890=EDGE_LOOP('',(#13885,#13887,#13888,#13889));
#13891=FACE_OUTER_BOUND('',#13890,.F.);
#13892=ADVANCED_FACE('',(#13891),#13884,.F.);
#13893=CARTESIAN_POINT('',(1.594407866845E2,3.183744383113E1,
-7.096364997533E0));
#13894=DIRECTION('',(-8.906052846357E-1,-4.547771179149E-1,0.E0));
#13895=DIRECTION('',(-4.547771179149E-1,8.906052846357E-1,0.E0));
#13896=AXIS2_PLACEMENT_3D('',#13893,#13894,#13895);
#13897=PLANE('',#13896);
#13898=ORIENTED_EDGE('',*,*,#9960,.F.);
#13900=ORIENTED_EDGE('',*,*,#13899,.T.);
#13901=ORIENTED_EDGE('',*,*,#11638,.T.);
#13902=ORIENTED_EDGE('',*,*,#13886,.F.);
#13903=EDGE_LOOP('',(#13898,#13900,#13901,#13902));
#13904=FACE_OUTER_BOUND('',#13903,.F.);
#13905=ADVANCED_FACE('',(#13904),#13897,.F.);
#13906=CARTESIAN_POINT('',(1.596109994450E2,3.167077717439E1,
-7.096364997533E0));
#13907=DIRECTION('',(-6.996247826288E-1,-7.145104362650E-1,0.E0));
#13908=DIRECTION('',(-7.145104362650E-1,6.996247826288E-1,0.E0));
#13909=AXIS2_PLACEMENT_3D('',#13906,#13907,#13908);
#13910=PLANE('',#13909);
#13911=ORIENTED_EDGE('',*,*,#9958,.F.);
#13913=ORIENTED_EDGE('',*,*,#13912,.T.);
#13914=ORIENTED_EDGE('',*,*,#11640,.T.);
#13915=ORIENTED_EDGE('',*,*,#13899,.F.);
#13916=EDGE_LOOP('',(#13911,#13913,#13914,#13915));
#13917=FACE_OUTER_BOUND('',#13916,.F.);
#13918=ADVANCED_FACE('',(#13917),#13910,.F.);
#13919=CARTESIAN_POINT('',(1.597812122205E2,3.158744384230E1,
-7.096364997533E0));
#13920=DIRECTION('',(-4.397134284359E-1,-8.981381301632E-1,0.E0));
#13921=DIRECTION('',(-8.981381301632E-1,4.397134284359E-1,0.E0));
#13922=AXIS2_PLACEMENT_3D('',#13919,#13920,#13921);
#13923=PLANE('',#13922);
#13924=ORIENTED_EDGE('',*,*,#9956,.F.);
#13926=ORIENTED_EDGE('',*,*,#13925,.T.);
#13927=ORIENTED_EDGE('',*,*,#11642,.T.);
#13928=ORIENTED_EDGE('',*,*,#13912,.F.);
#13929=EDGE_LOOP('',(#13924,#13926,#13927,#13928));
#13930=FACE_OUTER_BOUND('',#13929,.F.);
#13931=ADVANCED_FACE('',(#13930),#13923,.F.);
#13932=CARTESIAN_POINT('',(1.599939781526E2,3.154577717439E1,
-7.096364997533E0));
#13933=DIRECTION('',(-1.921828589309E-1,-9.813591334130E-1,0.E0));
#13934=DIRECTION('',(-9.813591334130E-1,1.921828589309E-1,0.E0));
#13935=AXIS2_PLACEMENT_3D('',#13932,#13933,#13934);
#13936=PLANE('',#13935);
#13937=ORIENTED_EDGE('',*,*,#9954,.F.);
#13939=ORIENTED_EDGE('',*,*,#13938,.T.);
#13940=ORIENTED_EDGE('',*,*,#11644,.T.);
#13941=ORIENTED_EDGE('',*,*,#13925,.F.);
#13942=EDGE_LOOP('',(#13937,#13939,#13940,#13941));
#13943=FACE_OUTER_BOUND('',#13942,.F.);
#13944=ADVANCED_FACE('',(#13943),#13936,.F.);
#13945=CARTESIAN_POINT('',(1.606322760084E2,3.154577717439E1,
-7.096364997533E0));
#13946=DIRECTION('',(0.E0,-1.E0,0.E0));
#13947=DIRECTION('',(-1.E0,0.E0,0.E0));
#13948=AXIS2_PLACEMENT_3D('',#13945,#13946,#13947);
#13949=PLANE('',#13948);
#13950=ORIENTED_EDGE('',*,*,#9952,.F.);
#13952=ORIENTED_EDGE('',*,*,#13951,.T.);
#13953=ORIENTED_EDGE('',*,*,#11646,.T.);
#13954=ORIENTED_EDGE('',*,*,#13938,.F.);
#13955=EDGE_LOOP('',(#13950,#13952,#13953,#13954));
#13956=FACE_OUTER_BOUND('',#13955,.F.);
#13957=ADVANCED_FACE('',(#13956),#13949,.F.);
#13958=CARTESIAN_POINT('',(1.608450420597E2,3.158744384230E1,
-7.096364997533E0));
#13959=DIRECTION('',(1.921827552310E-1,-9.813591537209E-1,0.E0));
#13960=DIRECTION('',(-9.813591537209E-1,-1.921827552310E-1,0.E0));
#13961=AXIS2_PLACEMENT_3D('',#13958,#13959,#13960);
#13962=PLANE('',#13961);
#13963=ORIENTED_EDGE('',*,*,#9950,.F.);
#13965=ORIENTED_EDGE('',*,*,#13964,.T.);
#13966=ORIENTED_EDGE('',*,*,#11648,.T.);
#13967=ORIENTED_EDGE('',*,*,#13951,.F.);
#13968=EDGE_LOOP('',(#13963,#13965,#13966,#13967));
#13969=FACE_OUTER_BOUND('',#13968,.F.);
#13970=ADVANCED_FACE('',(#13969),#13962,.F.);
#13971=CARTESIAN_POINT('',(1.610152548054E2,3.167077717439E1,
-7.096364997533E0));
#13972=DIRECTION('',(4.397134905391E-1,-8.981380997585E-1,0.E0));
#13973=DIRECTION('',(-8.981380997585E-1,-4.397134905391E-1,0.E0));
#13974=AXIS2_PLACEMENT_3D('',#13971,#13972,#13973);
#13975=PLANE('',#13974);
#13976=ORIENTED_EDGE('',*,*,#9948,.F.);
#13978=ORIENTED_EDGE('',*,*,#13977,.T.);
#13979=ORIENTED_EDGE('',*,*,#11650,.T.);
#13980=ORIENTED_EDGE('',*,*,#13964,.F.);
#13981=EDGE_LOOP('',(#13976,#13978,#13979,#13980));
#13982=FACE_OUTER_BOUND('',#13981,.F.);
#13983=ADVANCED_FACE('',(#13982),#13975,.F.);
#13984=CARTESIAN_POINT('',(1.611854675511E2,3.183744383113E1,
-7.096364997533E0));
#13985=DIRECTION('',(6.996248138976E-1,-7.145104056477E-1,0.E0));
#13986=DIRECTION('',(-7.145104056477E-1,-6.996248138976E-1,0.E0));
#13987=AXIS2_PLACEMENT_3D('',#13984,#13985,#13986);
#13988=PLANE('',#13987);
#13989=ORIENTED_EDGE('',*,*,#9946,.F.);
#13991=ORIENTED_EDGE('',*,*,#13990,.T.);
#13992=ORIENTED_EDGE('',*,*,#11652,.T.);
#13993=ORIENTED_EDGE('',*,*,#13977,.F.);
#13994=EDGE_LOOP('',(#13989,#13991,#13992,#13993));
#13995=FACE_OUTER_BOUND('',#13994,.F.);
#13996=ADVANCED_FACE('',(#13995),#13988,.F.);
#13997=CARTESIAN_POINT('',(1.612705739239E2,3.200411051766E1,
-7.096364997533E0));
#13998=DIRECTION('',(8.906053088238E-1,-4.547770705465E-1,0.E0));
#13999=DIRECTION('',(-4.547770705465E-1,-8.906053088238E-1,0.E0));
#14000=AXIS2_PLACEMENT_3D('',#13997,#13998,#13999);
#14001=PLANE('',#14000);
#14002=ORIENTED_EDGE('',*,*,#9944,.F.);
#14003=ORIENTED_EDGE('',*,*,#13706,.T.);
#14004=ORIENTED_EDGE('',*,*,#11654,.T.);
#14005=ORIENTED_EDGE('',*,*,#13990,.F.);
#14006=EDGE_LOOP('',(#14002,#14003,#14004,#14005));
#14007=FACE_OUTER_BOUND('',#14006,.F.);
#14008=ADVANCED_FACE('',(#14007),#14001,.F.);
#14009=CARTESIAN_POINT('',(1.610578079918E2,3.221244386093E1,
-7.096364997533E0));
#14010=DIRECTION('',(-1.E0,0.E0,0.E0));
#14011=DIRECTION('',(0.E0,1.E0,0.E0));
#14012=AXIS2_PLACEMENT_3D('',#14009,#14010,#14011);
#14013=PLANE('',#14012);
#14014=ORIENTED_EDGE('',*,*,#10710,.F.);
#14016=ORIENTED_EDGE('',*,*,#14015,.T.);
#14017=ORIENTED_EDGE('',*,*,#11658,.T.);
#14019=ORIENTED_EDGE('',*,*,#14018,.F.);
#14020=EDGE_LOOP('',(#14014,#14016,#14017,#14019));
#14021=FACE_OUTER_BOUND('',#14020,.F.);
#14022=ADVANCED_FACE('',(#14021),#14013,.F.);
#14023=CARTESIAN_POINT('',(1.610152548054E2,3.204577717439E1,
-7.096364997533E0));
#14024=DIRECTION('',(-9.689177247618E-1,2.473831898946E-1,0.E0));
#14025=DIRECTION('',(2.473831898946E-1,9.689177247618E-1,0.E0));
#14026=AXIS2_PLACEMENT_3D('',#14023,#14024,#14025);
#14027=PLANE('',#14026);
#14028=ORIENTED_EDGE('',*,*,#10748,.F.);
#14030=ORIENTED_EDGE('',*,*,#14029,.T.);
#14031=ORIENTED_EDGE('',*,*,#11660,.T.);
#14032=ORIENTED_EDGE('',*,*,#14015,.F.);
#14033=EDGE_LOOP('',(#14028,#14030,#14031,#14032));
#14034=FACE_OUTER_BOUND('',#14033,.F.);
#14035=ADVANCED_FACE('',(#14034),#14027,.F.);
#14036=CARTESIAN_POINT('',(1.609301484326E2,3.192077717439E1,
-7.096364997533E0));
#14037=DIRECTION('',(-8.265992787996E-1,5.627909312417E-1,0.E0));
#14038=DIRECTION('',(5.627909312417E-1,8.265992787996E-1,0.E0));
#14039=AXIS2_PLACEMENT_3D('',#14036,#14037,#14038);
#14040=PLANE('',#14039);
#14041=ORIENTED_EDGE('',*,*,#10746,.F.);
#14043=ORIENTED_EDGE('',*,*,#14042,.T.);
#14044=ORIENTED_EDGE('',*,*,#11662,.T.);
#14045=ORIENTED_EDGE('',*,*,#14029,.F.);
#14046=EDGE_LOOP('',(#14041,#14043,#14044,#14045));
#14047=FACE_OUTER_BOUND('',#14046,.F.);
#14048=ADVANCED_FACE('',(#14047),#14040,.F.);
#14049=CARTESIAN_POINT('',(1.608024887541E2,3.183744383113E1,
-7.096364997533E0));
#14050=DIRECTION('',(-5.466222343973E-1,8.373793243581E-1,0.E0));
#14051=DIRECTION('',(8.373793243581E-1,5.466222343973E-1,0.E0));
#14052=AXIS2_PLACEMENT_3D('',#14049,#14050,#14051);
#14053=PLANE('',#14052);
#14054=ORIENTED_EDGE('',*,*,#10744,.F.);
#14056=ORIENTED_EDGE('',*,*,#14055,.T.);
#14057=ORIENTED_EDGE('',*,*,#11664,.T.);
#14058=ORIENTED_EDGE('',*,*,#14042,.F.);
#14059=EDGE_LOOP('',(#14054,#14056,#14057,#14058));
#14060=FACE_OUTER_BOUND('',#14059,.F.);
#14061=ADVANCED_FACE('',(#14060),#14053,.F.);
#14062=CARTESIAN_POINT('',(1.606322760084E2,3.179577717439E1,
-7.096364997533E0));
#14063=DIRECTION('',(-2.377712989836E-1,9.713211669575E-1,0.E0));
#14064=DIRECTION('',(9.713211669575E-1,2.377712989836E-1,0.E0));
#14065=AXIS2_PLACEMENT_3D('',#14062,#14063,#14064);
#14066=PLANE('',#14065);
#14067=ORIENTED_EDGE('',*,*,#10742,.F.);
#14069=ORIENTED_EDGE('',*,*,#14068,.T.);
#14070=ORIENTED_EDGE('',*,*,#11666,.T.);
#14071=ORIENTED_EDGE('',*,*,#14055,.F.);
#14072=EDGE_LOOP('',(#14067,#14069,#14070,#14071));
#14073=FACE_OUTER_BOUND('',#14072,.F.);
#14074=ADVANCED_FACE('',(#14073),#14066,.F.);
#14075=CARTESIAN_POINT('',(1.599939781526E2,3.179577717439E1,
-7.096364997533E0));
#14076=DIRECTION('',(0.E0,1.E0,0.E0));
#14077=DIRECTION('',(1.E0,0.E0,0.E0));
#14078=AXIS2_PLACEMENT_3D('',#14075,#14076,#14077);
#14079=PLANE('',#14078);
#14080=ORIENTED_EDGE('',*,*,#10740,.F.);
#14082=ORIENTED_EDGE('',*,*,#14081,.T.);
#14083=ORIENTED_EDGE('',*,*,#11668,.T.);
#14084=ORIENTED_EDGE('',*,*,#14068,.F.);
#14085=EDGE_LOOP('',(#14080,#14082,#14083,#14084));
#14086=FACE_OUTER_BOUND('',#14085,.F.);
#14087=ADVANCED_FACE('',(#14086),#14079,.F.);
#14088=CARTESIAN_POINT('',(1.598237654069E2,3.183744383113E1,
-7.096364997533E0));
#14089=DIRECTION('',(2.377712989836E-1,9.713211669575E-1,0.E0));
#14090=DIRECTION('',(9.713211669575E-1,-2.377712989836E-1,0.E0));
#14091=AXIS2_PLACEMENT_3D('',#14088,#14089,#14090);
#14092=PLANE('',#14091);
#14093=ORIENTED_EDGE('',*,*,#10738,.F.);
#14095=ORIENTED_EDGE('',*,*,#14094,.T.);
#14096=ORIENTED_EDGE('',*,*,#11670,.T.);
#14097=ORIENTED_EDGE('',*,*,#14081,.F.);
#14098=EDGE_LOOP('',(#14093,#14095,#14096,#14097));
#14099=FACE_OUTER_BOUND('',#14098,.F.);
#14100=ADVANCED_FACE('',(#14099),#14092,.F.);
#14101=CARTESIAN_POINT('',(1.596961058477E2,3.192077717439E1,
-7.096364997533E0));
#14102=DIRECTION('',(5.466225923193E-1,8.373790907147E-1,0.E0));
#14103=DIRECTION('',(8.373790907147E-1,-5.466225923193E-1,0.E0));
#14104=AXIS2_PLACEMENT_3D('',#14101,#14102,#14103);
#14105=PLANE('',#14104);
#14106=ORIENTED_EDGE('',*,*,#10736,.F.);
#14108=ORIENTED_EDGE('',*,*,#14107,.T.);
#14109=ORIENTED_EDGE('',*,*,#11672,.T.);
#14110=ORIENTED_EDGE('',*,*,#14094,.F.);
#14111=EDGE_LOOP('',(#14106,#14108,#14109,#14110));
#14112=FACE_OUTER_BOUND('',#14111,.F.);
#14113=ADVANCED_FACE('',(#14112),#14105,.F.);
#14114=CARTESIAN_POINT('',(1.596109994450E2,3.204577717439E1,
-7.096364997533E0));
#14115=DIRECTION('',(8.265991871191E-1,5.627910658975E-1,0.E0));
#14116=DIRECTION('',(5.627910658975E-1,-8.265991871191E-1,0.E0));
#14117=AXIS2_PLACEMENT_3D('',#14114,#14115,#14116);
#14118=PLANE('',#14117);
#14119=ORIENTED_EDGE('',*,*,#10734,.F.);
#14121=ORIENTED_EDGE('',*,*,#14120,.T.);
#14122=ORIENTED_EDGE('',*,*,#11674,.T.);
#14123=ORIENTED_EDGE('',*,*,#14107,.F.);
#14124=EDGE_LOOP('',(#14119,#14121,#14122,#14123));
#14125=FACE_OUTER_BOUND('',#14124,.F.);
#14126=ADVANCED_FACE('',(#14125),#14118,.F.);
#14127=CARTESIAN_POINT('',(1.595684462586E2,3.221244386093E1,
-7.096364997533E0));
#14128=DIRECTION('',(9.689177247618E-1,2.473831898946E-1,0.E0));
#14129=DIRECTION('',(2.473831898946E-1,-9.689177247618E-1,0.E0));
#14130=AXIS2_PLACEMENT_3D('',#14127,#14128,#14129);
#14131=PLANE('',#14130);
#14132=ORIENTED_EDGE('',*,*,#10732,.F.);
#14134=ORIENTED_EDGE('',*,*,#14133,.T.);
#14135=ORIENTED_EDGE('',*,*,#11676,.T.);
#14136=ORIENTED_EDGE('',*,*,#14120,.F.);
#14137=EDGE_LOOP('',(#14132,#14134,#14135,#14136));
#14138=FACE_OUTER_BOUND('',#14137,.F.);
#14139=ADVANCED_FACE('',(#14138),#14131,.F.);
#14140=CARTESIAN_POINT('',(1.595684462586E2,3.254577717439E1,
-7.096364997533E0));
#14141=DIRECTION('',(1.E0,0.E0,0.E0));
#14142=DIRECTION('',(0.E0,-1.E0,0.E0));
#14143=AXIS2_PLACEMENT_3D('',#14140,#14141,#14142);
#14144=PLANE('',#14143);
#14145=ORIENTED_EDGE('',*,*,#10730,.F.);
#14147=ORIENTED_EDGE('',*,*,#14146,.T.);
#14148=ORIENTED_EDGE('',*,*,#11678,.T.);
#14149=ORIENTED_EDGE('',*,*,#14133,.F.);
#14150=EDGE_LOOP('',(#14145,#14147,#14148,#14149));
#14151=FACE_OUTER_BOUND('',#14150,.F.);
#14152=ADVANCED_FACE('',(#14151),#14144,.F.);
#14153=CARTESIAN_POINT('',(1.596109994450E2,3.271244380132E1,
-7.096364997533E0));
#14154=DIRECTION('',(9.689177035558E-1,-2.473832729514E-1,0.E0));
#14155=DIRECTION('',(-2.473832729514E-1,-9.689177035558E-1,0.E0));
#14156=AXIS2_PLACEMENT_3D('',#14153,#14154,#14155);
#14157=PLANE('',#14156);
#14158=ORIENTED_EDGE('',*,*,#10728,.F.);
#14160=ORIENTED_EDGE('',*,*,#14159,.T.);
#14161=ORIENTED_EDGE('',*,*,#11680,.T.);
#14162=ORIENTED_EDGE('',*,*,#14146,.F.);
#14163=EDGE_LOOP('',(#14158,#14160,#14161,#14162));
#14164=FACE_OUTER_BOUND('',#14163,.F.);
#14165=ADVANCED_FACE('',(#14164),#14157,.F.);
#14166=CARTESIAN_POINT('',(1.596961058477E2,3.283744380132E1,
-7.096364997533E0));
#14167=DIRECTION('',(8.265991871191E-1,-5.627910658975E-1,0.E0));
#14168=DIRECTION('',(-5.627910658975E-1,-8.265991871191E-1,0.E0));
#14169=AXIS2_PLACEMENT_3D('',#14166,#14167,#14168);
#14170=PLANE('',#14169);
#14171=ORIENTED_EDGE('',*,*,#10726,.F.);
#14173=ORIENTED_EDGE('',*,*,#14172,.T.);
#14174=ORIENTED_EDGE('',*,*,#11682,.T.);
#14175=ORIENTED_EDGE('',*,*,#14159,.F.);
#14176=EDGE_LOOP('',(#14171,#14173,#14174,#14175));
#14177=FACE_OUTER_BOUND('',#14176,.F.);
#14178=ADVANCED_FACE('',(#14177),#14170,.F.);
#14179=CARTESIAN_POINT('',(1.598237654069E2,3.292077717439E1,
-7.096364997533E0));
#14180=DIRECTION('',(5.466227293958E-1,-8.373790012342E-1,0.E0));
#14181=DIRECTION('',(-8.373790012342E-1,-5.466227293958E-1,0.E0));
#14182=AXIS2_PLACEMENT_3D('',#14179,#14180,#14181);
#14183=PLANE('',#14182);
#14184=ORIENTED_EDGE('',*,*,#10724,.F.);
#14186=ORIENTED_EDGE('',*,*,#14185,.T.);
#14187=ORIENTED_EDGE('',*,*,#11684,.T.);
#14188=ORIENTED_EDGE('',*,*,#14172,.F.);
#14189=EDGE_LOOP('',(#14184,#14186,#14187,#14188));
#14190=FACE_OUTER_BOUND('',#14189,.F.);
#14191=ADVANCED_FACE('',(#14190),#14183,.F.);
#14192=CARTESIAN_POINT('',(1.599939781526E2,3.296244380132E1,
-7.096364997533E0));
#14193=DIRECTION('',(2.377711385310E-1,-9.713212062349E-1,0.E0));
#14194=DIRECTION('',(-9.713212062349E-1,-2.377711385310E-1,0.E0));
#14195=AXIS2_PLACEMENT_3D('',#14192,#14193,#14194);
#14196=PLANE('',#14195);
#14197=ORIENTED_EDGE('',*,*,#10722,.F.);
#14199=ORIENTED_EDGE('',*,*,#14198,.T.);
#14200=ORIENTED_EDGE('',*,*,#11686,.T.);
#14201=ORIENTED_EDGE('',*,*,#14185,.F.);
#14202=EDGE_LOOP('',(#14197,#14199,#14200,#14201));
#14203=FACE_OUTER_BOUND('',#14202,.F.);
#14204=ADVANCED_FACE('',(#14203),#14196,.F.);
#14205=CARTESIAN_POINT('',(1.606322760084E2,3.296244380132E1,
-7.096364997533E0));
#14206=DIRECTION('',(0.E0,-1.E0,0.E0));
#14207=DIRECTION('',(-1.E0,0.E0,0.E0));
#14208=AXIS2_PLACEMENT_3D('',#14205,#14206,#14207);
#14209=PLANE('',#14208);
#14210=ORIENTED_EDGE('',*,*,#10720,.F.);
#14212=ORIENTED_EDGE('',*,*,#14211,.T.);
#14213=ORIENTED_EDGE('',*,*,#11688,.T.);
#14214=ORIENTED_EDGE('',*,*,#14198,.F.);
#14215=EDGE_LOOP('',(#14210,#14212,#14213,#14214));
#14216=FACE_OUTER_BOUND('',#14215,.F.);
#14217=ADVANCED_FACE('',(#14216),#14209,.F.);
#14218=CARTESIAN_POINT('',(1.608024887541E2,3.292077717439E1,
-7.096364997533E0));
#14219=DIRECTION('',(-2.377711385310E-1,-9.713212062349E-1,0.E0));
#14220=DIRECTION('',(-9.713212062349E-1,2.377711385310E-1,0.E0));
#14221=AXIS2_PLACEMENT_3D('',#14218,#14219,#14220);
#14222=PLANE('',#14221);
#14223=ORIENTED_EDGE('',*,*,#10718,.F.);
#14225=ORIENTED_EDGE('',*,*,#14224,.T.);
#14226=ORIENTED_EDGE('',*,*,#11690,.T.);
#14227=ORIENTED_EDGE('',*,*,#14211,.F.);
#14228=EDGE_LOOP('',(#14223,#14225,#14226,#14227));
#14229=FACE_OUTER_BOUND('',#14228,.F.);
#14230=ADVANCED_FACE('',(#14229),#14222,.F.);
#14231=CARTESIAN_POINT('',(1.609301484326E2,3.283744380132E1,
-7.096364997533E0));
#14232=DIRECTION('',(-5.466223714738E-1,-8.373792348777E-1,0.E0));
#14233=DIRECTION('',(-8.373792348777E-1,5.466223714738E-1,0.E0));
#14234=AXIS2_PLACEMENT_3D('',#14231,#14232,#14233);
#14235=PLANE('',#14234);
#14236=ORIENTED_EDGE('',*,*,#10716,.F.);
#14238=ORIENTED_EDGE('',*,*,#14237,.T.);
#14239=ORIENTED_EDGE('',*,*,#11692,.T.);
#14240=ORIENTED_EDGE('',*,*,#14224,.F.);
#14241=EDGE_LOOP('',(#14236,#14238,#14239,#14240));
#14242=FACE_OUTER_BOUND('',#14241,.F.);
#14243=ADVANCED_FACE('',(#14242),#14235,.F.);
#14244=CARTESIAN_POINT('',(1.610152548054E2,3.271244380132E1,
-7.096364997533E0));
#14245=DIRECTION('',(-8.265992787996E-1,-5.627909312417E-1,0.E0));
#14246=DIRECTION('',(-5.627909312417E-1,8.265992787996E-1,0.E0));
#14247=AXIS2_PLACEMENT_3D('',#14244,#14245,#14246);
#14248=PLANE('',#14247);
#14249=ORIENTED_EDGE('',*,*,#10714,.F.);
#14251=ORIENTED_EDGE('',*,*,#14250,.T.);
#14252=ORIENTED_EDGE('',*,*,#11694,.T.);
#14253=ORIENTED_EDGE('',*,*,#14237,.F.);
#14254=EDGE_LOOP('',(#14249,#14251,#14252,#14253));
#14255=FACE_OUTER_BOUND('',#14254,.F.);
#14256=ADVANCED_FACE('',(#14255),#14248,.F.);
#14257=CARTESIAN_POINT('',(1.610578079918E2,3.254577717439E1,
-7.096364997533E0));
#14258=DIRECTION('',(-9.689177035558E-1,-2.473832729514E-1,0.E0));
#14259=DIRECTION('',(-2.473832729514E-1,9.689177035558E-1,0.E0));
#14260=AXIS2_PLACEMENT_3D('',#14257,#14258,#14259);
#14261=PLANE('',#14260);
#14262=ORIENTED_EDGE('',*,*,#10712,.F.);
#14263=ORIENTED_EDGE('',*,*,#14018,.T.);
#14264=ORIENTED_EDGE('',*,*,#11696,.T.);
#14265=ORIENTED_EDGE('',*,*,#14250,.F.);
#14266=EDGE_LOOP('',(#14262,#14263,#14264,#14265));
#14267=FACE_OUTER_BOUND('',#14266,.F.);
#14268=ADVANCED_FACE('',(#14267),#14261,.F.);
#14269=CARTESIAN_POINT('',(1.593131271103E2,3.375411042825E1,
-7.096364997533E0));
#14270=DIRECTION('',(0.E0,1.E0,0.E0));
#14271=DIRECTION('',(1.E0,0.E0,0.E0));
#14272=AXIS2_PLACEMENT_3D('',#14269,#14270,#14271);
#14273=PLANE('',#14272);
#14274=ORIENTED_EDGE('',*,*,#9992,.F.);
#14276=ORIENTED_EDGE('',*,*,#14275,.T.);
#14277=ORIENTED_EDGE('',*,*,#11706,.T.);
#14279=ORIENTED_EDGE('',*,*,#14278,.F.);
#14280=EDGE_LOOP('',(#14274,#14276,#14277,#14279));
#14281=FACE_OUTER_BOUND('',#14280,.F.);
#14282=ADVANCED_FACE('',(#14281),#14273,.F.);
#14283=CARTESIAN_POINT('',(1.593131271103E2,3.354577717439E1,
-7.096364997533E0));
#14284=DIRECTION('',(-1.E0,0.E0,0.E0));
#14285=DIRECTION('',(0.E0,1.E0,0.E0));
#14286=AXIS2_PLACEMENT_3D('',#14283,#14284,#14285);
#14287=PLANE('',#14286);
#14288=ORIENTED_EDGE('',*,*,#10038,.F.);
#14290=ORIENTED_EDGE('',*,*,#14289,.T.);
#14291=ORIENTED_EDGE('',*,*,#11708,.T.);
#14292=ORIENTED_EDGE('',*,*,#14275,.F.);
#14293=EDGE_LOOP('',(#14288,#14290,#14291,#14292));
#14294=FACE_OUTER_BOUND('',#14293,.F.);
#14295=ADVANCED_FACE('',(#14294),#14287,.F.);
#14296=CARTESIAN_POINT('',(1.606748291948E2,3.354577717439E1,
-7.096364997533E0));
#14297=DIRECTION('',(0.E0,-1.E0,0.E0));
#14298=DIRECTION('',(-1.E0,0.E0,0.E0));
#14299=AXIS2_PLACEMENT_3D('',#14296,#14297,#14298);
#14300=PLANE('',#14299);
#14301=ORIENTED_EDGE('',*,*,#10036,.F.);
#14303=ORIENTED_EDGE('',*,*,#14302,.T.);
#14304=ORIENTED_EDGE('',*,*,#11710,.T.);
#14305=ORIENTED_EDGE('',*,*,#14289,.F.);
#14306=EDGE_LOOP('',(#14301,#14303,#14304,#14305));
#14307=FACE_OUTER_BOUND('',#14306,.F.);
#14308=ADVANCED_FACE('',(#14307),#14300,.F.);
#14309=CARTESIAN_POINT('',(1.606748291948E2,3.375411042825E1,
-7.096364997533E0));
#14310=DIRECTION('',(1.E0,0.E0,0.E0));
#14311=DIRECTION('',(0.E0,-1.E0,0.E0));
#14312=AXIS2_PLACEMENT_3D('',#14309,#14310,#14311);
#14313=PLANE('',#14312);
#14314=ORIENTED_EDGE('',*,*,#10034,.F.);
#14316=ORIENTED_EDGE('',*,*,#14315,.T.);
#14317=ORIENTED_EDGE('',*,*,#11712,.T.);
#14318=ORIENTED_EDGE('',*,*,#14302,.F.);
#14319=EDGE_LOOP('',(#14314,#14316,#14317,#14318));
#14320=FACE_OUTER_BOUND('',#14319,.F.);
#14321=ADVANCED_FACE('',(#14320),#14313,.F.);
#14322=CARTESIAN_POINT('',(1.604620632628E2,3.375411042825E1,
-7.096364997533E0));
#14323=DIRECTION('',(0.E0,1.E0,0.E0));
#14324=DIRECTION('',(1.E0,0.E0,0.E0));
#14325=AXIS2_PLACEMENT_3D('',#14322,#14323,#14324);
#14326=PLANE('',#14325);
#14327=ORIENTED_EDGE('',*,*,#10032,.F.);
#14329=ORIENTED_EDGE('',*,*,#14328,.T.);
#14330=ORIENTED_EDGE('',*,*,#11714,.T.);
#14331=ORIENTED_EDGE('',*,*,#14315,.F.);
#14332=EDGE_LOOP('',(#14327,#14329,#14330,#14331));
#14333=FACE_OUTER_BOUND('',#14332,.F.);
#14334=ADVANCED_FACE('',(#14333),#14326,.F.);
#14335=CARTESIAN_POINT('',(1.605471696356E2,3.383744392053E1,
-7.096364997533E0));
#14336=DIRECTION('',(6.996255164452E-1,-7.145097177357E-1,0.E0));
#14337=DIRECTION('',(-7.145097177357E-1,-6.996255164452E-1,0.E0));
#14338=AXIS2_PLACEMENT_3D('',#14335,#14336,#14337);
#14339=PLANE('',#14338);
#14340=ORIENTED_EDGE('',*,*,#10030,.F.);
#14342=ORIENTED_EDGE('',*,*,#14341,.T.);
#14343=ORIENTED_EDGE('',*,*,#11716,.T.);
#14344=ORIENTED_EDGE('',*,*,#14328,.F.);
#14345=EDGE_LOOP('',(#14340,#14342,#14343,#14344));
#14346=FACE_OUTER_BOUND('',#14345,.F.);
#14347=ADVANCED_FACE('',(#14346),#14339,.F.);
#14348=CARTESIAN_POINT('',(1.606322760084E2,3.396244392053E1,
-7.096364997533E0));
#14349=DIRECTION('',(8.265992787996E-1,-5.627909312417E-1,0.E0));
#14350=DIRECTION('',(-5.627909312417E-1,-8.265992787996E-1,0.E0));
#14351=AXIS2_PLACEMENT_3D('',#14348,#14349,#14350);
#14352=PLANE('',#14351);
#14353=ORIENTED_EDGE('',*,*,#10028,.F.);
#14355=ORIENTED_EDGE('',*,*,#14354,.T.);
#14356=ORIENTED_EDGE('',*,*,#11718,.T.);
#14357=ORIENTED_EDGE('',*,*,#14341,.F.);
#14358=EDGE_LOOP('',(#14353,#14355,#14356,#14357));
#14359=FACE_OUTER_BOUND('',#14358,.F.);
#14360=ADVANCED_FACE('',(#14359),#14352,.F.);
#14361=CARTESIAN_POINT('',(1.606748291948E2,3.412911042825E1,
-7.096364997533E0));
#14362=DIRECTION('',(9.689176611437E-1,-2.473834390653E-1,0.E0));
#14363=DIRECTION('',(-2.473834390653E-1,-9.689176611437E-1,0.E0));
#14364=AXIS2_PLACEMENT_3D('',#14361,#14362,#14363);
#14365=PLANE('',#14364);
#14366=ORIENTED_EDGE('',*,*,#10026,.F.);
#14368=ORIENTED_EDGE('',*,*,#14367,.T.);
#14369=ORIENTED_EDGE('',*,*,#11720,.T.);
#14370=ORIENTED_EDGE('',*,*,#14354,.F.);
#14371=EDGE_LOOP('',(#14366,#14368,#14369,#14370));
#14372=FACE_OUTER_BOUND('',#14371,.F.);
#14373=ADVANCED_FACE('',(#14372),#14365,.F.);
#14374=CARTESIAN_POINT('',(1.606748291948E2,3.429577717439E1,
-7.096364997533E0));
#14375=DIRECTION('',(1.E0,0.E0,0.E0));
#14376=DIRECTION('',(0.E0,-1.E0,0.E0));
#14377=AXIS2_PLACEMENT_3D('',#14374,#14375,#14376);
#14378=PLANE('',#14377);
#14379=ORIENTED_EDGE('',*,*,#10024,.F.);
#14381=ORIENTED_EDGE('',*,*,#14380,.T.);
#14382=ORIENTED_EDGE('',*,*,#11722,.T.);
#14383=ORIENTED_EDGE('',*,*,#14367,.F.);
#14384=EDGE_LOOP('',(#14379,#14381,#14382,#14383));
#14385=FACE_OUTER_BOUND('',#14384,.F.);
#14386=ADVANCED_FACE('',(#14385),#14378,.F.);
#14387=CARTESIAN_POINT('',(1.606322760084E2,3.442077717439E1,
-7.096364997533E0));
#14388=DIRECTION('',(9.466499177700E-1,3.222637633772E-1,0.E0));
#14389=DIRECTION('',(3.222637633772E-1,-9.466499177700E-1,0.E0));
#14390=AXIS2_PLACEMENT_3D('',#14387,#14388,#14389);
#14391=PLANE('',#14390);
#14392=ORIENTED_EDGE('',*,*,#10022,.F.);
#14394=ORIENTED_EDGE('',*,*,#14393,.T.);
#14395=ORIENTED_EDGE('',*,*,#11724,.T.);
#14396=ORIENTED_EDGE('',*,*,#14380,.F.);
#14397=EDGE_LOOP('',(#14392,#14394,#14395,#14396));
#14398=FACE_OUTER_BOUND('',#14397,.F.);
#14399=ADVANCED_FACE('',(#14398),#14391,.F.);
#14400=CARTESIAN_POINT('',(1.605471696356E2,3.454577717439E1,
-7.096364997533E0));
#14401=DIRECTION('',(8.265992787996E-1,5.627909312417E-1,0.E0));
#14402=DIRECTION('',(5.627909312417E-1,-8.265992787996E-1,0.E0));
#14403=AXIS2_PLACEMENT_3D('',#14400,#14401,#14402);
#14404=PLANE('',#14403);
#14405=ORIENTED_EDGE('',*,*,#10020,.F.);
#14407=ORIENTED_EDGE('',*,*,#14406,.T.);
#14408=ORIENTED_EDGE('',*,*,#11726,.T.);
#14409=ORIENTED_EDGE('',*,*,#14393,.F.);
#14410=EDGE_LOOP('',(#14405,#14407,#14408,#14409));
#14411=FACE_OUTER_BOUND('',#14410,.F.);
#14412=ADVANCED_FACE('',(#14411),#14404,.F.);
#14413=CARTESIAN_POINT('',(1.604620632628E2,3.462911042825E1,
-7.096364997533E0));
#14414=DIRECTION('',(6.996244945571E-1,7.145107183351E-1,0.E0));
#14415=DIRECTION('',(7.145107183351E-1,-6.996244945571E-1,0.E0));
#14416=AXIS2_PLACEMENT_3D('',#14413,#14414,#14415);
#14417=PLANE('',#14416);
#14418=ORIENTED_EDGE('',*,*,#10018,.F.);
#14420=ORIENTED_EDGE('',*,*,#14419,.T.);
#14421=ORIENTED_EDGE('',*,*,#11728,.T.);
#14422=ORIENTED_EDGE('',*,*,#14406,.F.);
#14423=EDGE_LOOP('',(#14418,#14420,#14421,#14422));
#14424=FACE_OUTER_BOUND('',#14423,.F.);
#14425=ADVANCED_FACE('',(#14424),#14417,.F.);
#14426=CARTESIAN_POINT('',(1.603344037035E2,3.467077717439E1,
-7.096364997533E0));
#14427=DIRECTION('',(3.102805998049E-1,9.506450175458E-1,0.E0));
#14428=DIRECTION('',(9.506450175458E-1,-3.102805998049E-1,0.E0));
#14429=AXIS2_PLACEMENT_3D('',#14426,#14427,#14428);
#14430=PLANE('',#14429);
#14431=ORIENTED_EDGE('',*,*,#10016,.F.);
#14433=ORIENTED_EDGE('',*,*,#14432,.T.);
#14434=ORIENTED_EDGE('',*,*,#11730,.T.);
#14435=ORIENTED_EDGE('',*,*,#14419,.F.);
#14436=EDGE_LOOP('',(#14431,#14433,#14434,#14435));
#14437=FACE_OUTER_BOUND('',#14436,.F.);
#14438=ADVANCED_FACE('',(#14437),#14430,.F.);
#14439=CARTESIAN_POINT('',(1.601216377714E2,3.471244392053E1,
-7.096364997533E0));
#14440=DIRECTION('',(1.921832064360E-1,9.813590653599E-1,0.E0));
#14441=DIRECTION('',(9.813590653599E-1,-1.921832064360E-1,0.E0));
#14442=AXIS2_PLACEMENT_3D('',#14439,#14440,#14441);
#14443=PLANE('',#14442);
#14444=ORIENTED_EDGE('',*,*,#10014,.F.);
#14446=ORIENTED_EDGE('',*,*,#14445,.T.);
#14447=ORIENTED_EDGE('',*,*,#11732,.T.);
#14448=ORIENTED_EDGE('',*,*,#14432,.F.);
#14449=EDGE_LOOP('',(#14444,#14446,#14447,#14448));
#14450=FACE_OUTER_BOUND('',#14449,.F.);
#14451=ADVANCED_FACE('',(#14450),#14443,.F.);
#14452=CARTESIAN_POINT('',(1.593131271103E2,3.471244392053E1,
-7.096364997533E0));
#14453=DIRECTION('',(0.E0,1.E0,0.E0));
#14454=DIRECTION('',(1.E0,0.E0,0.E0));
#14455=AXIS2_PLACEMENT_3D('',#14452,#14453,#14454);
#14456=PLANE('',#14455);
#14457=ORIENTED_EDGE('',*,*,#10012,.F.);
#14459=ORIENTED_EDGE('',*,*,#14458,.T.);
#14460=ORIENTED_EDGE('',*,*,#11734,.T.);
#14461=ORIENTED_EDGE('',*,*,#14445,.F.);
#14462=EDGE_LOOP('',(#14457,#14459,#14460,#14461));
#14463=FACE_OUTER_BOUND('',#14462,.F.);
#14464=ADVANCED_FACE('',(#14463),#14456,.F.);
#14465=CARTESIAN_POINT('',(1.593131271103E2,3.450411042825E1,
-7.096364997533E0));
#14466=DIRECTION('',(-1.E0,0.E0,0.E0));
#14467=DIRECTION('',(0.E0,1.E0,0.E0));
#14468=AXIS2_PLACEMENT_3D('',#14465,#14466,#14467);
#14469=PLANE('',#14468);
#14470=ORIENTED_EDGE('',*,*,#10010,.F.);
#14472=ORIENTED_EDGE('',*,*,#14471,.T.);
#14473=ORIENTED_EDGE('',*,*,#11736,.T.);
#14474=ORIENTED_EDGE('',*,*,#14458,.F.);
#14475=EDGE_LOOP('',(#14470,#14472,#14473,#14474));
#14476=FACE_OUTER_BOUND('',#14475,.F.);
#14477=ADVANCED_FACE('',(#14476),#14469,.F.);
#14478=CARTESIAN_POINT('',(1.601216377714E2,3.450411042825E1,
-7.096364997533E0));
#14479=DIRECTION('',(0.E0,-1.E0,0.E0));
#14480=DIRECTION('',(-1.E0,0.E0,0.E0));
#14481=AXIS2_PLACEMENT_3D('',#14478,#14479,#14480);
#14482=PLANE('',#14481);
#14483=ORIENTED_EDGE('',*,*,#10008,.F.);
#14485=ORIENTED_EDGE('',*,*,#14484,.T.);
#14486=ORIENTED_EDGE('',*,*,#11738,.T.);
#14487=ORIENTED_EDGE('',*,*,#14471,.F.);
#14488=EDGE_LOOP('',(#14483,#14485,#14486,#14487));
#14489=FACE_OUTER_BOUND('',#14488,.F.);
#14490=ADVANCED_FACE('',(#14489),#14482,.F.);
#14491=CARTESIAN_POINT('',(1.603344037035E2,3.446244392053E1,
-7.096364997533E0));
#14492=DIRECTION('',(-1.921821473726E-1,-9.813592727596E-1,0.E0));
#14493=DIRECTION('',(-9.813592727596E-1,1.921821473726E-1,0.E0));
#14494=AXIS2_PLACEMENT_3D('',#14491,#14492,#14493);
#14495=PLANE('',#14494);
#14496=ORIENTED_EDGE('',*,*,#10006,.F.);
#14498=ORIENTED_EDGE('',*,*,#14497,.T.);
#14499=ORIENTED_EDGE('',*,*,#11740,.T.);
#14500=ORIENTED_EDGE('',*,*,#14484,.F.);
#14501=EDGE_LOOP('',(#14496,#14498,#14499,#14500));
#14502=FACE_OUTER_BOUND('',#14501,.F.);
#14503=ADVANCED_FACE('',(#14502),#14495,.F.);
#14504=CARTESIAN_POINT('',(1.604195100763E2,3.437911042825E1,
-7.096364997533E0));
#14505=DIRECTION('',(-6.996255164452E-1,-7.145097177357E-1,0.E0));
#14506=DIRECTION('',(-7.145097177357E-1,6.996255164452E-1,0.E0));
#14507=AXIS2_PLACEMENT_3D('',#14504,#14505,#14506);
#14508=PLANE('',#14507);
#14509=ORIENTED_EDGE('',*,*,#10004,.F.);
#14511=ORIENTED_EDGE('',*,*,#14510,.T.);
#14512=ORIENTED_EDGE('',*,*,#11742,.T.);
#14513=ORIENTED_EDGE('',*,*,#14497,.F.);
#14514=EDGE_LOOP('',(#14509,#14511,#14512,#14513));
#14515=FACE_OUTER_BOUND('',#14514,.F.);
#14516=ADVANCED_FACE('',(#14515),#14508,.F.);
#14517=CARTESIAN_POINT('',(1.604620632628E2,3.429577717439E1,
-7.096364997533E0));
#14518=DIRECTION('',(-8.906051112017E-1,-4.547774575564E-1,0.E0));
#14519=DIRECTION('',(-4.547774575564E-1,8.906051112017E-1,0.E0));
#14520=AXIS2_PLACEMENT_3D('',#14517,#14518,#14519);
#14521=PLANE('',#14520);
#14522=ORIENTED_EDGE('',*,*,#10002,.F.);
#14524=ORIENTED_EDGE('',*,*,#14523,.T.);
#14525=ORIENTED_EDGE('',*,*,#11744,.T.);
#14526=ORIENTED_EDGE('',*,*,#14510,.F.);
#14527=EDGE_LOOP('',(#14522,#14524,#14525,#14526));
#14528=FACE_OUTER_BOUND('',#14527,.F.);
#14529=ADVANCED_FACE('',(#14528),#14521,.F.);
#14530=CARTESIAN_POINT('',(1.605046164492E2,3.412911042825E1,
-7.096364997533E0));
#14531=DIRECTION('',(-9.689177459678E-1,-2.473831068378E-1,0.E0));
#14532=DIRECTION('',(-2.473831068378E-1,9.689177459678E-1,0.E0));
#14533=AXIS2_PLACEMENT_3D('',#14530,#14531,#14532);
#14534=PLANE('',#14533);
#14535=ORIENTED_EDGE('',*,*,#10000,.F.);
#14537=ORIENTED_EDGE('',*,*,#14536,.T.);
#14538=ORIENTED_EDGE('',*,*,#11746,.T.);
#14539=ORIENTED_EDGE('',*,*,#14523,.F.);
#14540=EDGE_LOOP('',(#14535,#14537,#14538,#14539));
#14541=FACE_OUTER_BOUND('',#14540,.F.);
#14542=ADVANCED_FACE('',(#14541),#14534,.F.);
#14543=CARTESIAN_POINT('',(1.604620632628E2,3.396244392053E1,
-7.096364997533E0));
#14544=DIRECTION('',(-9.689176611437E-1,2.473834390653E-1,0.E0));
#14545=DIRECTION('',(2.473834390653E-1,9.689176611437E-1,0.E0));
#14546=AXIS2_PLACEMENT_3D('',#14543,#14544,#14545);
#14547=PLANE('',#14546);
#14548=ORIENTED_EDGE('',*,*,#9998,.F.);
#14550=ORIENTED_EDGE('',*,*,#14549,.T.);
#14551=ORIENTED_EDGE('',*,*,#11748,.T.);
#14552=ORIENTED_EDGE('',*,*,#14536,.F.);
#14553=EDGE_LOOP('',(#14548,#14550,#14551,#14552));
#14554=FACE_OUTER_BOUND('',#14553,.F.);
#14555=ADVANCED_FACE('',(#14554),#14547,.F.);
#14556=CARTESIAN_POINT('',(1.603769568899E2,3.383744392053E1,
-7.096364997533E0));
#14557=DIRECTION('',(-8.265992787996E-1,5.627909312417E-1,0.E0));
#14558=DIRECTION('',(5.627909312417E-1,8.265992787996E-1,0.E0));
#14559=AXIS2_PLACEMENT_3D('',#14556,#14557,#14558);
#14560=PLANE('',#14559);
#14561=ORIENTED_EDGE('',*,*,#9996,.F.);
#14563=ORIENTED_EDGE('',*,*,#14562,.T.);
#14564=ORIENTED_EDGE('',*,*,#11750,.T.);
#14565=ORIENTED_EDGE('',*,*,#14549,.F.);
#14566=EDGE_LOOP('',(#14561,#14563,#14564,#14565));
#14567=FACE_OUTER_BOUND('',#14566,.F.);
#14568=ADVANCED_FACE('',(#14567),#14560,.F.);
#14569=CARTESIAN_POINT('',(1.602918505171E2,3.375411042825E1,
-7.096364997533E0));
#14570=DIRECTION('',(-6.996255164452E-1,7.145097177357E-1,0.E0));
#14571=DIRECTION('',(7.145097177357E-1,6.996255164452E-1,0.E0));
#14572=AXIS2_PLACEMENT_3D('',#14569,#14570,#14571);
#14573=PLANE('',#14572);
#14574=ORIENTED_EDGE('',*,*,#9994,.F.);
#14575=ORIENTED_EDGE('',*,*,#14278,.T.);
#14576=ORIENTED_EDGE('',*,*,#11752,.T.);
#14577=ORIENTED_EDGE('',*,*,#14562,.F.);
#14578=EDGE_LOOP('',(#14574,#14575,#14576,#14577));
#14579=FACE_OUTER_BOUND('',#14578,.F.);
#14580=ADVANCED_FACE('',(#14579),#14573,.F.);
#14581=CARTESIAN_POINT('',(1.593131271103E2,3.525411042825E1,
-7.096364997533E0));
#14582=DIRECTION('',(0.E0,1.E0,0.E0));
#14583=DIRECTION('',(1.E0,0.E0,0.E0));
#14584=AXIS2_PLACEMENT_3D('',#14581,#14582,#14583);
#14585=PLANE('',#14584);
#14586=ORIENTED_EDGE('',*,*,#10042,.F.);
#14588=ORIENTED_EDGE('',*,*,#14587,.T.);
#14589=ORIENTED_EDGE('',*,*,#11762,.T.);
#14591=ORIENTED_EDGE('',*,*,#14590,.F.);
#14592=EDGE_LOOP('',(#14586,#14588,#14589,#14591));
#14593=FACE_OUTER_BOUND('',#14592,.F.);
#14594=ADVANCED_FACE('',(#14593),#14585,.F.);
#14595=CARTESIAN_POINT('',(1.593131271103E2,3.504577717439E1,
-7.096364997533E0));
#14596=DIRECTION('',(-1.E0,0.E0,0.E0));
#14597=DIRECTION('',(0.E0,1.E0,0.E0));
#14598=AXIS2_PLACEMENT_3D('',#14595,#14596,#14597);
#14599=PLANE('',#14598);
#14600=ORIENTED_EDGE('',*,*,#10048,.F.);
#14602=ORIENTED_EDGE('',*,*,#14601,.T.);
#14603=ORIENTED_EDGE('',*,*,#11764,.T.);
#14604=ORIENTED_EDGE('',*,*,#14587,.F.);
#14605=EDGE_LOOP('',(#14600,#14602,#14603,#14604));
#14606=FACE_OUTER_BOUND('',#14605,.F.);
#14607=ADVANCED_FACE('',(#14606),#14599,.F.);
#14608=CARTESIAN_POINT('',(1.595258930722E2,3.504577717439E1,
-7.096364997533E0));
#14609=DIRECTION('',(0.E0,-1.E0,0.E0));
#14610=DIRECTION('',(-1.E0,0.E0,0.E0));
#14611=AXIS2_PLACEMENT_3D('',#14608,#14609,#14610);
#14612=PLANE('',#14611);
#14613=ORIENTED_EDGE('',*,*,#10046,.F.);
#14615=ORIENTED_EDGE('',*,*,#14614,.T.);
#14616=ORIENTED_EDGE('',*,*,#11766,.T.);
#14617=ORIENTED_EDGE('',*,*,#14601,.F.);
#14618=EDGE_LOOP('',(#14613,#14615,#14616,#14617));
#14619=FACE_OUTER_BOUND('',#14618,.F.);
#14620=ADVANCED_FACE('',(#14619),#14612,.F.);
#14621=CARTESIAN_POINT('',(1.595258930722E2,3.525411042825E1,
-7.096364997533E0));
#14622=DIRECTION('',(1.E0,0.E0,0.E0));
#14623=DIRECTION('',(0.E0,-1.E0,0.E0));
#14624=AXIS2_PLACEMENT_3D('',#14621,#14622,#14623);
#14625=PLANE('',#14624);
#14626=ORIENTED_EDGE('',*,*,#10044,.F.);
#14627=ORIENTED_EDGE('',*,*,#14590,.T.);
#14628=ORIENTED_EDGE('',*,*,#11768,.T.);
#14629=ORIENTED_EDGE('',*,*,#14614,.F.);
#14630=EDGE_LOOP('',(#14626,#14627,#14628,#14629));
#14631=FACE_OUTER_BOUND('',#14630,.F.);
#14632=ADVANCED_FACE('',(#14631),#14625,.F.);
#14633=CARTESIAN_POINT('',(1.603344037035E2,3.525411042825E1,
-7.096364997533E0));
#14634=DIRECTION('',(0.E0,1.E0,0.E0));
#14635=DIRECTION('',(1.E0,0.E0,0.E0));
#14636=AXIS2_PLACEMENT_3D('',#14633,#14634,#14635);
#14637=PLANE('',#14636);
#14638=ORIENTED_EDGE('',*,*,#10052,.F.);
#14640=ORIENTED_EDGE('',*,*,#14639,.T.);
#14641=ORIENTED_EDGE('',*,*,#11778,.T.);
#14643=ORIENTED_EDGE('',*,*,#14642,.F.);
#14644=EDGE_LOOP('',(#14638,#14640,#14641,#14643));
#14645=FACE_OUTER_BOUND('',#14644,.F.);
#14646=ADVANCED_FACE('',(#14645),#14637,.F.);
#14647=CARTESIAN_POINT('',(1.603344037035E2,3.504577717439E1,
-7.096364997533E0));
#14648=DIRECTION('',(-1.E0,0.E0,0.E0));
#14649=DIRECTION('',(0.E0,1.E0,0.E0));
#14650=AXIS2_PLACEMENT_3D('',#14647,#14648,#14649);
#14651=PLANE('',#14650);
#14652=ORIENTED_EDGE('',*,*,#10058,.F.);
#14654=ORIENTED_EDGE('',*,*,#14653,.T.);
#14655=ORIENTED_EDGE('',*,*,#11780,.T.);
#14656=ORIENTED_EDGE('',*,*,#14639,.F.);
#14657=EDGE_LOOP('',(#14652,#14654,#14655,#14656));
#14658=FACE_OUTER_BOUND('',#14657,.F.);
#14659=ADVANCED_FACE('',(#14658),#14651,.F.);
#14660=CARTESIAN_POINT('',(1.605471696356E2,3.504577717439E1,
-7.096364997533E0));
#14661=DIRECTION('',(0.E0,-1.E0,0.E0));
#14662=DIRECTION('',(-1.E0,0.E0,0.E0));
#14663=AXIS2_PLACEMENT_3D('',#14660,#14661,#14662);
#14664=PLANE('',#14663);
#14665=ORIENTED_EDGE('',*,*,#10056,.F.);
#14667=ORIENTED_EDGE('',*,*,#14666,.T.);
#14668=ORIENTED_EDGE('',*,*,#11782,.T.);
#14669=ORIENTED_EDGE('',*,*,#14653,.F.);
#14670=EDGE_LOOP('',(#14665,#14667,#14668,#14669));
#14671=FACE_OUTER_BOUND('',#14670,.F.);
#14672=ADVANCED_FACE('',(#14671),#14664,.F.);
#14673=CARTESIAN_POINT('',(1.605471696356E2,3.525411042825E1,
-7.096364997533E0));
#14674=DIRECTION('',(1.E0,0.E0,0.E0));
#14675=DIRECTION('',(0.E0,-1.E0,0.E0));
#14676=AXIS2_PLACEMENT_3D('',#14673,#14674,#14675);
#14677=PLANE('',#14676);
#14678=ORIENTED_EDGE('',*,*,#10054,.F.);
#14679=ORIENTED_EDGE('',*,*,#14642,.T.);
#14680=ORIENTED_EDGE('',*,*,#11784,.T.);
#14681=ORIENTED_EDGE('',*,*,#14666,.F.);
#14682=EDGE_LOOP('',(#14678,#14679,#14680,#14681));
#14683=FACE_OUTER_BOUND('',#14682,.F.);
#14684=ADVANCED_FACE('',(#14683),#14677,.F.);
#14685=CARTESIAN_POINT('',(1.603344037035E2,3.779577717439E1,
-7.096364997533E0));
#14686=DIRECTION('',(-4.397121427660E-1,8.981387596046E-1,0.E0));
#14687=DIRECTION('',(8.981387596046E-1,4.397121427660E-1,0.E0));
#14688=AXIS2_PLACEMENT_3D('',#14685,#14686,#14687);
#14689=PLANE('',#14688);
#14690=ORIENTED_EDGE('',*,*,#10062,.F.);
#14692=ORIENTED_EDGE('',*,*,#14691,.T.);
#14693=ORIENTED_EDGE('',*,*,#11794,.T.);
#14695=ORIENTED_EDGE('',*,*,#14694,.F.);
#14696=EDGE_LOOP('',(#14690,#14692,#14693,#14695));
#14697=FACE_OUTER_BOUND('',#14696,.F.);
#14698=ADVANCED_FACE('',(#14697),#14689,.F.);
#14699=CARTESIAN_POINT('',(1.602492973307E2,3.783744368211E1,
-7.096364997533E0));
#14700=DIRECTION('',(4.397121427660E-1,8.981387596046E-1,0.E0));
#14701=DIRECTION('',(8.981387596046E-1,-4.397121427660E-1,0.E0));
#14702=AXIS2_PLACEMENT_3D('',#14699,#14700,#14701);
#14703=PLANE('',#14702);
#14704=ORIENTED_EDGE('',*,*,#10148,.F.);
#14706=ORIENTED_EDGE('',*,*,#14705,.T.);
#14707=ORIENTED_EDGE('',*,*,#11796,.T.);
#14708=ORIENTED_EDGE('',*,*,#14691,.F.);
#14709=EDGE_LOOP('',(#14704,#14706,#14707,#14708));
#14710=FACE_OUTER_BOUND('',#14709,.F.);
#14711=ADVANCED_FACE('',(#14710),#14703,.F.);
#14712=CARTESIAN_POINT('',(1.601641909578E2,3.796244368211E1,
-7.096364997533E0));
#14713=DIRECTION('',(8.265992787996E-1,5.627909312417E-1,0.E0));
#14714=DIRECTION('',(5.627909312417E-1,-8.265992787996E-1,0.E0));
#14715=AXIS2_PLACEMENT_3D('',#14712,#14713,#14714);
#14716=PLANE('',#14715);
#14717=ORIENTED_EDGE('',*,*,#10146,.F.);
#14719=ORIENTED_EDGE('',*,*,#14718,.T.);
#14720=ORIENTED_EDGE('',*,*,#11798,.T.);
#14721=ORIENTED_EDGE('',*,*,#14705,.F.);
#14722=EDGE_LOOP('',(#14717,#14719,#14720,#14721));
#14723=FACE_OUTER_BOUND('',#14722,.F.);
#14724=ADVANCED_FACE('',(#14723),#14716,.F.);
#14725=CARTESIAN_POINT('',(1.599514249662E2,3.867077717439E1,
-7.096364997533E0));
#14726=DIRECTION('',(9.577272617248E-1,2.876777574807E-1,0.E0));
#14727=DIRECTION('',(2.876777574807E-1,-9.577272617248E-1,0.E0));
#14728=AXIS2_PLACEMENT_3D('',#14725,#14726,#14727);
#14729=PLANE('',#14728);
#14730=ORIENTED_EDGE('',*,*,#10144,.F.);
#14732=ORIENTED_EDGE('',*,*,#14731,.T.);
#14733=ORIENTED_EDGE('',*,*,#11800,.T.);
#14734=ORIENTED_EDGE('',*,*,#14718,.F.);
#14735=EDGE_LOOP('',(#14730,#14732,#14733,#14734));
#14736=FACE_OUTER_BOUND('',#14735,.F.);
#14737=ADVANCED_FACE('',(#14736),#14729,.F.);
#14738=CARTESIAN_POINT('',(1.598237654069E2,3.883744368211E1,
-7.096364997533E0));
#14739=DIRECTION('',(7.938779010506E-1,6.080771975856E-1,0.E0));
#14740=DIRECTION('',(6.080771975856E-1,-7.938779010506E-1,0.E0));
#14741=AXIS2_PLACEMENT_3D('',#14738,#14739,#14740);
#14742=PLANE('',#14741);
#14743=ORIENTED_EDGE('',*,*,#10142,.F.);
#14745=ORIENTED_EDGE('',*,*,#14744,.T.);
#14746=ORIENTED_EDGE('',*,*,#11802,.T.);
#14747=ORIENTED_EDGE('',*,*,#14731,.F.);
#14748=EDGE_LOOP('',(#14743,#14745,#14746,#14747));
#14749=FACE_OUTER_BOUND('',#14748,.F.);
#14750=ADVANCED_FACE('',(#14749),#14742,.F.);
#14751=CARTESIAN_POINT('',(1.596535526314E2,3.892077717439E1,
-7.096364997533E0));
#14752=DIRECTION('',(4.397141102494E-1,8.981377963584E-1,0.E0));
#14753=DIRECTION('',(8.981377963584E-1,-4.397141102494E-1,0.E0));
#14754=AXIS2_PLACEMENT_3D('',#14751,#14752,#14753);
#14755=PLANE('',#14754);
#14756=ORIENTED_EDGE('',*,*,#10140,.F.);
#14758=ORIENTED_EDGE('',*,*,#14757,.T.);
#14759=ORIENTED_EDGE('',*,*,#11804,.T.);
#14760=ORIENTED_EDGE('',*,*,#14744,.F.);
#14761=EDGE_LOOP('',(#14756,#14758,#14759,#14760));
#14762=FACE_OUTER_BOUND('',#14761,.F.);
#14763=ADVANCED_FACE('',(#14762),#14755,.F.);
#14764=CARTESIAN_POINT('',(1.595684462586E2,3.892077717439E1,
-7.096364997533E0));
#14765=DIRECTION('',(0.E0,1.E0,0.E0));
#14766=DIRECTION('',(1.E0,0.E0,0.E0));
#14767=AXIS2_PLACEMENT_3D('',#14764,#14765,#14766);
#14768=PLANE('',#14767);
#14769=ORIENTED_EDGE('',*,*,#10138,.F.);
#14771=ORIENTED_EDGE('',*,*,#14770,.T.);
#14772=ORIENTED_EDGE('',*,*,#11806,.T.);
#14773=ORIENTED_EDGE('',*,*,#14757,.F.);
#14774=EDGE_LOOP('',(#14769,#14771,#14772,#14773));
#14775=FACE_OUTER_BOUND('',#14774,.F.);
#14776=ADVANCED_FACE('',(#14775),#14768,.F.);
#14777=CARTESIAN_POINT('',(1.594407866845E2,3.883744368211E1,
-7.096364997533E0));
#14778=DIRECTION('',(-5.466232329611E-1,8.373786725175E-1,0.E0));
#14779=DIRECTION('',(8.373786725175E-1,5.466232329611E-1,0.E0));
#14780=AXIS2_PLACEMENT_3D('',#14777,#14778,#14779);
#14781=PLANE('',#14780);
#14782=ORIENTED_EDGE('',*,*,#10136,.F.);
#14784=ORIENTED_EDGE('',*,*,#14783,.T.);
#14785=ORIENTED_EDGE('',*,*,#11808,.T.);
#14786=ORIENTED_EDGE('',*,*,#14770,.F.);
#14787=EDGE_LOOP('',(#14782,#14784,#14785,#14786));
#14788=FACE_OUTER_BOUND('',#14787,.F.);
#14789=ADVANCED_FACE('',(#14788),#14781,.F.);
#14790=CARTESIAN_POINT('',(1.593556803004E2,3.867077717439E1,
-7.096364997533E0));
#14791=DIRECTION('',(-8.906050870136E-1,4.547775049247E-1,0.E0));
#14792=DIRECTION('',(4.547775049247E-1,8.906050870136E-1,0.E0));
#14793=AXIS2_PLACEMENT_3D('',#14790,#14791,#14792);
#14794=PLANE('',#14793);
#14795=ORIENTED_EDGE('',*,*,#10134,.F.);
#14797=ORIENTED_EDGE('',*,*,#14796,.T.);
#14798=ORIENTED_EDGE('',*,*,#11810,.T.);
#14799=ORIENTED_EDGE('',*,*,#14783,.F.);
#14800=EDGE_LOOP('',(#14795,#14797,#14798,#14799));
#14801=FACE_OUTER_BOUND('',#14800,.F.);
#14802=ADVANCED_FACE('',(#14801),#14794,.F.);
#14803=CARTESIAN_POINT('',(1.593131271103E2,3.842077717439E1,
-7.096364997533E0));
#14804=DIRECTION('',(-9.858211706631E-1,1.677993428846E-1,0.E0));
#14805=DIRECTION('',(1.677993428846E-1,9.858211706631E-1,0.E0));
#14806=AXIS2_PLACEMENT_3D('',#14803,#14804,#14805);
#14807=PLANE('',#14806);
#14808=ORIENTED_EDGE('',*,*,#10132,.F.);
#14810=ORIENTED_EDGE('',*,*,#14809,.T.);
#14811=ORIENTED_EDGE('',*,*,#11812,.T.);
#14812=ORIENTED_EDGE('',*,*,#14796,.F.);
#14813=EDGE_LOOP('',(#14808,#14810,#14811,#14812));
#14814=FACE_OUTER_BOUND('',#14813,.F.);
#14815=ADVANCED_FACE('',(#14814),#14807,.F.);
#14816=CARTESIAN_POINT('',(1.593131271103E2,3.817077717439E1,
-7.096364997533E0));
#14817=DIRECTION('',(-1.E0,0.E0,0.E0));
#14818=DIRECTION('',(0.E0,1.E0,0.E0));
#14819=AXIS2_PLACEMENT_3D('',#14816,#14817,#14818);
#14820=PLANE('',#14819);
#14821=ORIENTED_EDGE('',*,*,#10130,.F.);
#14823=ORIENTED_EDGE('',*,*,#14822,.T.);
#14824=ORIENTED_EDGE('',*,*,#11814,.T.);
#14825=ORIENTED_EDGE('',*,*,#14809,.F.);
#14826=EDGE_LOOP('',(#14821,#14823,#14824,#14825));
#14827=FACE_OUTER_BOUND('',#14826,.F.);
#14828=ADVANCED_FACE('',(#14827),#14820,.F.);
#14829=CARTESIAN_POINT('',(1.593556803004E2,3.792077717439E1,
-7.096364997533E0));
#14830=DIRECTION('',(-9.858211706631E-1,-1.677993428846E-1,0.E0));
#14831=DIRECTION('',(-1.677993428846E-1,9.858211706631E-1,0.E0));
#14832=AXIS2_PLACEMENT_3D('',#14829,#14830,#14831);
#14833=PLANE('',#14832);
#14834=ORIENTED_EDGE('',*,*,#10128,.F.);
#14836=ORIENTED_EDGE('',*,*,#14835,.T.);
#14837=ORIENTED_EDGE('',*,*,#11816,.T.);
#14838=ORIENTED_EDGE('',*,*,#14822,.F.);
#14839=EDGE_LOOP('',(#14834,#14836,#14837,#14838));
#14840=FACE_OUTER_BOUND('',#14839,.F.);
#14841=ADVANCED_FACE('',(#14840),#14833,.F.);
#14842=CARTESIAN_POINT('',(1.593982334906E2,3.779577717439E1,
-7.096364997533E0));
#14843=DIRECTION('',(-9.466499091632E-1,-3.222637886596E-1,0.E0));
#14844=DIRECTION('',(-3.222637886596E-1,9.466499091632E-1,0.E0));
#14845=AXIS2_PLACEMENT_3D('',#14842,#14843,#14844);
#14846=PLANE('',#14845);
#14847=ORIENTED_EDGE('',*,*,#10126,.F.);
#14849=ORIENTED_EDGE('',*,*,#14848,.T.);
#14850=ORIENTED_EDGE('',*,*,#11818,.T.);
#14851=ORIENTED_EDGE('',*,*,#14835,.F.);
#14852=EDGE_LOOP('',(#14847,#14849,#14850,#14851));
#14853=FACE_OUTER_BOUND('',#14852,.F.);
#14854=ADVANCED_FACE('',(#14853),#14846,.F.);
#14855=CARTESIAN_POINT('',(1.594833398709E2,3.767077717439E1,
-7.096364997533E0));
#14856=DIRECTION('',(-8.265992558795E-1,-5.627909649057E-1,0.E0));
#14857=DIRECTION('',(-5.627909649057E-1,8.265992558795E-1,0.E0));
#14858=AXIS2_PLACEMENT_3D('',#14855,#14856,#14857);
#14859=PLANE('',#14858);
#14860=ORIENTED_EDGE('',*,*,#10124,.F.);
#14862=ORIENTED_EDGE('',*,*,#14861,.T.);
#14863=ORIENTED_EDGE('',*,*,#11820,.T.);
#14864=ORIENTED_EDGE('',*,*,#14848,.F.);
#14865=EDGE_LOOP('',(#14860,#14862,#14863,#14864));
#14866=FACE_OUTER_BOUND('',#14865,.F.);
#14867=ADVANCED_FACE('',(#14866),#14859,.F.);
#14868=CARTESIAN_POINT('',(1.596535526314E2,3.758744368211E1,
-7.096364997533E0));
#14869=DIRECTION('',(-4.397141413010E-1,-8.981377811560E-1,0.E0));
#14870=DIRECTION('',(-8.981377811560E-1,4.397141413010E-1,0.E0));
#14871=AXIS2_PLACEMENT_3D('',#14868,#14869,#14870);
#14872=PLANE('',#14871);
#14873=ORIENTED_EDGE('',*,*,#10122,.F.);
#14875=ORIENTED_EDGE('',*,*,#14874,.T.);
#14876=ORIENTED_EDGE('',*,*,#11822,.T.);
#14877=ORIENTED_EDGE('',*,*,#14861,.F.);
#14878=EDGE_LOOP('',(#14873,#14875,#14876,#14877));
#14879=FACE_OUTER_BOUND('',#14878,.F.);
#14880=ADVANCED_FACE('',(#14879),#14872,.F.);
#14881=CARTESIAN_POINT('',(1.596535526314E2,3.779577717439E1,
-7.096364997533E0));
#14882=DIRECTION('',(1.E0,0.E0,0.E0));
#14883=DIRECTION('',(0.E0,-1.E0,0.E0));
#14884=AXIS2_PLACEMENT_3D('',#14881,#14882,#14883);
#14885=PLANE('',#14884);
#14886=ORIENTED_EDGE('',*,*,#10120,.F.);
#14888=ORIENTED_EDGE('',*,*,#14887,.T.);
#14889=ORIENTED_EDGE('',*,*,#11824,.T.);
#14890=ORIENTED_EDGE('',*,*,#14874,.F.);
#14891=EDGE_LOOP('',(#14886,#14888,#14889,#14890));
#14892=FACE_OUTER_BOUND('',#14891,.F.);
#14893=ADVANCED_FACE('',(#14892),#14885,.F.);
#14894=CARTESIAN_POINT('',(1.595684462586E2,3.783744368211E1,
-7.096364997533E0));
#14895=DIRECTION('',(4.397121427660E-1,8.981387596046E-1,0.E0));
#14896=DIRECTION('',(8.981387596046E-1,-4.397121427660E-1,0.E0));
#14897=AXIS2_PLACEMENT_3D('',#14894,#14895,#14896);
#14898=PLANE('',#14897);
#14899=ORIENTED_EDGE('',*,*,#10118,.F.);
#14901=ORIENTED_EDGE('',*,*,#14900,.T.);
#14902=ORIENTED_EDGE('',*,*,#11826,.T.);
#14903=ORIENTED_EDGE('',*,*,#14887,.F.);
#14904=EDGE_LOOP('',(#14899,#14901,#14902,#14903));
#14905=FACE_OUTER_BOUND('',#14904,.F.);
#14906=ADVANCED_FACE('',(#14905),#14898,.F.);
#14907=CARTESIAN_POINT('',(1.595258930722E2,3.792077717439E1,
-7.096364997533E0));
#14908=DIRECTION('',(8.906056381928E-1,4.547764255314E-1,0.E0));
#14909=DIRECTION('',(4.547764255314E-1,-8.906056381928E-1,0.E0));
#14910=AXIS2_PLACEMENT_3D('',#14907,#14908,#14909);
#14911=PLANE('',#14910);
#14912=ORIENTED_EDGE('',*,*,#10116,.F.);
#14914=ORIENTED_EDGE('',*,*,#14913,.T.);
#14915=ORIENTED_EDGE('',*,*,#11828,.T.);
#14916=ORIENTED_EDGE('',*,*,#14900,.F.);
#14917=EDGE_LOOP('',(#14912,#14914,#14915,#14916));
#14918=FACE_OUTER_BOUND('',#14917,.F.);
#14919=ADVANCED_FACE('',(#14918),#14911,.F.);
#14920=CARTESIAN_POINT('',(1.594833398709E2,3.817077717439E1,
-7.096364997533E0));
#14921=DIRECTION('',(9.858211633731E-1,1.677993857134E-1,0.E0));
#14922=DIRECTION('',(1.677993857134E-1,-9.858211633731E-1,0.E0));
#14923=AXIS2_PLACEMENT_3D('',#14920,#14921,#14922);
#14924=PLANE('',#14923);
#14925=ORIENTED_EDGE('',*,*,#10114,.F.);
#14927=ORIENTED_EDGE('',*,*,#14926,.T.);
#14928=ORIENTED_EDGE('',*,*,#11830,.T.);
#14929=ORIENTED_EDGE('',*,*,#14913,.F.);
#14930=EDGE_LOOP('',(#14925,#14927,#14928,#14929));
#14931=FACE_OUTER_BOUND('',#14930,.F.);
#14932=ADVANCED_FACE('',(#14931),#14924,.F.);
#14933=CARTESIAN_POINT('',(1.594833398709E2,3.842077717439E1,
-7.096364997533E0));
#14934=DIRECTION('',(1.E0,0.E0,0.E0));
#14935=DIRECTION('',(0.E0,-1.E0,0.E0));
#14936=AXIS2_PLACEMENT_3D('',#14933,#14934,#14935);
#14937=PLANE('',#14936);
#14938=ORIENTED_EDGE('',*,*,#10112,.F.);
#14940=ORIENTED_EDGE('',*,*,#14939,.T.);
#14941=ORIENTED_EDGE('',*,*,#11832,.T.);
#14942=ORIENTED_EDGE('',*,*,#14926,.F.);
#14943=EDGE_LOOP('',(#14938,#14940,#14941,#14942));
#14944=FACE_OUTER_BOUND('',#14943,.F.);
#14945=ADVANCED_FACE('',(#14944),#14937,.F.);
#14946=CARTESIAN_POINT('',(1.595258930722E2,3.858744368211E1,
-7.096364997533E0));
#14947=DIRECTION('',(9.689176403795E-1,-2.473835203918E-1,0.E0));
#14948=DIRECTION('',(-2.473835203918E-1,-9.689176403795E-1,0.E0));
#14949=AXIS2_PLACEMENT_3D('',#14946,#14947,#14948);
#14950=PLANE('',#14949);
#14951=ORIENTED_EDGE('',*,*,#10110,.F.);
#14953=ORIENTED_EDGE('',*,*,#14952,.T.);
#14954=ORIENTED_EDGE('',*,*,#11834,.T.);
#14955=ORIENTED_EDGE('',*,*,#14939,.F.);
#14956=EDGE_LOOP('',(#14951,#14953,#14954,#14955));
#14957=FACE_OUTER_BOUND('',#14956,.F.);
#14958=ADVANCED_FACE('',(#14957),#14950,.F.);
#14959=CARTESIAN_POINT('',(1.595684462586E2,3.867077717439E1,
-7.096364997533E0));
#14960=DIRECTION('',(8.906056381928E-1,-4.547764255314E-1,0.E0));
#14961=DIRECTION('',(-4.547764255314E-1,-8.906056381928E-1,0.E0));
#14962=AXIS2_PLACEMENT_3D('',#14959,#14960,#14961);
#14963=PLANE('',#14962);
#14964=ORIENTED_EDGE('',*,*,#10108,.F.);
#14966=ORIENTED_EDGE('',*,*,#14965,.T.);
#14967=ORIENTED_EDGE('',*,*,#11836,.T.);
#14968=ORIENTED_EDGE('',*,*,#14952,.F.);
#14969=EDGE_LOOP('',(#14964,#14966,#14967,#14968));
#14970=FACE_OUTER_BOUND('',#14969,.F.);
#14971=ADVANCED_FACE('',(#14970),#14963,.F.);
#14972=CARTESIAN_POINT('',(1.596535526314E2,3.871244368211E1,
-7.096364997533E0));
#14973=DIRECTION('',(4.397121427660E-1,-8.981387596046E-1,0.E0));
#14974=DIRECTION('',(-8.981387596046E-1,-4.397121427660E-1,0.E0));
#14975=AXIS2_PLACEMENT_3D('',#14972,#14973,#14974);
#14976=PLANE('',#14975);
#14977=ORIENTED_EDGE('',*,*,#10106,.F.);
#14979=ORIENTED_EDGE('',*,*,#14978,.T.);
#14980=ORIENTED_EDGE('',*,*,#11838,.T.);
#14981=ORIENTED_EDGE('',*,*,#14965,.F.);
#14982=EDGE_LOOP('',(#14977,#14979,#14980,#14981));
#14983=FACE_OUTER_BOUND('',#14982,.F.);
#14984=ADVANCED_FACE('',(#14983),#14976,.F.);
#14985=CARTESIAN_POINT('',(1.597386590341E2,3.867077717439E1,
-7.096364997533E0));
#14986=DIRECTION('',(-4.397120185598E-1,-8.981388204137E-1,0.E0));
#14987=DIRECTION('',(-8.981388204137E-1,4.397120185598E-1,0.E0));
#14988=AXIS2_PLACEMENT_3D('',#14985,#14986,#14987);
#14989=PLANE('',#14988);
#14990=ORIENTED_EDGE('',*,*,#10104,.F.);
#14992=ORIENTED_EDGE('',*,*,#14991,.T.);
#14993=ORIENTED_EDGE('',*,*,#11840,.T.);
#14994=ORIENTED_EDGE('',*,*,#14978,.F.);
#14995=EDGE_LOOP('',(#14990,#14992,#14993,#14994));
#14996=FACE_OUTER_BOUND('',#14995,.F.);
#14997=ADVANCED_FACE('',(#14996),#14989,.F.);
#14998=CARTESIAN_POINT('',(1.598237654069E2,3.854577717439E1,
-7.096364997533E0));
#14999=DIRECTION('',(-8.265992787996E-1,-5.627909312417E-1,0.E0));
#15000=DIRECTION('',(-5.627909312417E-1,8.265992787996E-1,0.E0));
#15001=AXIS2_PLACEMENT_3D('',#14998,#14999,#15000);
#15002=PLANE('',#15001);
#15003=ORIENTED_EDGE('',*,*,#10102,.F.);
#15005=ORIENTED_EDGE('',*,*,#15004,.T.);
#15006=ORIENTED_EDGE('',*,*,#11842,.T.);
#15007=ORIENTED_EDGE('',*,*,#14991,.F.);
#15008=EDGE_LOOP('',(#15003,#15005,#15006,#15007));
#15009=FACE_OUTER_BOUND('',#15008,.F.);
#15010=ADVANCED_FACE('',(#15009),#15002,.F.);
#15011=CARTESIAN_POINT('',(1.600365313390E2,3.783744368211E1,
-7.096364997533E0));
#15012=DIRECTION('',(-9.577272839289E-1,-2.876776835597E-1,0.E0));
#15013=DIRECTION('',(-2.876776835597E-1,9.577272839289E-1,0.E0));
#15014=AXIS2_PLACEMENT_3D('',#15011,#15012,#15013);
#15015=PLANE('',#15014);
#15016=ORIENTED_EDGE('',*,*,#10100,.F.);
#15018=ORIENTED_EDGE('',*,*,#15017,.T.);
#15019=ORIENTED_EDGE('',*,*,#11844,.T.);
#15020=ORIENTED_EDGE('',*,*,#15004,.F.);
#15021=EDGE_LOOP('',(#15016,#15018,#15019,#15020));
#15022=FACE_OUTER_BOUND('',#15021,.F.);
#15023=ADVANCED_FACE('',(#15022),#15015,.F.);
#15024=CARTESIAN_POINT('',(1.601641909578E2,3.767077717439E1,
-7.096364997533E0));
#15025=DIRECTION('',(-7.938777639946E-1,-6.080773765196E-1,0.E0));
#15026=DIRECTION('',(-6.080773765196E-1,7.938777639946E-1,0.E0));
#15027=AXIS2_PLACEMENT_3D('',#15024,#15025,#15026);
#15028=PLANE('',#15027);
#15029=ORIENTED_EDGE('',*,*,#10098,.F.);
#15031=ORIENTED_EDGE('',*,*,#15030,.T.);
#15032=ORIENTED_EDGE('',*,*,#11846,.T.);
#15033=ORIENTED_EDGE('',*,*,#15017,.F.);
#15034=EDGE_LOOP('',(#15029,#15031,#15032,#15033));
#15035=FACE_OUTER_BOUND('',#15034,.F.);
#15036=ADVANCED_FACE('',(#15035),#15028,.F.);
#15037=CARTESIAN_POINT('',(1.603344037035E2,3.758744368211E1,
-7.096364997533E0));
#15038=DIRECTION('',(-4.397141723527E-1,-8.981377659536E-1,0.E0));
#15039=DIRECTION('',(-8.981377659536E-1,4.397141723527E-1,0.E0));
#15040=AXIS2_PLACEMENT_3D('',#15037,#15038,#15039);
#15041=PLANE('',#15040);
#15042=ORIENTED_EDGE('',*,*,#10096,.F.);
#15044=ORIENTED_EDGE('',*,*,#15043,.T.);
#15045=ORIENTED_EDGE('',*,*,#11848,.T.);
#15046=ORIENTED_EDGE('',*,*,#15030,.F.);
#15047=EDGE_LOOP('',(#15042,#15044,#15045,#15046));
#15048=FACE_OUTER_BOUND('',#15047,.F.);
#15049=ADVANCED_FACE('',(#15048),#15041,.F.);
#15050=CARTESIAN_POINT('',(1.604195100763E2,3.758744368211E1,
-7.096364997533E0));
#15051=DIRECTION('',(0.E0,-1.E0,0.E0));
#15052=DIRECTION('',(-1.E0,0.E0,0.E0));
#15053=AXIS2_PLACEMENT_3D('',#15050,#15051,#15052);
#15054=PLANE('',#15053);
#15055=ORIENTED_EDGE('',*,*,#10094,.F.);
#15057=ORIENTED_EDGE('',*,*,#15056,.T.);
#15058=ORIENTED_EDGE('',*,*,#11850,.T.);
#15059=ORIENTED_EDGE('',*,*,#15043,.F.);
#15060=EDGE_LOOP('',(#15055,#15057,#15058,#15059));
#15061=FACE_OUTER_BOUND('',#15060,.F.);
#15062=ADVANCED_FACE('',(#15061),#15054,.F.);
#15063=CARTESIAN_POINT('',(1.605471696356E2,3.767077717439E1,
-7.096364997533E0));
#15064=DIRECTION('',(5.466232777014E-1,-8.373786433120E-1,0.E0));
#15065=DIRECTION('',(-8.373786433120E-1,-5.466232777014E-1,0.E0));
#15066=AXIS2_PLACEMENT_3D('',#15063,#15064,#15065);
#15067=PLANE('',#15066);
#15068=ORIENTED_EDGE('',*,*,#10092,.F.);
#15070=ORIENTED_EDGE('',*,*,#15069,.T.);
#15071=ORIENTED_EDGE('',*,*,#11852,.T.);
#15072=ORIENTED_EDGE('',*,*,#15056,.F.);
#15073=EDGE_LOOP('',(#15068,#15070,#15071,#15072));
#15074=FACE_OUTER_BOUND('',#15073,.F.);
#15075=ADVANCED_FACE('',(#15074),#15067,.F.);
#15076=CARTESIAN_POINT('',(1.606322760084E2,3.783744368211E1,
-7.096364997533E0));
#15077=DIRECTION('',(8.906051112017E-1,-4.547774575564E-1,0.E0));
#15078=DIRECTION('',(-4.547774575564E-1,-8.906051112017E-1,0.E0));
#15079=AXIS2_PLACEMENT_3D('',#15076,#15077,#15078);
#15080=PLANE('',#15079);
#15081=ORIENTED_EDGE('',*,*,#10090,.F.);
#15083=ORIENTED_EDGE('',*,*,#15082,.T.);
#15084=ORIENTED_EDGE('',*,*,#11854,.T.);
#15085=ORIENTED_EDGE('',*,*,#15069,.F.);
#15086=EDGE_LOOP('',(#15081,#15083,#15084,#15085));
#15087=FACE_OUTER_BOUND('',#15086,.F.);
#15088=ADVANCED_FACE('',(#15087),#15080,.F.);
#15089=CARTESIAN_POINT('',(1.606748291948E2,3.808744368211E1,
-7.096364997533E0));
#15090=DIRECTION('',(9.858211730931E-1,-1.677993286083E-1,0.E0));
#15091=DIRECTION('',(-1.677993286083E-1,-9.858211730931E-1,0.E0));
#15092=AXIS2_PLACEMENT_3D('',#15089,#15090,#15091);
#15093=PLANE('',#15092);
#15094=ORIENTED_EDGE('',*,*,#10088,.F.);
#15096=ORIENTED_EDGE('',*,*,#15095,.T.);
#15097=ORIENTED_EDGE('',*,*,#11856,.T.);
#15098=ORIENTED_EDGE('',*,*,#15082,.F.);
#15099=EDGE_LOOP('',(#15094,#15096,#15097,#15098));
#15100=FACE_OUTER_BOUND('',#15099,.F.);
#15101=ADVANCED_FACE('',(#15100),#15093,.F.);
#15102=CARTESIAN_POINT('',(1.606748291948E2,3.833744368211E1,
-7.096364997533E0));
#15103=DIRECTION('',(1.E0,0.E0,0.E0));
#15104=DIRECTION('',(0.E0,-1.E0,0.E0));
#15105=AXIS2_PLACEMENT_3D('',#15102,#15103,#15104);
#15106=PLANE('',#15105);
#15107=ORIENTED_EDGE('',*,*,#10086,.F.);
#15109=ORIENTED_EDGE('',*,*,#15108,.T.);
#15110=ORIENTED_EDGE('',*,*,#11858,.T.);
#15111=ORIENTED_EDGE('',*,*,#15095,.F.);
#15112=EDGE_LOOP('',(#15107,#15109,#15110,#15111));
#15113=FACE_OUTER_BOUND('',#15112,.F.);
#15114=ADVANCED_FACE('',(#15113),#15106,.F.);
#15115=CARTESIAN_POINT('',(1.606322760084E2,3.858744368211E1,
-7.096364997533E0));
#15116=DIRECTION('',(9.858211730931E-1,1.677993286083E-1,0.E0));
#15117=DIRECTION('',(1.677993286083E-1,-9.858211730931E-1,0.E0));
#15118=AXIS2_PLACEMENT_3D('',#15115,#15116,#15117);
#15119=PLANE('',#15118);
#15120=ORIENTED_EDGE('',*,*,#10084,.F.);
#15122=ORIENTED_EDGE('',*,*,#15121,.T.);
#15123=ORIENTED_EDGE('',*,*,#11860,.T.);
#15124=ORIENTED_EDGE('',*,*,#15108,.F.);
#15125=EDGE_LOOP('',(#15120,#15122,#15123,#15124));
#15126=FACE_OUTER_BOUND('',#15125,.F.);
#15127=ADVANCED_FACE('',(#15126),#15119,.F.);
#15128=CARTESIAN_POINT('',(1.605897228220E2,3.871244368211E1,
-7.096364997533E0));
#15129=DIRECTION('',(9.466499177700E-1,3.222637633772E-1,0.E0));
#15130=DIRECTION('',(3.222637633772E-1,-9.466499177700E-1,0.E0));
#15131=AXIS2_PLACEMENT_3D('',#15128,#15129,#15130);
#15132=PLANE('',#15131);
#15133=ORIENTED_EDGE('',*,*,#10082,.F.);
#15135=ORIENTED_EDGE('',*,*,#15134,.T.);
#15136=ORIENTED_EDGE('',*,*,#11862,.T.);
#15137=ORIENTED_EDGE('',*,*,#15121,.F.);
#15138=EDGE_LOOP('',(#15133,#15135,#15136,#15137));
#15139=FACE_OUTER_BOUND('',#15138,.F.);
#15140=ADVANCED_FACE('',(#15139),#15132,.F.);
#15141=CARTESIAN_POINT('',(1.605046164492E2,3.883744368211E1,
-7.096364997533E0));
#15142=DIRECTION('',(8.265992787996E-1,5.627909312417E-1,0.E0));
#15143=DIRECTION('',(5.627909312417E-1,-8.265992787996E-1,0.E0));
#15144=AXIS2_PLACEMENT_3D('',#15141,#15142,#15143);
#15145=PLANE('',#15144);
#15146=ORIENTED_EDGE('',*,*,#10080,.F.);
#15148=ORIENTED_EDGE('',*,*,#15147,.T.);
#15149=ORIENTED_EDGE('',*,*,#11864,.T.);
#15150=ORIENTED_EDGE('',*,*,#15134,.F.);
#15151=EDGE_LOOP('',(#15146,#15148,#15149,#15150));
#15152=FACE_OUTER_BOUND('',#15151,.F.);
#15153=ADVANCED_FACE('',(#15152),#15145,.F.);
#15154=CARTESIAN_POINT('',(1.603344037035E2,3.892077717439E1,
-7.096364997533E0));
#15155=DIRECTION('',(4.397141723527E-1,8.981377659536E-1,0.E0));
#15156=DIRECTION('',(8.981377659536E-1,-4.397141723527E-1,0.E0));
#15157=AXIS2_PLACEMENT_3D('',#15154,#15155,#15156);
#15158=PLANE('',#15157);
#15159=ORIENTED_EDGE('',*,*,#10078,.F.);
#15161=ORIENTED_EDGE('',*,*,#15160,.T.);
#15162=ORIENTED_EDGE('',*,*,#11866,.T.);
#15163=ORIENTED_EDGE('',*,*,#15147,.F.);
#15164=EDGE_LOOP('',(#15159,#15161,#15162,#15163));
#15165=FACE_OUTER_BOUND('',#15164,.F.);
#15166=ADVANCED_FACE('',(#15165),#15158,.F.);
#15167=CARTESIAN_POINT('',(1.603344037035E2,3.871244368211E1,
-7.096364997533E0));
#15168=DIRECTION('',(-1.E0,0.E0,0.E0));
#15169=DIRECTION('',(0.E0,1.E0,0.E0));
#15170=AXIS2_PLACEMENT_3D('',#15167,#15168,#15169);
#15171=PLANE('',#15170);
#15172=ORIENTED_EDGE('',*,*,#10076,.F.);
#15174=ORIENTED_EDGE('',*,*,#15173,.T.);
#15175=ORIENTED_EDGE('',*,*,#11868,.T.);
#15176=ORIENTED_EDGE('',*,*,#15160,.F.);
#15177=EDGE_LOOP('',(#15172,#15174,#15175,#15176));
#15178=FACE_OUTER_BOUND('',#15177,.F.);
#15179=ADVANCED_FACE('',(#15178),#15171,.F.);
#15180=CARTESIAN_POINT('',(1.604195100763E2,3.867077717439E1,
-7.096364997533E0));
#15181=DIRECTION('',(-4.397121427660E-1,-8.981387596046E-1,0.E0));
#15182=DIRECTION('',(-8.981387596046E-1,4.397121427660E-1,0.E0));
#15183=AXIS2_PLACEMENT_3D('',#15180,#15181,#15182);
#15184=PLANE('',#15183);
#15185=ORIENTED_EDGE('',*,*,#10074,.F.);
#15187=ORIENTED_EDGE('',*,*,#15186,.T.);
#15188=ORIENTED_EDGE('',*,*,#11870,.T.);
#15189=ORIENTED_EDGE('',*,*,#15173,.F.);
#15190=EDGE_LOOP('',(#15185,#15187,#15188,#15189));
#15191=FACE_OUTER_BOUND('',#15190,.F.);
#15192=ADVANCED_FACE('',(#15191),#15184,.F.);
#15193=CARTESIAN_POINT('',(1.604620632628E2,3.858744368211E1,
-7.096364997533E0));
#15194=DIRECTION('',(-8.906056381928E-1,-4.547764255314E-1,0.E0));
#15195=DIRECTION('',(-4.547764255314E-1,8.906056381928E-1,0.E0));
#15196=AXIS2_PLACEMENT_3D('',#15193,#15194,#15195);
#15197=PLANE('',#15196);
#15198=ORIENTED_EDGE('',*,*,#10072,.F.);
#15200=ORIENTED_EDGE('',*,*,#15199,.T.);
#15201=ORIENTED_EDGE('',*,*,#11872,.T.);
#15202=ORIENTED_EDGE('',*,*,#15186,.F.);
#15203=EDGE_LOOP('',(#15198,#15200,#15201,#15202));
#15204=FACE_OUTER_BOUND('',#15203,.F.);
#15205=ADVANCED_FACE('',(#15204),#15197,.F.);
#15206=CARTESIAN_POINT('',(1.605046164492E2,3.833744368211E1,
-7.096364997533E0));
#15207=DIRECTION('',(-9.858211730931E-1,-1.677993286083E-1,0.E0));
#15208=DIRECTION('',(-1.677993286083E-1,9.858211730931E-1,0.E0));
#15209=AXIS2_PLACEMENT_3D('',#15206,#15207,#15208);
#15210=PLANE('',#15209);
#15211=ORIENTED_EDGE('',*,*,#10070,.F.);
#15213=ORIENTED_EDGE('',*,*,#15212,.T.);
#15214=ORIENTED_EDGE('',*,*,#11874,.T.);
#15215=ORIENTED_EDGE('',*,*,#15199,.F.);
#15216=EDGE_LOOP('',(#15211,#15213,#15214,#15215));
#15217=FACE_OUTER_BOUND('',#15216,.F.);
#15218=ADVANCED_FACE('',(#15217),#15210,.F.);
#15219=CARTESIAN_POINT('',(1.605046164492E2,3.808744368211E1,
-7.096364997533E0));
#15220=DIRECTION('',(-1.E0,0.E0,0.E0));
#15221=DIRECTION('',(0.E0,1.E0,0.E0));
#15222=AXIS2_PLACEMENT_3D('',#15219,#15220,#15221);
#15223=PLANE('',#15222);
#15224=ORIENTED_EDGE('',*,*,#10068,.F.);
#15226=ORIENTED_EDGE('',*,*,#15225,.T.);
#15227=ORIENTED_EDGE('',*,*,#11876,.T.);
#15228=ORIENTED_EDGE('',*,*,#15212,.F.);
#15229=EDGE_LOOP('',(#15224,#15226,#15227,#15228));
#15230=FACE_OUTER_BOUND('',#15229,.F.);
#15231=ADVANCED_FACE('',(#15230),#15223,.F.);
#15232=CARTESIAN_POINT('',(1.604620632628E2,3.792077717439E1,
-7.096364997533E0));
#15233=DIRECTION('',(-9.689176611437E-1,2.473834390653E-1,0.E0));
#15234=DIRECTION('',(2.473834390653E-1,9.689176611437E-1,0.E0));
#15235=AXIS2_PLACEMENT_3D('',#15232,#15233,#15234);
#15236=PLANE('',#15235);
#15237=ORIENTED_EDGE('',*,*,#10066,.F.);
#15239=ORIENTED_EDGE('',*,*,#15238,.T.);
#15240=ORIENTED_EDGE('',*,*,#11878,.T.);
#15241=ORIENTED_EDGE('',*,*,#15225,.F.);
#15242=EDGE_LOOP('',(#15237,#15239,#15240,#15241));
#15243=FACE_OUTER_BOUND('',#15242,.F.);
#15244=ADVANCED_FACE('',(#15243),#15236,.F.);
#15245=CARTESIAN_POINT('',(1.604195100763E2,3.783744368211E1,
-7.096364997533E0));
#15246=DIRECTION('',(-8.906056381928E-1,4.547764255314E-1,0.E0));
#15247=DIRECTION('',(4.547764255314E-1,8.906056381928E-1,0.E0));
#15248=AXIS2_PLACEMENT_3D('',#15245,#15246,#15247);
#15249=PLANE('',#15248);
#15250=ORIENTED_EDGE('',*,*,#10064,.F.);
#15251=ORIENTED_EDGE('',*,*,#14694,.T.);
#15252=ORIENTED_EDGE('',*,*,#11880,.T.);
#15253=ORIENTED_EDGE('',*,*,#15238,.F.);
#15254=EDGE_LOOP('',(#15250,#15251,#15252,#15253));
#15255=FACE_OUTER_BOUND('',#15254,.F.);
#15256=ADVANCED_FACE('',(#15255),#15249,.F.);
#15257=CARTESIAN_POINT('',(1.593131271103E2,3.946244368211E1,
-7.096364997533E0));
#15258=DIRECTION('',(0.E0,1.E0,0.E0));
#15259=DIRECTION('',(1.E0,0.E0,0.E0));
#15260=AXIS2_PLACEMENT_3D('',#15257,#15258,#15259);
#15261=PLANE('',#15260);
#15262=ORIENTED_EDGE('',*,*,#10152,.F.);
#15264=ORIENTED_EDGE('',*,*,#15263,.T.);
#15265=ORIENTED_EDGE('',*,*,#11890,.T.);
#15267=ORIENTED_EDGE('',*,*,#15266,.F.);
#15268=EDGE_LOOP('',(#15262,#15264,#15265,#15267));
#15269=FACE_OUTER_BOUND('',#15268,.F.);
#15270=ADVANCED_FACE('',(#15269),#15261,.F.);
#15271=CARTESIAN_POINT('',(1.593131271103E2,3.925411066667E1,
-7.096364997533E0));
#15272=DIRECTION('',(-1.E0,0.E0,0.E0));
#15273=DIRECTION('',(0.E0,1.E0,0.E0));
#15274=AXIS2_PLACEMENT_3D('',#15271,#15272,#15273);
#15275=PLANE('',#15274);
#15276=ORIENTED_EDGE('',*,*,#10198,.F.);
#15278=ORIENTED_EDGE('',*,*,#15277,.T.);
#15279=ORIENTED_EDGE('',*,*,#11892,.T.);
#15280=ORIENTED_EDGE('',*,*,#15263,.F.);
#15281=EDGE_LOOP('',(#15276,#15278,#15279,#15280));
#15282=FACE_OUTER_BOUND('',#15281,.F.);
#15283=ADVANCED_FACE('',(#15282),#15275,.F.);
#15284=CARTESIAN_POINT('',(1.613131271103E2,3.925411066667E1,
-7.096364997533E0));
#15285=DIRECTION('',(0.E0,-1.E0,0.E0));
#15286=DIRECTION('',(-1.E0,0.E0,0.E0));
#15287=AXIS2_PLACEMENT_3D('',#15284,#15285,#15286);
#15288=PLANE('',#15287);
#15289=ORIENTED_EDGE('',*,*,#10196,.F.);
#15291=ORIENTED_EDGE('',*,*,#15290,.T.);
#15292=ORIENTED_EDGE('',*,*,#11894,.T.);
#15293=ORIENTED_EDGE('',*,*,#15277,.F.);
#15294=EDGE_LOOP('',(#15289,#15291,#15292,#15293));
#15295=FACE_OUTER_BOUND('',#15294,.F.);
#15296=ADVANCED_FACE('',(#15295),#15288,.F.);
#15297=CARTESIAN_POINT('',(1.613131271103E2,3.946244368211E1,
-7.096364997533E0));
#15298=DIRECTION('',(1.E0,0.E0,0.E0));
#15299=DIRECTION('',(0.E0,-1.E0,0.E0));
#15300=AXIS2_PLACEMENT_3D('',#15297,#15298,#15299);
#15301=PLANE('',#15300);
#15302=ORIENTED_EDGE('',*,*,#10194,.F.);
#15304=ORIENTED_EDGE('',*,*,#15303,.T.);
#15305=ORIENTED_EDGE('',*,*,#11896,.T.);
#15306=ORIENTED_EDGE('',*,*,#15290,.F.);
#15307=EDGE_LOOP('',(#15302,#15304,#15305,#15306));
#15308=FACE_OUTER_BOUND('',#15307,.F.);
#15309=ADVANCED_FACE('',(#15308),#15301,.F.);
#15310=CARTESIAN_POINT('',(1.604620632628E2,3.946244368211E1,
-7.096364997533E0));
#15311=DIRECTION('',(0.E0,1.E0,0.E0));
#15312=DIRECTION('',(1.E0,0.E0,0.E0));
#15313=AXIS2_PLACEMENT_3D('',#15310,#15311,#15312);
#15314=PLANE('',#15313);
#15315=ORIENTED_EDGE('',*,*,#10192,.F.);
#15317=ORIENTED_EDGE('',*,*,#15316,.T.);
#15318=ORIENTED_EDGE('',*,*,#11898,.T.);
#15319=ORIENTED_EDGE('',*,*,#15303,.F.);
#15320=EDGE_LOOP('',(#15315,#15317,#15318,#15319));
#15321=FACE_OUTER_BOUND('',#15320,.F.);
#15322=ADVANCED_FACE('',(#15321),#15314,.F.);
#15323=CARTESIAN_POINT('',(1.605471696356E2,3.954577717439E1,
-7.096364997533E0));
#15324=DIRECTION('',(6.996255164452E-1,-7.145097177357E-1,0.E0));
#15325=DIRECTION('',(-7.145097177357E-1,-6.996255164452E-1,0.E0));
#15326=AXIS2_PLACEMENT_3D('',#15323,#15324,#15325);
#15327=PLANE('',#15326);
#15328=ORIENTED_EDGE('',*,*,#10190,.F.);
#15330=ORIENTED_EDGE('',*,*,#15329,.T.);
#15331=ORIENTED_EDGE('',*,*,#11900,.T.);
#15332=ORIENTED_EDGE('',*,*,#15316,.F.);
#15333=EDGE_LOOP('',(#15328,#15330,#15331,#15332));
#15334=FACE_OUTER_BOUND('',#15333,.F.);
#15335=ADVANCED_FACE('',(#15334),#15327,.F.);
#15336=CARTESIAN_POINT('',(1.606322760084E2,3.967077717439E1,
-7.096364997533E0));
#15337=DIRECTION('',(8.265992787996E-1,-5.627909312417E-1,0.E0));
#15338=DIRECTION('',(-5.627909312417E-1,-8.265992787996E-1,0.E0));
#15339=AXIS2_PLACEMENT_3D('',#15336,#15337,#15338);
#15340=PLANE('',#15339);
#15341=ORIENTED_EDGE('',*,*,#10188,.F.);
#15343=ORIENTED_EDGE('',*,*,#15342,.T.);
#15344=ORIENTED_EDGE('',*,*,#11902,.T.);
#15345=ORIENTED_EDGE('',*,*,#15329,.F.);
#15346=EDGE_LOOP('',(#15341,#15343,#15344,#15345));
#15347=FACE_OUTER_BOUND('',#15346,.F.);
#15348=ADVANCED_FACE('',(#15347),#15340,.F.);
#15349=CARTESIAN_POINT('',(1.606748291948E2,3.983744415895E1,
-7.096364997533E0));
#15350=DIRECTION('',(9.689178307915E-1,-2.473827746112E-1,0.E0));
#15351=DIRECTION('',(-2.473827746112E-1,-9.689178307915E-1,0.E0));
#15352=AXIS2_PLACEMENT_3D('',#15349,#15350,#15351);
#15353=PLANE('',#15352);
#15354=ORIENTED_EDGE('',*,*,#10186,.F.);
#15356=ORIENTED_EDGE('',*,*,#15355,.T.);
#15357=ORIENTED_EDGE('',*,*,#11904,.T.);
#15358=ORIENTED_EDGE('',*,*,#15342,.F.);
#15359=EDGE_LOOP('',(#15354,#15356,#15357,#15358));
#15360=FACE_OUTER_BOUND('',#15359,.F.);
#15361=ADVANCED_FACE('',(#15360),#15353,.F.);
#15362=CARTESIAN_POINT('',(1.606748291948E2,4.000411018983E1,
-7.096364997533E0));
#15363=DIRECTION('',(1.E0,0.E0,0.E0));
#15364=DIRECTION('',(0.E0,-1.E0,0.E0));
#15365=AXIS2_PLACEMENT_3D('',#15362,#15363,#15364);
#15366=PLANE('',#15365);
#15367=ORIENTED_EDGE('',*,*,#10184,.F.);
#15369=ORIENTED_EDGE('',*,*,#15368,.T.);
#15370=ORIENTED_EDGE('',*,*,#11906,.T.);
#15371=ORIENTED_EDGE('',*,*,#15355,.F.);
#15372=EDGE_LOOP('',(#15367,#15369,#15370,#15371));
#15373=FACE_OUTER_BOUND('',#15372,.F.);
#15374=ADVANCED_FACE('',(#15373),#15366,.F.);
#15375=CARTESIAN_POINT('',(1.606322760084E2,4.012911018983E1,
-7.096364997533E0));
#15376=DIRECTION('',(9.466499177700E-1,3.222637633772E-1,0.E0));
#15377=DIRECTION('',(3.222637633772E-1,-9.466499177700E-1,0.E0));
#15378=AXIS2_PLACEMENT_3D('',#15375,#15376,#15377);
#15379=PLANE('',#15378);
#15380=ORIENTED_EDGE('',*,*,#10182,.F.);
#15382=ORIENTED_EDGE('',*,*,#15381,.T.);
#15383=ORIENTED_EDGE('',*,*,#11908,.T.);
#15384=ORIENTED_EDGE('',*,*,#15368,.F.);
#15385=EDGE_LOOP('',(#15380,#15382,#15383,#15384));
#15386=FACE_OUTER_BOUND('',#15385,.F.);
#15387=ADVANCED_FACE('',(#15386),#15379,.F.);
#15388=CARTESIAN_POINT('',(1.605471696356E2,4.025411018983E1,
-7.096364997533E0));
#15389=DIRECTION('',(8.265992787996E-1,5.627909312417E-1,0.E0));
#15390=DIRECTION('',(5.627909312417E-1,-8.265992787996E-1,0.E0));
#15391=AXIS2_PLACEMENT_3D('',#15388,#15389,#15390);
#15392=PLANE('',#15391);
#15393=ORIENTED_EDGE('',*,*,#10180,.F.);
#15395=ORIENTED_EDGE('',*,*,#15394,.T.);
#15396=ORIENTED_EDGE('',*,*,#11910,.T.);
#15397=ORIENTED_EDGE('',*,*,#15381,.F.);
#15398=EDGE_LOOP('',(#15393,#15395,#15396,#15397));
#15399=FACE_OUTER_BOUND('',#15398,.F.);
#15400=ADVANCED_FACE('',(#15399),#15392,.F.);
#15401=CARTESIAN_POINT('',(1.604620632628E2,4.033744415895E1,
-7.096364997533E0));
#15402=DIRECTION('',(6.996275602085E-1,7.145077165410E-1,0.E0));
#15403=DIRECTION('',(7.145077165410E-1,-6.996275602085E-1,0.E0));
#15404=AXIS2_PLACEMENT_3D('',#15401,#15402,#15403);
#15405=PLANE('',#15404);
#15406=ORIENTED_EDGE('',*,*,#10178,.F.);
#15408=ORIENTED_EDGE('',*,*,#15407,.T.);
#15409=ORIENTED_EDGE('',*,*,#11912,.T.);
#15410=ORIENTED_EDGE('',*,*,#15394,.F.);
#15411=EDGE_LOOP('',(#15406,#15408,#15409,#15410));
#15412=FACE_OUTER_BOUND('',#15411,.F.);
#15413=ADVANCED_FACE('',(#15412),#15405,.F.);
#15414=CARTESIAN_POINT('',(1.603769568899E2,4.037911018983E1,
-7.096364997533E0));
#15415=DIRECTION('',(4.397080835723E-1,8.981407468995E-1,0.E0));
#15416=DIRECTION('',(8.981407468995E-1,-4.397080835723E-1,0.E0));
#15417=AXIS2_PLACEMENT_3D('',#15414,#15415,#15416);
#15418=PLANE('',#15417);
#15419=ORIENTED_EDGE('',*,*,#10176,.F.);
#15421=ORIENTED_EDGE('',*,*,#15420,.T.);
#15422=ORIENTED_EDGE('',*,*,#11914,.T.);
#15423=ORIENTED_EDGE('',*,*,#15407,.F.);
#15424=EDGE_LOOP('',(#15419,#15421,#15422,#15423));
#15425=FACE_OUTER_BOUND('',#15424,.F.);
#15426=ADVANCED_FACE('',(#15425),#15418,.F.);
#15427=CARTESIAN_POINT('',(1.601641909578E2,4.042077717439E1,
-7.096364997533E0));
#15428=DIRECTION('',(1.921842654987E-1,9.813588579591E-1,0.E0));
#15429=DIRECTION('',(9.813588579591E-1,-1.921842654987E-1,0.E0));
#15430=AXIS2_PLACEMENT_3D('',#15427,#15428,#15429);
#15431=PLANE('',#15430);
#15432=ORIENTED_EDGE('',*,*,#10174,.F.);
#15434=ORIENTED_EDGE('',*,*,#15433,.T.);
#15435=ORIENTED_EDGE('',*,*,#11916,.T.);
#15436=ORIENTED_EDGE('',*,*,#15420,.F.);
#15437=EDGE_LOOP('',(#15432,#15434,#15435,#15436));
#15438=FACE_OUTER_BOUND('',#15437,.F.);
#15439=ADVANCED_FACE('',(#15438),#15431,.F.);
#15440=CARTESIAN_POINT('',(1.593131271103E2,4.042077717439E1,
-7.096364997533E0));
#15441=DIRECTION('',(0.E0,1.E0,0.E0));
#15442=DIRECTION('',(1.E0,0.E0,0.E0));
#15443=AXIS2_PLACEMENT_3D('',#15440,#15441,#15442);
#15444=PLANE('',#15443);
#15445=ORIENTED_EDGE('',*,*,#10172,.F.);
#15447=ORIENTED_EDGE('',*,*,#15446,.T.);
#15448=ORIENTED_EDGE('',*,*,#11918,.T.);
#15449=ORIENTED_EDGE('',*,*,#15433,.F.);
#15450=EDGE_LOOP('',(#15445,#15447,#15448,#15449));
#15451=FACE_OUTER_BOUND('',#15450,.F.);
#15452=ADVANCED_FACE('',(#15451),#15444,.F.);
#15453=CARTESIAN_POINT('',(1.593131271103E2,4.021244415895E1,
-7.096364997533E0));
#15454=DIRECTION('',(-1.E0,0.E0,0.E0));
#15455=DIRECTION('',(0.E0,1.E0,0.E0));
#15456=AXIS2_PLACEMENT_3D('',#15453,#15454,#15455);
#15457=PLANE('',#15456);
#15458=ORIENTED_EDGE('',*,*,#10170,.F.);
#15460=ORIENTED_EDGE('',*,*,#15459,.T.);
#15461=ORIENTED_EDGE('',*,*,#11920,.T.);
#15462=ORIENTED_EDGE('',*,*,#15446,.F.);
#15463=EDGE_LOOP('',(#15458,#15460,#15461,#15462));
#15464=FACE_OUTER_BOUND('',#15463,.F.);
#15465=ADVANCED_FACE('',(#15464),#15457,.F.);
#15466=CARTESIAN_POINT('',(1.601641909578E2,4.021244415895E1,
-7.096364997533E0));
#15467=DIRECTION('',(0.E0,-1.E0,0.E0));
#15468=DIRECTION('',(-1.E0,0.E0,0.E0));
#15469=AXIS2_PLACEMENT_3D('',#15466,#15467,#15468);
#15470=PLANE('',#15469);
#15471=ORIENTED_EDGE('',*,*,#10168,.F.);
#15473=ORIENTED_EDGE('',*,*,#15472,.T.);
#15474=ORIENTED_EDGE('',*,*,#11922,.T.);
#15475=ORIENTED_EDGE('',*,*,#15459,.F.);
#15476=EDGE_LOOP('',(#15471,#15473,#15474,#15475));
#15477=FACE_OUTER_BOUND('',#15476,.F.);
#15478=ADVANCED_FACE('',(#15477),#15470,.F.);
#15479=CARTESIAN_POINT('',(1.603344037035E2,4.017077717439E1,
-7.096364997533E0));
#15480=DIRECTION('',(-2.377730639603E-1,-9.713207349042E-1,0.E0));
#15481=DIRECTION('',(-9.713207349042E-1,2.377730639603E-1,0.E0));
#15482=AXIS2_PLACEMENT_3D('',#15479,#15480,#15481);
#15483=PLANE('',#15482);
#15484=ORIENTED_EDGE('',*,*,#10166,.F.);
#15486=ORIENTED_EDGE('',*,*,#15485,.T.);
#15487=ORIENTED_EDGE('',*,*,#11924,.T.);
#15488=ORIENTED_EDGE('',*,*,#15472,.F.);
#15489=EDGE_LOOP('',(#15484,#15486,#15487,#15488));
#15490=FACE_OUTER_BOUND('',#15489,.F.);
#15491=ADVANCED_FACE('',(#15490),#15483,.F.);
#15492=CARTESIAN_POINT('',(1.604195100763E2,4.008744415895E1,
-7.096364997533E0));
#15493=DIRECTION('',(-6.996234726647E-1,-7.145117189358E-1,0.E0));
#15494=DIRECTION('',(-7.145117189358E-1,6.996234726647E-1,0.E0));
#15495=AXIS2_PLACEMENT_3D('',#15492,#15493,#15494);
#15496=PLANE('',#15495);
#15497=ORIENTED_EDGE('',*,*,#10164,.F.);
#15499=ORIENTED_EDGE('',*,*,#15498,.T.);
#15500=ORIENTED_EDGE('',*,*,#11926,.T.);
#15501=ORIENTED_EDGE('',*,*,#15485,.F.);
#15502=EDGE_LOOP('',(#15497,#15499,#15500,#15501));
#15503=FACE_OUTER_BOUND('',#15502,.F.);
#15504=ADVANCED_FACE('',(#15503),#15496,.F.);
#15505=CARTESIAN_POINT('',(1.604620632628E2,4.000411018983E1,
-7.096364997533E0));
#15506=DIRECTION('',(-8.906066921644E-1,-4.547743614938E-1,0.E0));
#15507=DIRECTION('',(-4.547743614938E-1,8.906066921644E-1,0.E0));
#15508=AXIS2_PLACEMENT_3D('',#15505,#15506,#15507);
#15509=PLANE('',#15508);
#15510=ORIENTED_EDGE('',*,*,#10162,.F.);
#15512=ORIENTED_EDGE('',*,*,#15511,.T.);
#15513=ORIENTED_EDGE('',*,*,#11928,.T.);
#15514=ORIENTED_EDGE('',*,*,#15498,.F.);
#15515=EDGE_LOOP('',(#15510,#15512,#15513,#15514));
#15516=FACE_OUTER_BOUND('',#15515,.F.);
#15517=ADVANCED_FACE('',(#15516),#15509,.F.);
#15518=CARTESIAN_POINT('',(1.605046164492E2,3.983744415895E1,
-7.096364997533E0));
#15519=DIRECTION('',(-9.689174914946E-1,-2.473841035229E-1,0.E0));
#15520=DIRECTION('',(-2.473841035229E-1,9.689174914946E-1,0.E0));
#15521=AXIS2_PLACEMENT_3D('',#15518,#15519,#15520);
#15522=PLANE('',#15521);
#15523=ORIENTED_EDGE('',*,*,#10160,.F.);
#15525=ORIENTED_EDGE('',*,*,#15524,.T.);
#15526=ORIENTED_EDGE('',*,*,#11930,.T.);
#15527=ORIENTED_EDGE('',*,*,#15511,.F.);
#15528=EDGE_LOOP('',(#15523,#15525,#15526,#15527));
#15529=FACE_OUTER_BOUND('',#15528,.F.);
#15530=ADVANCED_FACE('',(#15529),#15522,.F.);
#15531=CARTESIAN_POINT('',(1.604620632628E2,3.967077717439E1,
-7.096364997533E0));
#15532=DIRECTION('',(-9.689178307915E-1,2.473827746112E-1,0.E0));
#15533=DIRECTION('',(2.473827746112E-1,9.689178307915E-1,0.E0));
#15534=AXIS2_PLACEMENT_3D('',#15531,#15532,#15533);
#15535=PLANE('',#15534);
#15536=ORIENTED_EDGE('',*,*,#10158,.F.);
#15538=ORIENTED_EDGE('',*,*,#15537,.T.);
#15539=ORIENTED_EDGE('',*,*,#11932,.T.);
#15540=ORIENTED_EDGE('',*,*,#15524,.F.);
#15541=EDGE_LOOP('',(#15536,#15538,#15539,#15540));
#15542=FACE_OUTER_BOUND('',#15541,.F.);
#15543=ADVANCED_FACE('',(#15542),#15535,.F.);
#15544=CARTESIAN_POINT('',(1.603769568899E2,3.954577717439E1,
-7.096364997533E0));
#15545=DIRECTION('',(-8.265992787996E-1,5.627909312417E-1,0.E0));
#15546=DIRECTION('',(5.627909312417E-1,8.265992787996E-1,0.E0));
#15547=AXIS2_PLACEMENT_3D('',#15544,#15545,#15546);
#15548=PLANE('',#15547);
#15549=ORIENTED_EDGE('',*,*,#10156,.F.);
#15551=ORIENTED_EDGE('',*,*,#15550,.T.);
#15552=ORIENTED_EDGE('',*,*,#11934,.T.);
#15553=ORIENTED_EDGE('',*,*,#15537,.F.);
#15554=EDGE_LOOP('',(#15549,#15551,#15552,#15553));
#15555=FACE_OUTER_BOUND('',#15554,.F.);
#15556=ADVANCED_FACE('',(#15555),#15548,.F.);
#15557=CARTESIAN_POINT('',(1.602918505171E2,3.946244368211E1,
-7.096364997533E0));
#15558=DIRECTION('',(-6.996255164452E-1,7.145097177357E-1,0.E0));
#15559=DIRECTION('',(7.145097177357E-1,6.996255164452E-1,0.E0));
#15560=AXIS2_PLACEMENT_3D('',#15557,#15558,#15559);
#15561=PLANE('',#15560);
#15562=ORIENTED_EDGE('',*,*,#10154,.F.);
#15563=ORIENTED_EDGE('',*,*,#15266,.T.);
#15564=ORIENTED_EDGE('',*,*,#11936,.T.);
#15565=ORIENTED_EDGE('',*,*,#15550,.F.);
#15566=EDGE_LOOP('',(#15562,#15563,#15564,#15565));
#15567=FACE_OUTER_BOUND('',#15566,.F.);
#15568=ADVANCED_FACE('',(#15567),#15561,.F.);
#15569=CARTESIAN_POINT('',(1.593131271103E2,4.125411018983E1,
-7.096364997533E0));
#15570=DIRECTION('',(-1.E0,0.E0,0.E0));
#15571=DIRECTION('',(0.E0,1.E0,0.E0));
#15572=AXIS2_PLACEMENT_3D('',#15569,#15570,#15571);
#15573=PLANE('',#15572);
#15574=ORIENTED_EDGE('',*,*,#10202,.F.);
#15576=ORIENTED_EDGE('',*,*,#15575,.T.);
#15577=ORIENTED_EDGE('',*,*,#11946,.T.);
#15579=ORIENTED_EDGE('',*,*,#15578,.F.);
#15580=EDGE_LOOP('',(#15574,#15576,#15577,#15579));
#15581=FACE_OUTER_BOUND('',#15580,.F.);
#15582=ADVANCED_FACE('',(#15581),#15573,.F.);
#15583=CARTESIAN_POINT('',(1.593556803004E2,4.108744415895E1,
-7.096364997533E0));
#15584=DIRECTION('',(-9.689174863035E-1,-2.473841238545E-1,0.E0));
#15585=DIRECTION('',(-2.473841238545E-1,9.689174863035E-1,0.E0));
#15586=AXIS2_PLACEMENT_3D('',#15583,#15584,#15585);
#15587=PLANE('',#15586);
#15588=ORIENTED_EDGE('',*,*,#10252,.F.);
#15590=ORIENTED_EDGE('',*,*,#15589,.T.);
#15591=ORIENTED_EDGE('',*,*,#11948,.T.);
#15592=ORIENTED_EDGE('',*,*,#15575,.F.);
#15593=EDGE_LOOP('',(#15588,#15590,#15591,#15592));
#15594=FACE_OUTER_BOUND('',#15593,.F.);
#15595=ADVANCED_FACE('',(#15594),#15587,.F.);
#15596=CARTESIAN_POINT('',(1.593982334906E2,4.100411018983E1,
-7.096364997533E0));
#15597=DIRECTION('',(-8.906066760391E-1,-4.547743930726E-1,0.E0));
#15598=DIRECTION('',(-4.547743930726E-1,8.906066760391E-1,0.E0));
#15599=AXIS2_PLACEMENT_3D('',#15596,#15597,#15598);
#15600=PLANE('',#15599);
#15601=ORIENTED_EDGE('',*,*,#10250,.F.);
#15603=ORIENTED_EDGE('',*,*,#15602,.T.);
#15604=ORIENTED_EDGE('',*,*,#11950,.T.);
#15605=ORIENTED_EDGE('',*,*,#15589,.F.);
#15606=EDGE_LOOP('',(#15601,#15603,#15604,#15605));
#15607=FACE_OUTER_BOUND('',#15606,.F.);
#15608=ADVANCED_FACE('',(#15607),#15600,.F.);
#15609=CARTESIAN_POINT('',(1.594833398709E2,4.092077717439E1,
-7.096364997533E0));
#15610=DIRECTION('',(-6.996234413959E-1,-7.145117495531E-1,0.E0));
#15611=DIRECTION('',(-7.145117495531E-1,6.996234413959E-1,0.E0));
#15612=AXIS2_PLACEMENT_3D('',#15609,#15610,#15611);
#15613=PLANE('',#15612);
#15614=ORIENTED_EDGE('',*,*,#10248,.F.);
#15616=ORIENTED_EDGE('',*,*,#15615,.T.);
#15617=ORIENTED_EDGE('',*,*,#11952,.T.);
#15618=ORIENTED_EDGE('',*,*,#15602,.F.);
#15619=EDGE_LOOP('',(#15614,#15616,#15617,#15618));
#15620=FACE_OUTER_BOUND('',#15619,.F.);
#15621=ADVANCED_FACE('',(#15620),#15613,.F.);
#15622=CARTESIAN_POINT('',(1.596109994450E2,4.083744415895E1,
-7.096364997533E0));
#15623=DIRECTION('',(-5.466210397345E-1,-8.373801042057E-1,0.E0));
#15624=DIRECTION('',(-8.373801042057E-1,5.466210397345E-1,0.E0));
#15625=AXIS2_PLACEMENT_3D('',#15622,#15623,#15624);
#15626=PLANE('',#15625);
#15627=ORIENTED_EDGE('',*,*,#10246,.F.);
#15629=ORIENTED_EDGE('',*,*,#15628,.T.);
#15630=ORIENTED_EDGE('',*,*,#11954,.T.);
#15631=ORIENTED_EDGE('',*,*,#15615,.F.);
#15632=EDGE_LOOP('',(#15627,#15629,#15630,#15631));
#15633=FACE_OUTER_BOUND('',#15632,.F.);
#15634=ADVANCED_FACE('',(#15633),#15626,.F.);
#15635=CARTESIAN_POINT('',(1.599088717797E2,4.075411018983E1,
-7.096364997533E0));
#15636=DIRECTION('',(-2.694192082545E-1,-9.630229956878E-1,0.E0));
#15637=DIRECTION('',(-9.630229956878E-1,2.694192082545E-1,0.E0));
#15638=AXIS2_PLACEMENT_3D('',#15635,#15636,#15637);
#15639=PLANE('',#15638);
#15640=ORIENTED_EDGE('',*,*,#10244,.F.);
#15642=ORIENTED_EDGE('',*,*,#15641,.T.);
#15643=ORIENTED_EDGE('',*,*,#11956,.T.);
#15644=ORIENTED_EDGE('',*,*,#15628,.F.);
#15645=EDGE_LOOP('',(#15640,#15642,#15643,#15644));
#15646=FACE_OUTER_BOUND('',#15645,.F.);
#15647=ADVANCED_FACE('',(#15646),#15639,.F.);
#15648=CARTESIAN_POINT('',(1.600790845850E2,4.075411018983E1,
-7.096364997533E0));
#15649=DIRECTION('',(0.E0,-1.E0,0.E0));
#15650=DIRECTION('',(-1.E0,0.E0,0.E0));
#15651=AXIS2_PLACEMENT_3D('',#15648,#15649,#15650);
#15652=PLANE('',#15651);
#15653=ORIENTED_EDGE('',*,*,#10242,.F.);
#15655=ORIENTED_EDGE('',*,*,#15654,.T.);
#15656=ORIENTED_EDGE('',*,*,#11958,.T.);
#15657=ORIENTED_EDGE('',*,*,#15641,.F.);
#15658=EDGE_LOOP('',(#15653,#15655,#15656,#15657));
#15659=FACE_OUTER_BOUND('',#15658,.F.);
#15660=ADVANCED_FACE('',(#15659),#15652,.F.);
#15661=CARTESIAN_POINT('',(1.602492973307E2,4.079577717439E1,
-7.096364997533E0));
#15662=DIRECTION('',(2.377730639603E-1,-9.713207349042E-1,0.E0));
#15663=DIRECTION('',(-9.713207349042E-1,-2.377730639603E-1,0.E0));
#15664=AXIS2_PLACEMENT_3D('',#15661,#15662,#15663);
#15665=PLANE('',#15664);
#15666=ORIENTED_EDGE('',*,*,#10240,.F.);
#15668=ORIENTED_EDGE('',*,*,#15667,.T.);
#15669=ORIENTED_EDGE('',*,*,#11960,.T.);
#15670=ORIENTED_EDGE('',*,*,#15654,.F.);
#15671=EDGE_LOOP('',(#15666,#15668,#15669,#15670));
#15672=FACE_OUTER_BOUND('',#15671,.F.);
#15673=ADVANCED_FACE('',(#15672),#15665,.F.);
#15674=CARTESIAN_POINT('',(1.603769568899E2,4.083744415895E1,
-7.096364997533E0));
#15675=DIRECTION('',(3.102822043116E-1,-9.506444938501E-1,0.E0));
#15676=DIRECTION('',(-9.506444938501E-1,-3.102822043116E-1,0.E0));
#15677=AXIS2_PLACEMENT_3D('',#15674,#15675,#15676);
#15678=PLANE('',#15677);
#15679=ORIENTED_EDGE('',*,*,#10238,.F.);
#15681=ORIENTED_EDGE('',*,*,#15680,.T.);
#15682=ORIENTED_EDGE('',*,*,#11962,.T.);
#15683=ORIENTED_EDGE('',*,*,#15667,.F.);
#15684=EDGE_LOOP('',(#15679,#15681,#15682,#15683));
#15685=FACE_OUTER_BOUND('',#15684,.F.);
#15686=ADVANCED_FACE('',(#15685),#15678,.F.);
#15687=CARTESIAN_POINT('',(1.605046164492E2,4.092077717439E1,
-7.096364997533E0));
#15688=DIRECTION('',(5.466210844748E-1,-8.373800750004E-1,0.E0));
#15689=DIRECTION('',(-8.373800750004E-1,-5.466210844748E-1,0.E0));
#15690=AXIS2_PLACEMENT_3D('',#15687,#15688,#15689);
#15691=PLANE('',#15690);
#15692=ORIENTED_EDGE('',*,*,#10236,.F.);
#15694=ORIENTED_EDGE('',*,*,#15693,.T.);
#15695=ORIENTED_EDGE('',*,*,#11964,.T.);
#15696=ORIENTED_EDGE('',*,*,#15680,.F.);
#15697=EDGE_LOOP('',(#15692,#15694,#15695,#15696));
#15698=FACE_OUTER_BOUND('',#15697,.F.);
#15699=ADVANCED_FACE('',(#15698),#15691,.F.);
#15700=CARTESIAN_POINT('',(1.605897228220E2,4.100411018983E1,
-7.096364997533E0));
#15701=DIRECTION('',(6.996234726647E-1,-7.145117189358E-1,0.E0));
#15702=DIRECTION('',(-7.145117189358E-1,-6.996234726647E-1,0.E0));
#15703=AXIS2_PLACEMENT_3D('',#15700,#15701,#15702);
#15704=PLANE('',#15703);
#15705=ORIENTED_EDGE('',*,*,#10234,.F.);
#15707=ORIENTED_EDGE('',*,*,#15706,.T.);
#15708=ORIENTED_EDGE('',*,*,#11966,.T.);
#15709=ORIENTED_EDGE('',*,*,#15693,.F.);
#15710=EDGE_LOOP('',(#15705,#15707,#15708,#15709));
#15711=FACE_OUTER_BOUND('',#15710,.F.);
#15712=ADVANCED_FACE('',(#15711),#15704,.F.);
#15713=CARTESIAN_POINT('',(1.606322760084E2,4.108744415895E1,
-7.096364997533E0));
#15714=DIRECTION('',(8.906066921644E-1,-4.547743614938E-1,0.E0));
#15715=DIRECTION('',(-4.547743614938E-1,-8.906066921644E-1,0.E0));
#15716=AXIS2_PLACEMENT_3D('',#15713,#15714,#15715);
#15717=PLANE('',#15716);
#15718=ORIENTED_EDGE('',*,*,#10232,.F.);
#15720=ORIENTED_EDGE('',*,*,#15719,.T.);
#15721=ORIENTED_EDGE('',*,*,#11968,.T.);
#15722=ORIENTED_EDGE('',*,*,#15706,.F.);
#15723=EDGE_LOOP('',(#15718,#15720,#15721,#15722));
#15724=FACE_OUTER_BOUND('',#15723,.F.);
#15725=ADVANCED_FACE('',(#15724),#15717,.F.);
#15726=CARTESIAN_POINT('',(1.606748291948E2,4.125411018983E1,
-7.096364997533E0));
#15727=DIRECTION('',(9.689174914946E-1,-2.473841035229E-1,0.E0));
#15728=DIRECTION('',(-2.473841035229E-1,-9.689174914946E-1,0.E0));
#15729=AXIS2_PLACEMENT_3D('',#15726,#15727,#15728);
#15730=PLANE('',#15729);
#15731=ORIENTED_EDGE('',*,*,#10230,.F.);
#15733=ORIENTED_EDGE('',*,*,#15732,.T.);
#15734=ORIENTED_EDGE('',*,*,#11970,.T.);
#15735=ORIENTED_EDGE('',*,*,#15719,.F.);
#15736=EDGE_LOOP('',(#15731,#15733,#15734,#15735));
#15737=FACE_OUTER_BOUND('',#15736,.F.);
#15738=ADVANCED_FACE('',(#15737),#15730,.F.);
#15739=CARTESIAN_POINT('',(1.606748291948E2,4.158744415895E1,
-7.096364997533E0));
#15740=DIRECTION('',(1.E0,0.E0,0.E0));
#15741=DIRECTION('',(0.E0,-1.E0,0.E0));
#15742=AXIS2_PLACEMENT_3D('',#15739,#15740,#15741);
#15743=PLANE('',#15742);
#15744=ORIENTED_EDGE('',*,*,#10228,.F.);
#15746=ORIENTED_EDGE('',*,*,#15745,.T.);
#15747=ORIENTED_EDGE('',*,*,#11972,.T.);
#15748=ORIENTED_EDGE('',*,*,#15732,.F.);
#15749=EDGE_LOOP('',(#15744,#15746,#15747,#15748));
#15750=FACE_OUTER_BOUND('',#15749,.F.);
#15751=ADVANCED_FACE('',(#15750),#15743,.F.);
#15752=CARTESIAN_POINT('',(1.606322760084E2,4.175411018983E1,
-7.096364997533E0));
#15753=DIRECTION('',(9.689174914946E-1,2.473841035229E-1,0.E0));
#15754=DIRECTION('',(2.473841035229E-1,-9.689174914946E-1,0.E0));
#15755=AXIS2_PLACEMENT_3D('',#15752,#15753,#15754);
#15756=PLANE('',#15755);
#15757=ORIENTED_EDGE('',*,*,#10226,.F.);
#15759=ORIENTED_EDGE('',*,*,#15758,.T.);
#15760=ORIENTED_EDGE('',*,*,#11974,.T.);
#15761=ORIENTED_EDGE('',*,*,#15745,.F.);
#15762=EDGE_LOOP('',(#15757,#15759,#15760,#15761));
#15763=FACE_OUTER_BOUND('',#15762,.F.);
#15764=ADVANCED_FACE('',(#15763),#15756,.F.);
#15765=CARTESIAN_POINT('',(1.605897228220E2,4.183744415895E1,
-7.096364997533E0));
#15766=DIRECTION('',(8.906066921644E-1,4.547743614938E-1,0.E0));
#15767=DIRECTION('',(4.547743614938E-1,-8.906066921644E-1,0.E0));
#15768=AXIS2_PLACEMENT_3D('',#15765,#15766,#15767);
#15769=PLANE('',#15768);
#15770=ORIENTED_EDGE('',*,*,#10224,.F.);
#15772=ORIENTED_EDGE('',*,*,#15771,.T.);
#15773=ORIENTED_EDGE('',*,*,#11976,.T.);
#15774=ORIENTED_EDGE('',*,*,#15758,.F.);
#15775=EDGE_LOOP('',(#15770,#15772,#15773,#15774));
#15776=FACE_OUTER_BOUND('',#15775,.F.);
#15777=ADVANCED_FACE('',(#15776),#15769,.F.);
#15778=CARTESIAN_POINT('',(1.605046164492E2,4.192077717439E1,
-7.096364997533E0));
#15779=DIRECTION('',(6.996234726647E-1,7.145117189358E-1,0.E0));
#15780=DIRECTION('',(7.145117189358E-1,-6.996234726647E-1,0.E0));
#15781=AXIS2_PLACEMENT_3D('',#15778,#15779,#15780);
#15782=PLANE('',#15781);
#15783=ORIENTED_EDGE('',*,*,#10222,.F.);
#15785=ORIENTED_EDGE('',*,*,#15784,.T.);
#15786=ORIENTED_EDGE('',*,*,#11978,.T.);
#15787=ORIENTED_EDGE('',*,*,#15771,.F.);
#15788=EDGE_LOOP('',(#15783,#15785,#15786,#15787));
#15789=FACE_OUTER_BOUND('',#15788,.F.);
#15790=ADVANCED_FACE('',(#15789),#15782,.F.);
#15791=CARTESIAN_POINT('',(1.603769568899E2,4.200411018983E1,
-7.096364997533E0));
#15792=DIRECTION('',(5.466210844748E-1,8.373800750004E-1,0.E0));
#15793=DIRECTION('',(8.373800750004E-1,-5.466210844748E-1,0.E0));
#15794=AXIS2_PLACEMENT_3D('',#15791,#15792,#15793);
#15795=PLANE('',#15794);
#15796=ORIENTED_EDGE('',*,*,#10220,.F.);
#15798=ORIENTED_EDGE('',*,*,#15797,.T.);
#15799=ORIENTED_EDGE('',*,*,#11980,.T.);
#15800=ORIENTED_EDGE('',*,*,#15784,.F.);
#15801=EDGE_LOOP('',(#15796,#15798,#15799,#15800));
#15802=FACE_OUTER_BOUND('',#15801,.F.);
#15803=ADVANCED_FACE('',(#15802),#15795,.F.);
#15804=CARTESIAN_POINT('',(1.602492973307E2,4.204577717439E1,
-7.096364997533E0));
#15805=DIRECTION('',(3.102822043116E-1,9.506444938501E-1,0.E0));
#15806=DIRECTION('',(9.506444938501E-1,-3.102822043116E-1,0.E0));
#15807=AXIS2_PLACEMENT_3D('',#15804,#15805,#15806);
#15808=PLANE('',#15807);
#15809=ORIENTED_EDGE('',*,*,#10218,.F.);
#15811=ORIENTED_EDGE('',*,*,#15810,.T.);
#15812=ORIENTED_EDGE('',*,*,#11982,.T.);
#15813=ORIENTED_EDGE('',*,*,#15797,.F.);
#15814=EDGE_LOOP('',(#15809,#15811,#15812,#15813));
#15815=FACE_OUTER_BOUND('',#15814,.F.);
#15816=ADVANCED_FACE('',(#15815),#15808,.F.);
#15817=CARTESIAN_POINT('',(1.600790845850E2,4.208744415895E1,
-7.096364997533E0));
#15818=DIRECTION('',(2.377730639603E-1,9.713207349042E-1,0.E0));
#15819=DIRECTION('',(9.713207349042E-1,-2.377730639603E-1,0.E0));
#15820=AXIS2_PLACEMENT_3D('',#15817,#15818,#15819);
#15821=PLANE('',#15820);
#15822=ORIENTED_EDGE('',*,*,#10216,.F.);
#15824=ORIENTED_EDGE('',*,*,#15823,.T.);
#15825=ORIENTED_EDGE('',*,*,#11984,.T.);
#15826=ORIENTED_EDGE('',*,*,#15810,.F.);
#15827=EDGE_LOOP('',(#15822,#15824,#15825,#15826));
#15828=FACE_OUTER_BOUND('',#15827,.F.);
#15829=ADVANCED_FACE('',(#15828),#15821,.F.);
#15830=CARTESIAN_POINT('',(1.599088717797E2,4.208744415895E1,
-7.096364997533E0));
#15831=DIRECTION('',(0.E0,1.E0,0.E0));
#15832=DIRECTION('',(1.E0,0.E0,0.E0));
#15833=AXIS2_PLACEMENT_3D('',#15830,#15831,#15832);
#15834=PLANE('',#15833);
#15835=ORIENTED_EDGE('',*,*,#10214,.F.);
#15837=ORIENTED_EDGE('',*,*,#15836,.T.);
#15838=ORIENTED_EDGE('',*,*,#11986,.T.);
#15839=ORIENTED_EDGE('',*,*,#15823,.F.);
#15840=EDGE_LOOP('',(#15835,#15837,#15838,#15839));
#15841=FACE_OUTER_BOUND('',#15840,.F.);
#15842=ADVANCED_FACE('',(#15841),#15834,.F.);
#15843=CARTESIAN_POINT('',(1.596109994450E2,4.200411018983E1,
-7.096364997533E0));
#15844=DIRECTION('',(-2.694192082545E-1,9.630229956878E-1,0.E0));
#15845=DIRECTION('',(9.630229956878E-1,2.694192082545E-1,0.E0));
#15846=AXIS2_PLACEMENT_3D('',#15843,#15844,#15845);
#15847=PLANE('',#15846);
#15848=ORIENTED_EDGE('',*,*,#10212,.F.);
#15850=ORIENTED_EDGE('',*,*,#15849,.T.);
#15851=ORIENTED_EDGE('',*,*,#11988,.T.);
#15852=ORIENTED_EDGE('',*,*,#15836,.F.);
#15853=EDGE_LOOP('',(#15848,#15850,#15851,#15852));
#15854=FACE_OUTER_BOUND('',#15853,.F.);
#15855=ADVANCED_FACE('',(#15854),#15847,.F.);
#15856=CARTESIAN_POINT('',(1.594833398709E2,4.192077717439E1,
-7.096364997533E0));
#15857=DIRECTION('',(-5.466210397345E-1,8.373801042057E-1,0.E0));
#15858=DIRECTION('',(8.373801042057E-1,5.466210397345E-1,0.E0));
#15859=AXIS2_PLACEMENT_3D('',#15856,#15857,#15858);
#15860=PLANE('',#15859);
#15861=ORIENTED_EDGE('',*,*,#10210,.F.);
#15863=ORIENTED_EDGE('',*,*,#15862,.T.);
#15864=ORIENTED_EDGE('',*,*,#11990,.T.);
#15865=ORIENTED_EDGE('',*,*,#15849,.F.);
#15866=EDGE_LOOP('',(#15861,#15863,#15864,#15865));
#15867=FACE_OUTER_BOUND('',#15866,.F.);
#15868=ADVANCED_FACE('',(#15867),#15860,.F.);
#15869=CARTESIAN_POINT('',(1.593982334906E2,4.183744415895E1,
-7.096364997533E0));
#15870=DIRECTION('',(-6.996234413959E-1,7.145117495531E-1,0.E0));
#15871=DIRECTION('',(7.145117495531E-1,6.996234413959E-1,0.E0));
#15872=AXIS2_PLACEMENT_3D('',#15869,#15870,#15871);
#15873=PLANE('',#15872);
#15874=ORIENTED_EDGE('',*,*,#10208,.F.);
#15876=ORIENTED_EDGE('',*,*,#15875,.T.);
#15877=ORIENTED_EDGE('',*,*,#11992,.T.);
#15878=ORIENTED_EDGE('',*,*,#15862,.F.);
#15879=EDGE_LOOP('',(#15874,#15876,#15877,#15878));
#15880=FACE_OUTER_BOUND('',#15879,.F.);
#15881=ADVANCED_FACE('',(#15880),#15873,.F.);
#15882=CARTESIAN_POINT('',(1.593556803004E2,4.175411018983E1,
-7.096364997533E0));
#15883=DIRECTION('',(-8.906066760391E-1,4.547743930726E-1,0.E0));
#15884=DIRECTION('',(4.547743930726E-1,8.906066760391E-1,0.E0));
#15885=AXIS2_PLACEMENT_3D('',#15882,#15883,#15884);
#15886=PLANE('',#15885);
#15887=ORIENTED_EDGE('',*,*,#10206,.F.);
#15889=ORIENTED_EDGE('',*,*,#15888,.T.);
#15890=ORIENTED_EDGE('',*,*,#11994,.T.);
#15891=ORIENTED_EDGE('',*,*,#15875,.F.);
#15892=EDGE_LOOP('',(#15887,#15889,#15890,#15891));
#15893=FACE_OUTER_BOUND('',#15892,.F.);
#15894=ADVANCED_FACE('',(#15893),#15886,.F.);
#15895=CARTESIAN_POINT('',(1.593131271103E2,4.158744415895E1,
-7.096364997533E0));
#15896=DIRECTION('',(-9.689174863035E-1,2.473841238545E-1,0.E0));
#15897=DIRECTION('',(2.473841238545E-1,9.689174863035E-1,0.E0));
#15898=AXIS2_PLACEMENT_3D('',#15895,#15896,#15897);
#15899=PLANE('',#15898);
#15900=ORIENTED_EDGE('',*,*,#10204,.F.);
#15901=ORIENTED_EDGE('',*,*,#15578,.T.);
#15902=ORIENTED_EDGE('',*,*,#11996,.T.);
#15903=ORIENTED_EDGE('',*,*,#15888,.F.);
#15904=EDGE_LOOP('',(#15900,#15901,#15902,#15903));
#15905=FACE_OUTER_BOUND('',#15904,.F.);
#15906=ADVANCED_FACE('',(#15905),#15899,.F.);
#15907=CARTESIAN_POINT('',(1.594833398709E2,4.133744415895E1,
-7.096364997533E0));
#15908=DIRECTION('',(9.689178100273E-1,2.473828559375E-1,0.E0));
#15909=DIRECTION('',(2.473828559375E-1,-9.689178100273E-1,0.E0));
#15910=AXIS2_PLACEMENT_3D('',#15907,#15908,#15909);
#15911=PLANE('',#15910);
#15912=ORIENTED_EDGE('',*,*,#10758,.F.);
#15914=ORIENTED_EDGE('',*,*,#15913,.T.);
#15915=ORIENTED_EDGE('',*,*,#12000,.T.);
#15917=ORIENTED_EDGE('',*,*,#15916,.F.);
#15918=EDGE_LOOP('',(#15912,#15914,#15915,#15917));
#15919=FACE_OUTER_BOUND('',#15918,.F.);
#15920=ADVANCED_FACE('',(#15919),#15911,.F.);
#15921=CARTESIAN_POINT('',(1.594833398709E2,4.150411018983E1,
-7.096364997533E0));
#15922=DIRECTION('',(1.E0,0.E0,0.E0));
#15923=DIRECTION('',(0.E0,-1.E0,0.E0));
#15924=AXIS2_PLACEMENT_3D('',#15921,#15922,#15923);
#15925=PLANE('',#15924);
#15926=ORIENTED_EDGE('',*,*,#10796,.F.);
#15928=ORIENTED_EDGE('',*,*,#15927,.T.);
#15929=ORIENTED_EDGE('',*,*,#12002,.T.);
#15930=ORIENTED_EDGE('',*,*,#15913,.F.);
#15931=EDGE_LOOP('',(#15926,#15928,#15929,#15930));
#15932=FACE_OUTER_BOUND('',#15931,.F.);
#15933=ADVANCED_FACE('',(#15932),#15925,.F.);
#15934=CARTESIAN_POINT('',(1.595258930722E2,4.167077717439E1,
-7.096364997533E0));
#15935=DIRECTION('',(9.689178100273E-1,-2.473828559375E-1,0.E0));
#15936=DIRECTION('',(-2.473828559375E-1,-9.689178100273E-1,0.E0));
#15937=AXIS2_PLACEMENT_3D('',#15934,#15935,#15936);
#15938=PLANE('',#15937);
#15939=ORIENTED_EDGE('',*,*,#10794,.F.);
#15941=ORIENTED_EDGE('',*,*,#15940,.T.);
#15942=ORIENTED_EDGE('',*,*,#12004,.T.);
#15943=ORIENTED_EDGE('',*,*,#15927,.F.);
#15944=EDGE_LOOP('',(#15939,#15941,#15942,#15943));
#15945=FACE_OUTER_BOUND('',#15944,.F.);
#15946=ADVANCED_FACE('',(#15945),#15938,.F.);
#15947=CARTESIAN_POINT('',(1.596109994450E2,4.175411018983E1,
-7.096364997533E0));
#15948=DIRECTION('',(6.996234726647E-1,-7.145117189358E-1,0.E0));
#15949=DIRECTION('',(-7.145117189358E-1,-6.996234726647E-1,0.E0));
#15950=AXIS2_PLACEMENT_3D('',#15947,#15948,#15949);
#15951=PLANE('',#15950);
#15952=ORIENTED_EDGE('',*,*,#10792,.F.);
#15954=ORIENTED_EDGE('',*,*,#15953,.T.);
#15955=ORIENTED_EDGE('',*,*,#12006,.T.);
#15956=ORIENTED_EDGE('',*,*,#15940,.F.);
#15957=EDGE_LOOP('',(#15952,#15954,#15955,#15956));
#15958=FACE_OUTER_BOUND('',#15957,.F.);
#15959=ADVANCED_FACE('',(#15958),#15951,.F.);
#15960=CARTESIAN_POINT('',(1.597386590341E2,4.183744415895E1,
-7.096364997533E0));
#15961=DIRECTION('',(5.466253814361E-1,-8.373772700341E-1,0.E0));
#15962=DIRECTION('',(-8.373772700341E-1,-5.466253814361E-1,0.E0));
#15963=AXIS2_PLACEMENT_3D('',#15960,#15961,#15962);
#15964=PLANE('',#15963);
#15965=ORIENTED_EDGE('',*,*,#10790,.F.);
#15967=ORIENTED_EDGE('',*,*,#15966,.T.);
#15968=ORIENTED_EDGE('',*,*,#12008,.T.);
#15969=ORIENTED_EDGE('',*,*,#15953,.F.);
#15970=EDGE_LOOP('',(#15965,#15967,#15968,#15969));
#15971=FACE_OUTER_BOUND('',#15970,.F.);
#15972=ADVANCED_FACE('',(#15971),#15964,.F.);
#15973=CARTESIAN_POINT('',(1.599088717797E2,4.187911018983E1,
-7.096364997533E0));
#15974=DIRECTION('',(2.377679294760E-1,-9.713219917786E-1,0.E0));
#15975=DIRECTION('',(-9.713219917786E-1,-2.377679294760E-1,0.E0));
#15976=AXIS2_PLACEMENT_3D('',#15973,#15974,#15975);
#15977=PLANE('',#15976);
#15978=ORIENTED_EDGE('',*,*,#10788,.F.);
#15980=ORIENTED_EDGE('',*,*,#15979,.T.);
#15981=ORIENTED_EDGE('',*,*,#12010,.T.);
#15982=ORIENTED_EDGE('',*,*,#15966,.F.);
#15983=EDGE_LOOP('',(#15978,#15980,#15981,#15982));
#15984=FACE_OUTER_BOUND('',#15983,.F.);
#15985=ADVANCED_FACE('',(#15984),#15977,.F.);
#15986=CARTESIAN_POINT('',(1.600790845850E2,4.187911018983E1,
-7.096364997533E0));
#15987=DIRECTION('',(0.E0,-1.E0,0.E0));
#15988=DIRECTION('',(-1.E0,0.E0,0.E0));
#15989=AXIS2_PLACEMENT_3D('',#15986,#15987,#15988);
#15990=PLANE('',#15989);
#15991=ORIENTED_EDGE('',*,*,#10786,.F.);
#15993=ORIENTED_EDGE('',*,*,#15992,.T.);
#15994=ORIENTED_EDGE('',*,*,#12012,.T.);
#15995=ORIENTED_EDGE('',*,*,#15979,.F.);
#15996=EDGE_LOOP('',(#15991,#15993,#15994,#15995));
#15997=FACE_OUTER_BOUND('',#15996,.F.);
#15998=ADVANCED_FACE('',(#15997),#15990,.F.);
#15999=CARTESIAN_POINT('',(1.602492973307E2,4.183744415895E1,
-7.096364997533E0));
#16000=DIRECTION('',(-2.377679294760E-1,-9.713219917786E-1,0.E0));
#16001=DIRECTION('',(-9.713219917786E-1,2.377679294760E-1,0.E0));
#16002=AXIS2_PLACEMENT_3D('',#15999,#16000,#16001);
#16003=PLANE('',#16002);
#16004=ORIENTED_EDGE('',*,*,#10784,.F.);
#16006=ORIENTED_EDGE('',*,*,#16005,.T.);
#16007=ORIENTED_EDGE('',*,*,#12014,.T.);
#16008=ORIENTED_EDGE('',*,*,#15992,.F.);
#16009=EDGE_LOOP('',(#16004,#16006,#16007,#16008));
#16010=FACE_OUTER_BOUND('',#16009,.F.);
#16011=ADVANCED_FACE('',(#16010),#16003,.F.);
#16012=CARTESIAN_POINT('',(1.603769568899E2,4.175411018983E1,
-7.096364997533E0));
#16013=DIRECTION('',(-5.466254709167E-1,-8.373772116227E-1,0.E0));
#16014=DIRECTION('',(-8.373772116227E-1,5.466254709167E-1,0.E0));
#16015=AXIS2_PLACEMENT_3D('',#16012,#16013,#16014);
#16016=PLANE('',#16015);
#16017=ORIENTED_EDGE('',*,*,#10782,.F.);
#16019=ORIENTED_EDGE('',*,*,#16018,.T.);
#16020=ORIENTED_EDGE('',*,*,#12016,.T.);
#16021=ORIENTED_EDGE('',*,*,#16005,.F.);
#16022=EDGE_LOOP('',(#16017,#16019,#16020,#16021));
#16023=FACE_OUTER_BOUND('',#16022,.F.);
#16024=ADVANCED_FACE('',(#16023),#16016,.F.);
#16025=CARTESIAN_POINT('',(1.604620632628E2,4.167077717439E1,
-7.096364997533E0));
#16026=DIRECTION('',(-6.996234726647E-1,-7.145117189358E-1,0.E0));
#16027=DIRECTION('',(-7.145117189358E-1,6.996234726647E-1,0.E0));
#16028=AXIS2_PLACEMENT_3D('',#16025,#16026,#16027);
#16029=PLANE('',#16028);
#16030=ORIENTED_EDGE('',*,*,#10780,.F.);
#16032=ORIENTED_EDGE('',*,*,#16031,.T.);
#16033=ORIENTED_EDGE('',*,*,#12018,.T.);
#16034=ORIENTED_EDGE('',*,*,#16018,.F.);
#16035=EDGE_LOOP('',(#16030,#16032,#16033,#16034));
#16036=FACE_OUTER_BOUND('',#16035,.F.);
#16037=ADVANCED_FACE('',(#16036),#16029,.F.);
#16038=CARTESIAN_POINT('',(1.605046164492E2,4.150411018983E1,
-7.096364997533E0));
#16039=DIRECTION('',(-9.689178307915E-1,-2.473827746112E-1,0.E0));
#16040=DIRECTION('',(-2.473827746112E-1,9.689178307915E-1,0.E0));
#16041=AXIS2_PLACEMENT_3D('',#16038,#16039,#16040);
#16042=PLANE('',#16041);
#16043=ORIENTED_EDGE('',*,*,#10778,.F.);
#16045=ORIENTED_EDGE('',*,*,#16044,.T.);
#16046=ORIENTED_EDGE('',*,*,#12020,.T.);
#16047=ORIENTED_EDGE('',*,*,#16031,.F.);
#16048=EDGE_LOOP('',(#16043,#16045,#16046,#16047));
#16049=FACE_OUTER_BOUND('',#16048,.F.);
#16050=ADVANCED_FACE('',(#16049),#16042,.F.);
#16051=CARTESIAN_POINT('',(1.605046164492E2,4.133744415895E1,
-7.096364997533E0));
#16052=DIRECTION('',(-1.E0,0.E0,0.E0));
#16053=DIRECTION('',(0.E0,1.E0,0.E0));
#16054=AXIS2_PLACEMENT_3D('',#16051,#16052,#16053);
#16055=PLANE('',#16054);
#16056=ORIENTED_EDGE('',*,*,#10776,.F.);
#16058=ORIENTED_EDGE('',*,*,#16057,.T.);
#16059=ORIENTED_EDGE('',*,*,#12022,.T.);
#16060=ORIENTED_EDGE('',*,*,#16044,.F.);
#16061=EDGE_LOOP('',(#16056,#16058,#16059,#16060));
#16062=FACE_OUTER_BOUND('',#16061,.F.);
#16063=ADVANCED_FACE('',(#16062),#16055,.F.);
#16064=CARTESIAN_POINT('',(1.604620632628E2,4.117077717439E1,
-7.096364997533E0));
#16065=DIRECTION('',(-9.689178307915E-1,2.473827746112E-1,0.E0));
#16066=DIRECTION('',(2.473827746112E-1,9.689178307915E-1,0.E0));
#16067=AXIS2_PLACEMENT_3D('',#16064,#16065,#16066);
#16068=PLANE('',#16067);
#16069=ORIENTED_EDGE('',*,*,#10774,.F.);
#16071=ORIENTED_EDGE('',*,*,#16070,.T.);
#16072=ORIENTED_EDGE('',*,*,#12024,.T.);
#16073=ORIENTED_EDGE('',*,*,#16057,.F.);
#16074=EDGE_LOOP('',(#16069,#16071,#16072,#16073));
#16075=FACE_OUTER_BOUND('',#16074,.F.);
#16076=ADVANCED_FACE('',(#16075),#16068,.F.);
#16077=CARTESIAN_POINT('',(1.603769568899E2,4.108744415895E1,
-7.096364997533E0));
#16078=DIRECTION('',(-6.996234726647E-1,7.145117189358E-1,0.E0));
#16079=DIRECTION('',(7.145117189358E-1,6.996234726647E-1,0.E0));
#16080=AXIS2_PLACEMENT_3D('',#16077,#16078,#16079);
#16081=PLANE('',#16080);
#16082=ORIENTED_EDGE('',*,*,#10772,.F.);
#16084=ORIENTED_EDGE('',*,*,#16083,.T.);
#16085=ORIENTED_EDGE('',*,*,#12026,.T.);
#16086=ORIENTED_EDGE('',*,*,#16070,.F.);
#16087=EDGE_LOOP('',(#16082,#16084,#16085,#16086));
#16088=FACE_OUTER_BOUND('',#16087,.F.);
#16089=ADVANCED_FACE('',(#16088),#16081,.F.);
#16090=CARTESIAN_POINT('',(1.602492973307E2,4.100411018983E1,
-7.096364997533E0));
#16091=DIRECTION('',(-5.466254709167E-1,8.373772116227E-1,0.E0));
#16092=DIRECTION('',(8.373772116227E-1,5.466254709167E-1,0.E0));
#16093=AXIS2_PLACEMENT_3D('',#16090,#16091,#16092);
#16094=PLANE('',#16093);
#16095=ORIENTED_EDGE('',*,*,#10770,.F.);
#16097=ORIENTED_EDGE('',*,*,#16096,.T.);
#16098=ORIENTED_EDGE('',*,*,#12028,.T.);
#16099=ORIENTED_EDGE('',*,*,#16083,.F.);
#16100=EDGE_LOOP('',(#16095,#16097,#16098,#16099));
#16101=FACE_OUTER_BOUND('',#16100,.F.);
#16102=ADVANCED_FACE('',(#16101),#16094,.F.);
#16103=CARTESIAN_POINT('',(1.600790845850E2,4.096244415895E1,
-7.096364997533E0));
#16104=DIRECTION('',(-2.377679294760E-1,9.713219917786E-1,0.E0));
#16105=DIRECTION('',(9.713219917786E-1,2.377679294760E-1,0.E0));
#16106=AXIS2_PLACEMENT_3D('',#16103,#16104,#16105);
#16107=PLANE('',#16106);
#16108=ORIENTED_EDGE('',*,*,#10768,.F.);
#16110=ORIENTED_EDGE('',*,*,#16109,.T.);
#16111=ORIENTED_EDGE('',*,*,#12030,.T.);
#16112=ORIENTED_EDGE('',*,*,#16096,.F.);
#16113=EDGE_LOOP('',(#16108,#16110,#16111,#16112));
#16114=FACE_OUTER_BOUND('',#16113,.F.);
#16115=ADVANCED_FACE('',(#16114),#16107,.F.);
#16116=CARTESIAN_POINT('',(1.599088717797E2,4.096244415895E1,
-7.096364997533E0));
#16117=DIRECTION('',(0.E0,1.E0,0.E0));
#16118=DIRECTION('',(1.E0,0.E0,0.E0));
#16119=AXIS2_PLACEMENT_3D('',#16116,#16117,#16118);
#16120=PLANE('',#16119);
#16121=ORIENTED_EDGE('',*,*,#10766,.F.);
#16123=ORIENTED_EDGE('',*,*,#16122,.T.);
#16124=ORIENTED_EDGE('',*,*,#12032,.T.);
#16125=ORIENTED_EDGE('',*,*,#16109,.F.);
#16126=EDGE_LOOP('',(#16121,#16123,#16124,#16125));
#16127=FACE_OUTER_BOUND('',#16126,.F.);
#16128=ADVANCED_FACE('',(#16127),#16120,.F.);
#16129=CARTESIAN_POINT('',(1.597386590341E2,4.100411018983E1,
-7.096364997533E0));
#16130=DIRECTION('',(2.377679294760E-1,9.713219917786E-1,0.E0));
#16131=DIRECTION('',(9.713219917786E-1,-2.377679294760E-1,0.E0));
#16132=AXIS2_PLACEMENT_3D('',#16129,#16130,#16131);
#16133=PLANE('',#16132);
#16134=ORIENTED_EDGE('',*,*,#10764,.F.);
#16136=ORIENTED_EDGE('',*,*,#16135,.T.);
#16137=ORIENTED_EDGE('',*,*,#12034,.T.);
#16138=ORIENTED_EDGE('',*,*,#16122,.F.);
#16139=EDGE_LOOP('',(#16134,#16136,#16137,#16138));
#16140=FACE_OUTER_BOUND('',#16139,.F.);
#16141=ADVANCED_FACE('',(#16140),#16133,.F.);
#16142=CARTESIAN_POINT('',(1.596109994450E2,4.108744415895E1,
-7.096364997533E0));
#16143=DIRECTION('',(5.466253814361E-1,8.373772700341E-1,0.E0));
#16144=DIRECTION('',(8.373772700341E-1,-5.466253814361E-1,0.E0));
#16145=AXIS2_PLACEMENT_3D('',#16142,#16143,#16144);
#16146=PLANE('',#16145);
#16147=ORIENTED_EDGE('',*,*,#10762,.F.);
#16149=ORIENTED_EDGE('',*,*,#16148,.T.);
#16150=ORIENTED_EDGE('',*,*,#12036,.T.);
#16151=ORIENTED_EDGE('',*,*,#16135,.F.);
#16152=EDGE_LOOP('',(#16147,#16149,#16150,#16151));
#16153=FACE_OUTER_BOUND('',#16152,.F.);
#16154=ADVANCED_FACE('',(#16153),#16146,.F.);
#16155=CARTESIAN_POINT('',(1.595258930722E2,4.117077717439E1,
-7.096364997533E0));
#16156=DIRECTION('',(6.996234726647E-1,7.145117189358E-1,0.E0));
#16157=DIRECTION('',(7.145117189358E-1,-6.996234726647E-1,0.E0));
#16158=AXIS2_PLACEMENT_3D('',#16155,#16156,#16157);
#16159=PLANE('',#16158);
#16160=ORIENTED_EDGE('',*,*,#10760,.F.);
#16161=ORIENTED_EDGE('',*,*,#15916,.T.);
#16162=ORIENTED_EDGE('',*,*,#12038,.T.);
#16163=ORIENTED_EDGE('',*,*,#16148,.F.);
#16164=EDGE_LOOP('',(#16160,#16161,#16162,#16163));
#16165=FACE_OUTER_BOUND('',#16164,.F.);
#16166=ADVANCED_FACE('',(#16165),#16159,.F.);
#16167=CARTESIAN_POINT('',(1.593131271103E2,4.262911018983E1,
-7.096364997533E0));
#16168=DIRECTION('',(0.E0,1.E0,0.E0));
#16169=DIRECTION('',(1.E0,0.E0,0.E0));
#16170=AXIS2_PLACEMENT_3D('',#16167,#16168,#16169);
#16171=PLANE('',#16170);
#16172=ORIENTED_EDGE('',*,*,#10256,.F.);
#16174=ORIENTED_EDGE('',*,*,#16173,.T.);
#16175=ORIENTED_EDGE('',*,*,#12048,.T.);
#16177=ORIENTED_EDGE('',*,*,#16176,.F.);
#16178=EDGE_LOOP('',(#16172,#16174,#16175,#16177));
#16179=FACE_OUTER_BOUND('',#16178,.F.);
#16180=ADVANCED_FACE('',(#16179),#16171,.F.);
#16181=CARTESIAN_POINT('',(1.593131271103E2,4.242077717439E1,
-7.096364997533E0));
#16182=DIRECTION('',(-1.E0,0.E0,0.E0));
#16183=DIRECTION('',(0.E0,1.E0,0.E0));
#16184=AXIS2_PLACEMENT_3D('',#16181,#16182,#16183);
#16185=PLANE('',#16184);
#16186=ORIENTED_EDGE('',*,*,#10280,.F.);
#16188=ORIENTED_EDGE('',*,*,#16187,.T.);
#16189=ORIENTED_EDGE('',*,*,#12050,.T.);
#16190=ORIENTED_EDGE('',*,*,#16173,.F.);
#16191=EDGE_LOOP('',(#16186,#16188,#16189,#16190));
#16192=FACE_OUTER_BOUND('',#16191,.F.);
#16193=ADVANCED_FACE('',(#16192),#16185,.F.);
#16194=CARTESIAN_POINT('',(1.606748291948E2,4.242077717439E1,
-7.096364997533E0));
#16195=DIRECTION('',(0.E0,-1.E0,0.E0));
#16196=DIRECTION('',(-1.E0,0.E0,0.E0));
#16197=AXIS2_PLACEMENT_3D('',#16194,#16195,#16196);
#16198=PLANE('',#16197);
#16199=ORIENTED_EDGE('',*,*,#10278,.F.);
#16201=ORIENTED_EDGE('',*,*,#16200,.T.);
#16202=ORIENTED_EDGE('',*,*,#12052,.T.);
#16203=ORIENTED_EDGE('',*,*,#16187,.F.);
#16204=EDGE_LOOP('',(#16199,#16201,#16202,#16203));
#16205=FACE_OUTER_BOUND('',#16204,.F.);
#16206=ADVANCED_FACE('',(#16205),#16198,.F.);
#16207=CARTESIAN_POINT('',(1.606748291948E2,4.262911018983E1,
-7.096364997533E0));
#16208=DIRECTION('',(1.E0,0.E0,0.E0));
#16209=DIRECTION('',(0.E0,-1.E0,0.E0));
#16210=AXIS2_PLACEMENT_3D('',#16207,#16208,#16209);
#16211=PLANE('',#16210);
#16212=ORIENTED_EDGE('',*,*,#10276,.F.);
#16214=ORIENTED_EDGE('',*,*,#16213,.T.);
#16215=ORIENTED_EDGE('',*,*,#12054,.T.);
#16216=ORIENTED_EDGE('',*,*,#16200,.F.);
#16217=EDGE_LOOP('',(#16212,#16214,#16215,#16216));
#16218=FACE_OUTER_BOUND('',#16217,.F.);
#16219=ADVANCED_FACE('',(#16218),#16211,.F.);
#16220=CARTESIAN_POINT('',(1.604195100763E2,4.262911018983E1,
-7.096364997533E0));
#16221=DIRECTION('',(0.E0,1.E0,0.E0));
#16222=DIRECTION('',(1.E0,0.E0,0.E0));
#16223=AXIS2_PLACEMENT_3D('',#16220,#16221,#16222);
#16224=PLANE('',#16223);
#16225=ORIENTED_EDGE('',*,*,#10274,.F.);
#16227=ORIENTED_EDGE('',*,*,#16226,.T.);
#16228=ORIENTED_EDGE('',*,*,#12056,.T.);
#16229=ORIENTED_EDGE('',*,*,#16213,.F.);
#16230=EDGE_LOOP('',(#16225,#16227,#16228,#16229));
#16231=FACE_OUTER_BOUND('',#16230,.F.);
#16232=ADVANCED_FACE('',(#16231),#16224,.F.);
#16233=CARTESIAN_POINT('',(1.605046164492E2,4.271244415895E1,
-7.096364997533E0));
#16234=DIRECTION('',(6.996275602085E-1,-7.145077165410E-1,0.E0));
#16235=DIRECTION('',(-7.145077165410E-1,-6.996275602085E-1,0.E0));
#16236=AXIS2_PLACEMENT_3D('',#16233,#16234,#16235);
#16237=PLANE('',#16236);
#16238=ORIENTED_EDGE('',*,*,#10272,.F.);
#16240=ORIENTED_EDGE('',*,*,#16239,.T.);
#16241=ORIENTED_EDGE('',*,*,#12058,.T.);
#16242=ORIENTED_EDGE('',*,*,#16226,.F.);
#16243=EDGE_LOOP('',(#16238,#16240,#16241,#16242));
#16244=FACE_OUTER_BOUND('',#16243,.F.);
#16245=ADVANCED_FACE('',(#16244),#16237,.F.);
#16246=CARTESIAN_POINT('',(1.605897228220E2,4.283744415895E1,
-7.096364997533E0));
#16247=DIRECTION('',(8.265992787996E-1,-5.627909312417E-1,0.E0));
#16248=DIRECTION('',(-5.627909312417E-1,-8.265992787996E-1,0.E0));
#16249=AXIS2_PLACEMENT_3D('',#16246,#16247,#16248);
#16250=PLANE('',#16249);
#16251=ORIENTED_EDGE('',*,*,#10270,.F.);
#16253=ORIENTED_EDGE('',*,*,#16252,.T.);
#16254=ORIENTED_EDGE('',*,*,#12060,.T.);
#16255=ORIENTED_EDGE('',*,*,#16239,.F.);
#16256=EDGE_LOOP('',(#16251,#16253,#16254,#16255));
#16257=FACE_OUTER_BOUND('',#16256,.F.);
#16258=ADVANCED_FACE('',(#16257),#16250,.F.);
#16259=CARTESIAN_POINT('',(1.606322760084E2,4.296244415895E1,
-7.096364997533E0));
#16260=DIRECTION('',(9.466499177700E-1,-3.222637633772E-1,0.E0));
#16261=DIRECTION('',(-3.222637633772E-1,-9.466499177700E-1,0.E0));
#16262=AXIS2_PLACEMENT_3D('',#16259,#16260,#16261);
#16263=PLANE('',#16262);
#16264=ORIENTED_EDGE('',*,*,#10268,.F.);
#16266=ORIENTED_EDGE('',*,*,#16265,.T.);
#16267=ORIENTED_EDGE('',*,*,#12062,.T.);
#16268=ORIENTED_EDGE('',*,*,#16252,.F.);
#16269=EDGE_LOOP('',(#16264,#16266,#16267,#16268));
#16270=FACE_OUTER_BOUND('',#16269,.F.);
#16271=ADVANCED_FACE('',(#16270),#16263,.F.);
#16272=CARTESIAN_POINT('',(1.606748291948E2,4.317077717439E1,
-7.096364997533E0));
#16273=DIRECTION('',(9.797706494039E-1,-2.001236481946E-1,0.E0));
#16274=DIRECTION('',(-2.001236481946E-1,-9.797706494039E-1,0.E0));
#16275=AXIS2_PLACEMENT_3D('',#16272,#16273,#16274);
#16276=PLANE('',#16275);
#16277=ORIENTED_EDGE('',*,*,#10266,.F.);
#16279=ORIENTED_EDGE('',*,*,#16278,.T.);
#16280=ORIENTED_EDGE('',*,*,#12064,.T.);
#16281=ORIENTED_EDGE('',*,*,#16265,.F.);
#16282=EDGE_LOOP('',(#16277,#16279,#16280,#16281));
#16283=FACE_OUTER_BOUND('',#16282,.F.);
#16284=ADVANCED_FACE('',(#16283),#16276,.F.);
#16285=CARTESIAN_POINT('',(1.604620632628E2,4.317077717439E1,
-7.096364997533E0));
#16286=DIRECTION('',(0.E0,1.E0,0.E0));
#16287=DIRECTION('',(1.E0,0.E0,0.E0));
#16288=AXIS2_PLACEMENT_3D('',#16285,#16286,#16287);
#16289=PLANE('',#16288);
#16290=ORIENTED_EDGE('',*,*,#10264,.F.);
#16292=ORIENTED_EDGE('',*,*,#16291,.T.);
#16293=ORIENTED_EDGE('',*,*,#12066,.T.);
#16294=ORIENTED_EDGE('',*,*,#16278,.F.);
#16295=EDGE_LOOP('',(#16290,#16292,#16293,#16294));
#16296=FACE_OUTER_BOUND('',#16295,.F.);
#16297=ADVANCED_FACE('',(#16296),#16289,.F.);
#16298=CARTESIAN_POINT('',(1.604195100763E2,4.292077717439E1,
-7.096364997533E0));
#16299=DIRECTION('',(-9.858211730931E-1,1.677993286083E-1,0.E0));
#16300=DIRECTION('',(1.677993286083E-1,9.858211730931E-1,0.E0));
#16301=AXIS2_PLACEMENT_3D('',#16298,#16299,#16300);
#16302=PLANE('',#16301);
#16303=ORIENTED_EDGE('',*,*,#10262,.F.);
#16305=ORIENTED_EDGE('',*,*,#16304,.T.);
#16306=ORIENTED_EDGE('',*,*,#12068,.T.);
#16307=ORIENTED_EDGE('',*,*,#16291,.F.);
#16308=EDGE_LOOP('',(#16303,#16305,#16306,#16307));
#16309=FACE_OUTER_BOUND('',#16308,.F.);
#16310=ADVANCED_FACE('',(#16309),#16302,.F.);
#16311=CARTESIAN_POINT('',(1.603344037035E2,4.275411018983E1,
-7.096364997533E0));
#16312=DIRECTION('',(-8.906056381928E-1,4.547764255314E-1,0.E0));
#16313=DIRECTION('',(4.547764255314E-1,8.906056381928E-1,0.E0));
#16314=AXIS2_PLACEMENT_3D('',#16311,#16312,#16313);
#16315=PLANE('',#16314);
#16316=ORIENTED_EDGE('',*,*,#10260,.F.);
#16318=ORIENTED_EDGE('',*,*,#16317,.T.);
#16319=ORIENTED_EDGE('',*,*,#12070,.T.);
#16320=ORIENTED_EDGE('',*,*,#16304,.F.);
#16321=EDGE_LOOP('',(#16316,#16318,#16319,#16320));
#16322=FACE_OUTER_BOUND('',#16321,.F.);
#16323=ADVANCED_FACE('',(#16322),#16315,.F.);
#16324=CARTESIAN_POINT('',(1.601641909578E2,4.262911018983E1,
-7.096364997533E0));
#16325=DIRECTION('',(-5.919095487496E-1,8.060043958311E-1,0.E0));
#16326=DIRECTION('',(8.060043958311E-1,5.919095487496E-1,0.E0));
#16327=AXIS2_PLACEMENT_3D('',#16324,#16325,#16326);
#16328=PLANE('',#16327);
#16329=ORIENTED_EDGE('',*,*,#10258,.F.);
#16330=ORIENTED_EDGE('',*,*,#16176,.T.);
#16331=ORIENTED_EDGE('',*,*,#12072,.T.);
#16332=ORIENTED_EDGE('',*,*,#16317,.F.);
#16333=EDGE_LOOP('',(#16329,#16330,#16331,#16332));
#16334=FACE_OUTER_BOUND('',#16333,.F.);
#16335=ADVANCED_FACE('',(#16334),#16328,.F.);
#16336=CARTESIAN_POINT('',(1.594833398709E2,4.442077717439E1,
-7.096364997533E0));
#16337=DIRECTION('',(9.797706356631E-1,2.001237154668E-1,0.E0));
#16338=DIRECTION('',(2.001237154668E-1,-9.797706356631E-1,0.E0));
#16339=AXIS2_PLACEMENT_3D('',#16336,#16337,#16338);
#16340=PLANE('',#16339);
#16341=ORIENTED_EDGE('',*,*,#10284,.F.);
#16343=ORIENTED_EDGE('',*,*,#16342,.T.);
#16344=ORIENTED_EDGE('',*,*,#12082,.T.);
#16346=ORIENTED_EDGE('',*,*,#16345,.F.);
#16347=EDGE_LOOP('',(#16341,#16343,#16344,#16346));
#16348=FACE_OUTER_BOUND('',#16347,.F.);
#16349=ADVANCED_FACE('',(#16348),#16340,.F.);
#16350=CARTESIAN_POINT('',(1.593131271103E2,4.442077717439E1,
-7.096364997533E0));
#16351=DIRECTION('',(0.E0,1.E0,0.E0));
#16352=DIRECTION('',(1.E0,0.E0,0.E0));
#16353=AXIS2_PLACEMENT_3D('',#16350,#16351,#16352);
#16354=PLANE('',#16353);
#16355=ORIENTED_EDGE('',*,*,#10320,.F.);
#16357=ORIENTED_EDGE('',*,*,#16356,.T.);
#16358=ORIENTED_EDGE('',*,*,#12084,.T.);
#16359=ORIENTED_EDGE('',*,*,#16342,.F.);
#16360=EDGE_LOOP('',(#16355,#16357,#16358,#16359));
#16361=FACE_OUTER_BOUND('',#16360,.F.);
#16362=ADVANCED_FACE('',(#16361),#16354,.F.);
#16363=CARTESIAN_POINT('',(1.593556803004E2,4.417077717439E1,
-7.096364997533E0));
#16364=DIRECTION('',(-9.858211706631E-1,-1.677993428846E-1,0.E0));
#16365=DIRECTION('',(-1.677993428846E-1,9.858211706631E-1,0.E0));
#16366=AXIS2_PLACEMENT_3D('',#16363,#16364,#16365);
#16367=PLANE('',#16366);
#16368=ORIENTED_EDGE('',*,*,#10318,.F.);
#16370=ORIENTED_EDGE('',*,*,#16369,.T.);
#16371=ORIENTED_EDGE('',*,*,#12086,.T.);
#16372=ORIENTED_EDGE('',*,*,#16356,.F.);
#16373=EDGE_LOOP('',(#16368,#16370,#16371,#16372));
#16374=FACE_OUTER_BOUND('',#16373,.F.);
#16375=ADVANCED_FACE('',(#16374),#16367,.F.);
#16376=CARTESIAN_POINT('',(1.593982334906E2,4.404577717439E1,
-7.096364997533E0));
#16377=DIRECTION('',(-9.466499091632E-1,-3.222637886596E-1,0.E0));
#16378=DIRECTION('',(-3.222637886596E-1,9.466499091632E-1,0.E0));
#16379=AXIS2_PLACEMENT_3D('',#16376,#16377,#16378);
#16380=PLANE('',#16379);
#16381=ORIENTED_EDGE('',*,*,#10316,.F.);
#16383=ORIENTED_EDGE('',*,*,#16382,.T.);
#16384=ORIENTED_EDGE('',*,*,#12088,.T.);
#16385=ORIENTED_EDGE('',*,*,#16369,.F.);
#16386=EDGE_LOOP('',(#16381,#16383,#16384,#16385));
#16387=FACE_OUTER_BOUND('',#16386,.F.);
#16388=ADVANCED_FACE('',(#16387),#16380,.F.);
#16389=CARTESIAN_POINT('',(1.594833398709E2,4.392077717439E1,
-7.096364997533E0));
#16390=DIRECTION('',(-8.265992558795E-1,-5.627909649057E-1,0.E0));
#16391=DIRECTION('',(-5.627909649057E-1,8.265992558795E-1,0.E0));
#16392=AXIS2_PLACEMENT_3D('',#16389,#16390,#16391);
#16393=PLANE('',#16392);
#16394=ORIENTED_EDGE('',*,*,#10314,.F.);
#16396=ORIENTED_EDGE('',*,*,#16395,.T.);
#16397=ORIENTED_EDGE('',*,*,#12090,.T.);
#16398=ORIENTED_EDGE('',*,*,#16382,.F.);
#16399=EDGE_LOOP('',(#16394,#16396,#16397,#16398));
#16400=FACE_OUTER_BOUND('',#16399,.F.);
#16401=ADVANCED_FACE('',(#16400),#16393,.F.);
#16402=CARTESIAN_POINT('',(1.596535526314E2,4.383744415895E1,
-7.096364997533E0));
#16403=DIRECTION('',(-4.397121117144E-1,-8.981387748069E-1,0.E0));
#16404=DIRECTION('',(-8.981387748069E-1,4.397121117144E-1,0.E0));
#16405=AXIS2_PLACEMENT_3D('',#16402,#16403,#16404);
#16406=PLANE('',#16405);
#16407=ORIENTED_EDGE('',*,*,#10312,.F.);
#16409=ORIENTED_EDGE('',*,*,#16408,.T.);
#16410=ORIENTED_EDGE('',*,*,#12092,.T.);
#16411=ORIENTED_EDGE('',*,*,#16395,.F.);
#16412=EDGE_LOOP('',(#16407,#16409,#16410,#16411));
#16413=FACE_OUTER_BOUND('',#16412,.F.);
#16414=ADVANCED_FACE('',(#16413),#16406,.F.);
#16415=CARTESIAN_POINT('',(1.605046164492E2,4.383744415895E1,
-7.096364997533E0));
#16416=DIRECTION('',(0.E0,-1.E0,0.E0));
#16417=DIRECTION('',(-1.E0,0.E0,0.E0));
#16418=AXIS2_PLACEMENT_3D('',#16415,#16416,#16417);
#16419=PLANE('',#16418);
#16420=ORIENTED_EDGE('',*,*,#10310,.F.);
#16422=ORIENTED_EDGE('',*,*,#16421,.T.);
#16423=ORIENTED_EDGE('',*,*,#12094,.T.);
#16424=ORIENTED_EDGE('',*,*,#16408,.F.);
#16425=EDGE_LOOP('',(#16420,#16422,#16423,#16424));
#16426=FACE_OUTER_BOUND('',#16425,.F.);
#16427=ADVANCED_FACE('',(#16426),#16419,.F.);
#16428=CARTESIAN_POINT('',(1.605046164492E2,4.350411018983E1,
-7.096364997533E0));
#16429=DIRECTION('',(-1.E0,0.E0,0.E0));
#16430=DIRECTION('',(0.E0,1.E0,0.E0));
#16431=AXIS2_PLACEMENT_3D('',#16428,#16429,#16430);
#16432=PLANE('',#16431);
#16433=ORIENTED_EDGE('',*,*,#10308,.F.);
#16435=ORIENTED_EDGE('',*,*,#16434,.T.);
#16436=ORIENTED_EDGE('',*,*,#12096,.T.);
#16437=ORIENTED_EDGE('',*,*,#16421,.F.);
#16438=EDGE_LOOP('',(#16433,#16435,#16436,#16437));
#16439=FACE_OUTER_BOUND('',#16438,.F.);
#16440=ADVANCED_FACE('',(#16439),#16432,.F.);
#16441=CARTESIAN_POINT('',(1.606748291948E2,4.350411018983E1,
-7.096364997533E0));
#16442=DIRECTION('',(0.E0,-1.E0,0.E0));
#16443=DIRECTION('',(-1.E0,0.E0,0.E0));
#16444=AXIS2_PLACEMENT_3D('',#16441,#16442,#16443);
#16445=PLANE('',#16444);
#16446=ORIENTED_EDGE('',*,*,#10306,.F.);
#16448=ORIENTED_EDGE('',*,*,#16447,.T.);
#16449=ORIENTED_EDGE('',*,*,#12098,.T.);
#16450=ORIENTED_EDGE('',*,*,#16434,.F.);
#16451=EDGE_LOOP('',(#16446,#16448,#16449,#16450));
#16452=FACE_OUTER_BOUND('',#16451,.F.);
#16453=ADVANCED_FACE('',(#16452),#16445,.F.);
#16454=CARTESIAN_POINT('',(1.606748291948E2,4.383744415895E1,
-7.096364997533E0));
#16455=DIRECTION('',(1.E0,0.E0,0.E0));
#16456=DIRECTION('',(0.E0,-1.E0,0.E0));
#16457=AXIS2_PLACEMENT_3D('',#16454,#16455,#16456);
#16458=PLANE('',#16457);
#16459=ORIENTED_EDGE('',*,*,#10304,.F.);
#16461=ORIENTED_EDGE('',*,*,#16460,.T.);
#16462=ORIENTED_EDGE('',*,*,#12100,.T.);
#16463=ORIENTED_EDGE('',*,*,#16447,.F.);
#16464=EDGE_LOOP('',(#16459,#16461,#16462,#16463));
#16465=FACE_OUTER_BOUND('',#16464,.F.);
#16466=ADVANCED_FACE('',(#16465),#16458,.F.);
#16467=CARTESIAN_POINT('',(1.610152548054E2,4.383744415895E1,
-7.096364997533E0));
#16468=DIRECTION('',(0.E0,-1.E0,0.E0));
#16469=DIRECTION('',(-1.E0,0.E0,0.E0));
#16470=AXIS2_PLACEMENT_3D('',#16467,#16468,#16469);
#16471=PLANE('',#16470);
#16472=ORIENTED_EDGE('',*,*,#10302,.F.);
#16474=ORIENTED_EDGE('',*,*,#16473,.T.);
#16475=ORIENTED_EDGE('',*,*,#12102,.T.);
#16476=ORIENTED_EDGE('',*,*,#16460,.F.);
#16477=EDGE_LOOP('',(#16472,#16474,#16475,#16476));
#16478=FACE_OUTER_BOUND('',#16477,.F.);
#16479=ADVANCED_FACE('',(#16478),#16471,.F.);
#16480=CARTESIAN_POINT('',(1.610152548054E2,4.404577717439E1,
-7.096364997533E0));
#16481=DIRECTION('',(1.E0,0.E0,0.E0));
#16482=DIRECTION('',(0.E0,-1.E0,0.E0));
#16483=AXIS2_PLACEMENT_3D('',#16480,#16481,#16482);
#16484=PLANE('',#16483);
#16485=ORIENTED_EDGE('',*,*,#10300,.F.);
#16487=ORIENTED_EDGE('',*,*,#16486,.T.);
#16488=ORIENTED_EDGE('',*,*,#12104,.T.);
#16489=ORIENTED_EDGE('',*,*,#16473,.F.);
#16490=EDGE_LOOP('',(#16485,#16487,#16488,#16489));
#16491=FACE_OUTER_BOUND('',#16490,.F.);
#16492=ADVANCED_FACE('',(#16491),#16484,.F.);
#16493=CARTESIAN_POINT('',(1.606748291948E2,4.404577717439E1,
-7.096364997533E0));
#16494=DIRECTION('',(0.E0,1.E0,0.E0));
#16495=DIRECTION('',(1.E0,0.E0,0.E0));
#16496=AXIS2_PLACEMENT_3D('',#16493,#16494,#16495);
#16497=PLANE('',#16496);
#16498=ORIENTED_EDGE('',*,*,#10298,.F.);
#16500=ORIENTED_EDGE('',*,*,#16499,.T.);
#16501=ORIENTED_EDGE('',*,*,#12106,.T.);
#16502=ORIENTED_EDGE('',*,*,#16486,.F.);
#16503=EDGE_LOOP('',(#16498,#16500,#16501,#16502));
#16504=FACE_OUTER_BOUND('',#16503,.F.);
#16505=ADVANCED_FACE('',(#16504),#16497,.F.);
#16506=CARTESIAN_POINT('',(1.606748291948E2,4.450411018983E1,
-7.096364997533E0));
#16507=DIRECTION('',(1.E0,0.E0,0.E0));
#16508=DIRECTION('',(0.E0,-1.E0,0.E0));
#16509=AXIS2_PLACEMENT_3D('',#16506,#16507,#16508);
#16510=PLANE('',#16509);
#16511=ORIENTED_EDGE('',*,*,#10296,.F.);
#16513=ORIENTED_EDGE('',*,*,#16512,.T.);
#16514=ORIENTED_EDGE('',*,*,#12108,.T.);
#16515=ORIENTED_EDGE('',*,*,#16499,.F.);
#16516=EDGE_LOOP('',(#16511,#16513,#16514,#16515));
#16517=FACE_OUTER_BOUND('',#16516,.F.);
#16518=ADVANCED_FACE('',(#16517),#16510,.F.);
#16519=CARTESIAN_POINT('',(1.605046164492E2,4.450411018983E1,
-7.096364997533E0));
#16520=DIRECTION('',(0.E0,1.E0,0.E0));
#16521=DIRECTION('',(1.E0,0.E0,0.E0));
#16522=AXIS2_PLACEMENT_3D('',#16519,#16520,#16521);
#16523=PLANE('',#16522);
#16524=ORIENTED_EDGE('',*,*,#10294,.F.);
#16526=ORIENTED_EDGE('',*,*,#16525,.T.);
#16527=ORIENTED_EDGE('',*,*,#12110,.T.);
#16528=ORIENTED_EDGE('',*,*,#16512,.F.);
#16529=EDGE_LOOP('',(#16524,#16526,#16527,#16528));
#16530=FACE_OUTER_BOUND('',#16529,.F.);
#16531=ADVANCED_FACE('',(#16530),#16523,.F.);
#16532=CARTESIAN_POINT('',(1.605046164492E2,4.404577717439E1,
-7.096364997533E0));
#16533=DIRECTION('',(-1.E0,0.E0,0.E0));
#16534=DIRECTION('',(0.E0,1.E0,0.E0));
#16535=AXIS2_PLACEMENT_3D('',#16532,#16533,#16534);
#16536=PLANE('',#16535);
#16537=ORIENTED_EDGE('',*,*,#10292,.F.);
#16539=ORIENTED_EDGE('',*,*,#16538,.T.);
#16540=ORIENTED_EDGE('',*,*,#12112,.T.);
#16541=ORIENTED_EDGE('',*,*,#16525,.F.);
#16542=EDGE_LOOP('',(#16537,#16539,#16540,#16541));
#16543=FACE_OUTER_BOUND('',#16542,.F.);
#16544=ADVANCED_FACE('',(#16543),#16536,.F.);
#16545=CARTESIAN_POINT('',(1.597386590341E2,4.404577717439E1,
-7.096364997533E0));
#16546=DIRECTION('',(0.E0,1.E0,0.E0));
#16547=DIRECTION('',(1.E0,0.E0,0.E0));
#16548=AXIS2_PLACEMENT_3D('',#16545,#16546,#16547);
#16549=PLANE('',#16548);
#16550=ORIENTED_EDGE('',*,*,#10290,.F.);
#16552=ORIENTED_EDGE('',*,*,#16551,.T.);
#16553=ORIENTED_EDGE('',*,*,#12114,.T.);
#16554=ORIENTED_EDGE('',*,*,#16538,.F.);
#16555=EDGE_LOOP('',(#16550,#16552,#16553,#16554));
#16556=FACE_OUTER_BOUND('',#16555,.F.);
#16557=ADVANCED_FACE('',(#16556),#16549,.F.);
#16558=CARTESIAN_POINT('',(1.596109994450E2,4.408744415895E1,
-7.096364997533E0));
#16559=DIRECTION('',(3.102821388495E-1,9.506445152164E-1,0.E0));
#16560=DIRECTION('',(9.506445152164E-1,-3.102821388495E-1,0.E0));
#16561=AXIS2_PLACEMENT_3D('',#16558,#16559,#16560);
#16562=PLANE('',#16561);
#16563=ORIENTED_EDGE('',*,*,#10288,.F.);
#16565=ORIENTED_EDGE('',*,*,#16564,.T.);
#16566=ORIENTED_EDGE('',*,*,#12116,.T.);
#16567=ORIENTED_EDGE('',*,*,#16551,.F.);
#16568=EDGE_LOOP('',(#16563,#16565,#16566,#16567));
#16569=FACE_OUTER_BOUND('',#16568,.F.);
#16570=ADVANCED_FACE('',(#16569),#16562,.F.);
#16571=CARTESIAN_POINT('',(1.595258930722E2,4.421244415895E1,
-7.096364997533E0));
#16572=DIRECTION('',(8.265992787996E-1,5.627909312417E-1,0.E0));
#16573=DIRECTION('',(5.627909312417E-1,-8.265992787996E-1,0.E0));
#16574=AXIS2_PLACEMENT_3D('',#16571,#16572,#16573);
#16575=PLANE('',#16574);
#16576=ORIENTED_EDGE('',*,*,#10286,.F.);
#16577=ORIENTED_EDGE('',*,*,#16345,.T.);
#16578=ORIENTED_EDGE('',*,*,#12118,.T.);
#16579=ORIENTED_EDGE('',*,*,#16564,.F.);
#16580=EDGE_LOOP('',(#16576,#16577,#16578,#16579));
#16581=FACE_OUTER_BOUND('',#16580,.F.);
#16582=ADVANCED_FACE('',(#16581),#16575,.F.);
#16583=CARTESIAN_POINT('',(1.593131271103E2,4.704577717439E1,
-7.096364997533E0));
#16584=DIRECTION('',(0.E0,1.E0,0.E0));
#16585=DIRECTION('',(1.E0,0.E0,0.E0));
#16586=AXIS2_PLACEMENT_3D('',#16583,#16584,#16585);
#16587=PLANE('',#16586);
#16588=ORIENTED_EDGE('',*,*,#10324,.F.);
#16590=ORIENTED_EDGE('',*,*,#16589,.T.);
#16591=ORIENTED_EDGE('',*,*,#12128,.T.);
#16593=ORIENTED_EDGE('',*,*,#16592,.F.);
#16594=EDGE_LOOP('',(#16588,#16590,#16591,#16593));
#16595=FACE_OUTER_BOUND('',#16594,.F.);
#16596=ADVANCED_FACE('',(#16595),#16587,.F.);
#16597=CARTESIAN_POINT('',(1.593131271103E2,4.683744415895E1,
-7.096364997533E0));
#16598=DIRECTION('',(-1.E0,0.E0,0.E0));
#16599=DIRECTION('',(0.E0,1.E0,0.E0));
#16600=AXIS2_PLACEMENT_3D('',#16597,#16598,#16599);
#16601=PLANE('',#16600);
#16602=ORIENTED_EDGE('',*,*,#10348,.F.);
#16604=ORIENTED_EDGE('',*,*,#16603,.T.);
#16605=ORIENTED_EDGE('',*,*,#12130,.T.);
#16606=ORIENTED_EDGE('',*,*,#16589,.F.);
#16607=EDGE_LOOP('',(#16602,#16604,#16605,#16606));
#16608=FACE_OUTER_BOUND('',#16607,.F.);
#16609=ADVANCED_FACE('',(#16608),#16601,.F.);
#16610=CARTESIAN_POINT('',(1.606748291948E2,4.683744415895E1,
-7.096364997533E0));
#16611=DIRECTION('',(0.E0,-1.E0,0.E0));
#16612=DIRECTION('',(-1.E0,0.E0,0.E0));
#16613=AXIS2_PLACEMENT_3D('',#16610,#16611,#16612);
#16614=PLANE('',#16613);
#16615=ORIENTED_EDGE('',*,*,#10346,.F.);
#16617=ORIENTED_EDGE('',*,*,#16616,.T.);
#16618=ORIENTED_EDGE('',*,*,#12132,.T.);
#16619=ORIENTED_EDGE('',*,*,#16603,.F.);
#16620=EDGE_LOOP('',(#16615,#16617,#16618,#16619));
#16621=FACE_OUTER_BOUND('',#16620,.F.);
#16622=ADVANCED_FACE('',(#16621),#16614,.F.);
#16623=CARTESIAN_POINT('',(1.606748291948E2,4.704577717439E1,
-7.096364997533E0));
#16624=DIRECTION('',(1.E0,0.E0,0.E0));
#16625=DIRECTION('',(0.E0,-1.E0,0.E0));
#16626=AXIS2_PLACEMENT_3D('',#16623,#16624,#16625);
#16627=PLANE('',#16626);
#16628=ORIENTED_EDGE('',*,*,#10344,.F.);
#16630=ORIENTED_EDGE('',*,*,#16629,.T.);
#16631=ORIENTED_EDGE('',*,*,#12134,.T.);
#16632=ORIENTED_EDGE('',*,*,#16616,.F.);
#16633=EDGE_LOOP('',(#16628,#16630,#16631,#16632));
#16634=FACE_OUTER_BOUND('',#16633,.F.);
#16635=ADVANCED_FACE('',(#16634),#16627,.F.);
#16636=CARTESIAN_POINT('',(1.604195100763E2,4.704577717439E1,
-7.096364997533E0));
#16637=DIRECTION('',(0.E0,1.E0,0.E0));
#16638=DIRECTION('',(1.E0,0.E0,0.E0));
#16639=AXIS2_PLACEMENT_3D('',#16636,#16637,#16638);
#16640=PLANE('',#16639);
#16641=ORIENTED_EDGE('',*,*,#10342,.F.);
#16643=ORIENTED_EDGE('',*,*,#16642,.T.);
#16644=ORIENTED_EDGE('',*,*,#12136,.T.);
#16645=ORIENTED_EDGE('',*,*,#16629,.F.);
#16646=EDGE_LOOP('',(#16641,#16643,#16644,#16645));
#16647=FACE_OUTER_BOUND('',#16646,.F.);
#16648=ADVANCED_FACE('',(#16647),#16640,.F.);
#16649=CARTESIAN_POINT('',(1.605046164492E2,4.712911018983E1,
-7.096364997533E0));
#16650=DIRECTION('',(6.996234726647E-1,-7.145117189358E-1,0.E0));
#16651=DIRECTION('',(-7.145117189358E-1,-6.996234726647E-1,0.E0));
#16652=AXIS2_PLACEMENT_3D('',#16649,#16650,#16651);
#16653=PLANE('',#16652);
#16654=ORIENTED_EDGE('',*,*,#10340,.F.);
#16656=ORIENTED_EDGE('',*,*,#16655,.T.);
#16657=ORIENTED_EDGE('',*,*,#12138,.T.);
#16658=ORIENTED_EDGE('',*,*,#16642,.F.);
#16659=EDGE_LOOP('',(#16654,#16656,#16657,#16658));
#16660=FACE_OUTER_BOUND('',#16659,.F.);
#16661=ADVANCED_FACE('',(#16660),#16653,.F.);
#16662=CARTESIAN_POINT('',(1.605897228220E2,4.725411018983E1,
-7.096364997533E0));
#16663=DIRECTION('',(8.265992787996E-1,-5.627909312417E-1,0.E0));
#16664=DIRECTION('',(-5.627909312417E-1,-8.265992787996E-1,0.E0));
#16665=AXIS2_PLACEMENT_3D('',#16662,#16663,#16664);
#16666=PLANE('',#16665);
#16667=ORIENTED_EDGE('',*,*,#10338,.F.);
#16669=ORIENTED_EDGE('',*,*,#16668,.T.);
#16670=ORIENTED_EDGE('',*,*,#12140,.T.);
#16671=ORIENTED_EDGE('',*,*,#16655,.F.);
#16672=EDGE_LOOP('',(#16667,#16669,#16670,#16671));
#16673=FACE_OUTER_BOUND('',#16672,.F.);
#16674=ADVANCED_FACE('',(#16673),#16666,.F.);
#16675=CARTESIAN_POINT('',(1.606322760084E2,4.737911018983E1,
-7.096364997533E0));
#16676=DIRECTION('',(9.466499177700E-1,-3.222637633772E-1,0.E0));
#16677=DIRECTION('',(-3.222637633772E-1,-9.466499177700E-1,0.E0));
#16678=AXIS2_PLACEMENT_3D('',#16675,#16676,#16677);
#16679=PLANE('',#16678);
#16680=ORIENTED_EDGE('',*,*,#10336,.F.);
#16682=ORIENTED_EDGE('',*,*,#16681,.T.);
#16683=ORIENTED_EDGE('',*,*,#12142,.T.);
#16684=ORIENTED_EDGE('',*,*,#16668,.F.);
#16685=EDGE_LOOP('',(#16680,#16682,#16683,#16684));
#16686=FACE_OUTER_BOUND('',#16685,.F.);
#16687=ADVANCED_FACE('',(#16686),#16679,.F.);
#16688=CARTESIAN_POINT('',(1.606748291948E2,4.758744320528E1,
-7.096364997533E0));
#16689=DIRECTION('',(9.797706494039E-1,-2.001236481946E-1,0.E0));
#16690=DIRECTION('',(-2.001236481946E-1,-9.797706494039E-1,0.E0));
#16691=AXIS2_PLACEMENT_3D('',#16688,#16689,#16690);
#16692=PLANE('',#16691);
#16693=ORIENTED_EDGE('',*,*,#10334,.F.);
#16695=ORIENTED_EDGE('',*,*,#16694,.T.);
#16696=ORIENTED_EDGE('',*,*,#12144,.T.);
#16697=ORIENTED_EDGE('',*,*,#16681,.F.);
#16698=EDGE_LOOP('',(#16693,#16695,#16696,#16697));
#16699=FACE_OUTER_BOUND('',#16698,.F.);
#16700=ADVANCED_FACE('',(#16699),#16692,.F.);
#16701=CARTESIAN_POINT('',(1.604620632628E2,4.758744320528E1,
-7.096364997533E0));
#16702=DIRECTION('',(0.E0,1.E0,0.E0));
#16703=DIRECTION('',(1.E0,0.E0,0.E0));
#16704=AXIS2_PLACEMENT_3D('',#16701,#16702,#16703);
#16705=PLANE('',#16704);
#16706=ORIENTED_EDGE('',*,*,#10332,.F.);
#16708=ORIENTED_EDGE('',*,*,#16707,.T.);
#16709=ORIENTED_EDGE('',*,*,#12146,.T.);
#16710=ORIENTED_EDGE('',*,*,#16694,.F.);
#16711=EDGE_LOOP('',(#16706,#16708,#16709,#16710));
#16712=FACE_OUTER_BOUND('',#16711,.F.);
#16713=ADVANCED_FACE('',(#16712),#16705,.F.);
#16714=CARTESIAN_POINT('',(1.604195100763E2,4.733744415895E1,
-7.096364997533E0));
#16715=DIRECTION('',(-9.858210672064E-1,1.677999506911E-1,0.E0));
#16716=DIRECTION('',(1.677999506911E-1,9.858210672064E-1,0.E0));
#16717=AXIS2_PLACEMENT_3D('',#16714,#16715,#16716);
#16718=PLANE('',#16717);
#16719=ORIENTED_EDGE('',*,*,#10330,.F.);
#16721=ORIENTED_EDGE('',*,*,#16720,.T.);
#16722=ORIENTED_EDGE('',*,*,#12148,.T.);
#16723=ORIENTED_EDGE('',*,*,#16707,.F.);
#16724=EDGE_LOOP('',(#16719,#16721,#16722,#16723));
#16725=FACE_OUTER_BOUND('',#16724,.F.);
#16726=ADVANCED_FACE('',(#16725),#16718,.F.);
#16727=CARTESIAN_POINT('',(1.603344037035E2,4.717077717439E1,
-7.096364997533E0));
#16728=DIRECTION('',(-8.906056381928E-1,4.547764255314E-1,0.E0));
#16729=DIRECTION('',(4.547764255314E-1,8.906056381928E-1,0.E0));
#16730=AXIS2_PLACEMENT_3D('',#16727,#16728,#16729);
#16731=PLANE('',#16730);
#16732=ORIENTED_EDGE('',*,*,#10328,.F.);
#16734=ORIENTED_EDGE('',*,*,#16733,.T.);
#16735=ORIENTED_EDGE('',*,*,#12150,.T.);
#16736=ORIENTED_EDGE('',*,*,#16720,.F.);
#16737=EDGE_LOOP('',(#16732,#16734,#16735,#16736));
#16738=FACE_OUTER_BOUND('',#16737,.F.);
#16739=ADVANCED_FACE('',(#16738),#16731,.F.);
#16740=CARTESIAN_POINT('',(1.601641909578E2,4.704577717439E1,
-7.096364997533E0));
#16741=DIRECTION('',(-5.919095487496E-1,8.060043958311E-1,0.E0));
#16742=DIRECTION('',(8.060043958311E-1,5.919095487496E-1,0.E0));
#16743=AXIS2_PLACEMENT_3D('',#16740,#16741,#16742);
#16744=PLANE('',#16743);
#16745=ORIENTED_EDGE('',*,*,#10326,.F.);
#16746=ORIENTED_EDGE('',*,*,#16592,.T.);
#16747=ORIENTED_EDGE('',*,*,#12152,.T.);
#16748=ORIENTED_EDGE('',*,*,#16733,.F.);
#16749=EDGE_LOOP('',(#16745,#16746,#16747,#16748));
#16750=FACE_OUTER_BOUND('',#16749,.F.);
#16751=ADVANCED_FACE('',(#16750),#16744,.F.);
#16752=CARTESIAN_POINT('',(1.593131271103E2,4.925411114351E1,
-7.096364997533E0));
#16753=DIRECTION('',(3.102885895802E-1,9.506424097295E-1,0.E0));
#16754=DIRECTION('',(9.506424097295E-1,-3.102885895802E-1,0.E0));
#16755=AXIS2_PLACEMENT_3D('',#16752,#16753,#16754);
#16756=PLANE('',#16755);
#16757=ORIENTED_EDGE('',*,*,#10352,.F.);
#16759=ORIENTED_EDGE('',*,*,#16758,.T.);
#16760=ORIENTED_EDGE('',*,*,#12162,.T.);
#16762=ORIENTED_EDGE('',*,*,#16761,.F.);
#16763=EDGE_LOOP('',(#16757,#16759,#16760,#16762));
#16764=FACE_OUTER_BOUND('',#16763,.F.);
#16765=ADVANCED_FACE('',(#16764),#16756,.F.);
#16766=CARTESIAN_POINT('',(1.593131271103E2,4.904577717439E1,
-7.096364997533E0));
#16767=DIRECTION('',(-1.E0,0.E0,0.E0));
#16768=DIRECTION('',(0.E0,1.E0,0.E0));
#16769=AXIS2_PLACEMENT_3D('',#16766,#16767,#16768);
#16770=PLANE('',#16769);
#16771=ORIENTED_EDGE('',*,*,#10428,.F.);
#16773=ORIENTED_EDGE('',*,*,#16772,.T.);
#16774=ORIENTED_EDGE('',*,*,#12164,.T.);
#16775=ORIENTED_EDGE('',*,*,#16758,.F.);
#16776=EDGE_LOOP('',(#16771,#16773,#16774,#16775));
#16777=FACE_OUTER_BOUND('',#16776,.F.);
#16778=ADVANCED_FACE('',(#16777),#16770,.F.);
#16779=CARTESIAN_POINT('',(1.593982334906E2,4.900411114351E1,
-7.096364997533E0));
#16780=DIRECTION('',(-4.397080525209E-1,-8.981407621015E-1,0.E0));
#16781=DIRECTION('',(-8.981407621015E-1,4.397080525209E-1,0.E0));
#16782=AXIS2_PLACEMENT_3D('',#16779,#16780,#16781);
#16783=PLANE('',#16782);
#16784=ORIENTED_EDGE('',*,*,#10426,.F.);
#16786=ORIENTED_EDGE('',*,*,#16785,.T.);
#16787=ORIENTED_EDGE('',*,*,#12166,.T.);
#16788=ORIENTED_EDGE('',*,*,#16772,.F.);
#16789=EDGE_LOOP('',(#16784,#16786,#16787,#16788));
#16790=FACE_OUTER_BOUND('',#16789,.F.);
#16791=ADVANCED_FACE('',(#16790),#16783,.F.);
#16792=CARTESIAN_POINT('',(1.595258930722E2,4.896244320528E1,
-7.096364997533E0));
#16793=DIRECTION('',(-3.102885732144E-1,-9.506424150713E-1,0.E0));
#16794=DIRECTION('',(-9.506424150713E-1,3.102885732144E-1,0.E0));
#16795=AXIS2_PLACEMENT_3D('',#16792,#16793,#16794);
#16796=PLANE('',#16795);
#16797=ORIENTED_EDGE('',*,*,#10424,.F.);
#16799=ORIENTED_EDGE('',*,*,#16798,.T.);
#16800=ORIENTED_EDGE('',*,*,#12168,.T.);
#16801=ORIENTED_EDGE('',*,*,#16785,.F.);
#16802=EDGE_LOOP('',(#16797,#16799,#16800,#16801));
#16803=FACE_OUTER_BOUND('',#16802,.F.);
#16804=ADVANCED_FACE('',(#16803),#16796,.F.);
#16805=CARTESIAN_POINT('',(1.594407866845E2,4.892077717439E1,
-7.096364997533E0));
#16806=DIRECTION('',(-4.397080214695E-1,8.981407773035E-1,0.E0));
#16807=DIRECTION('',(8.981407773035E-1,4.397080214695E-1,0.E0));
#16808=AXIS2_PLACEMENT_3D('',#16805,#16806,#16807);
#16809=PLANE('',#16808);
#16810=ORIENTED_EDGE('',*,*,#10422,.F.);
#16812=ORIENTED_EDGE('',*,*,#16811,.T.);
#16813=ORIENTED_EDGE('',*,*,#12170,.T.);
#16814=ORIENTED_EDGE('',*,*,#16798,.F.);
#16815=EDGE_LOOP('',(#16810,#16812,#16813,#16814));
#16816=FACE_OUTER_BOUND('',#16815,.F.);
#16817=ADVANCED_FACE('',(#16816),#16809,.F.);
#16818=CARTESIAN_POINT('',(1.593556803004E2,4.879577717439E1,
-7.096364997533E0));
#16819=DIRECTION('',(-8.265992444194E-1,5.627909817377E-1,0.E0));
#16820=DIRECTION('',(5.627909817377E-1,8.265992444194E-1,0.E0));
#16821=AXIS2_PLACEMENT_3D('',#16818,#16819,#16820);
#16822=PLANE('',#16821);
#16823=ORIENTED_EDGE('',*,*,#10420,.F.);
#16825=ORIENTED_EDGE('',*,*,#16824,.T.);
#16826=ORIENTED_EDGE('',*,*,#12172,.T.);
#16827=ORIENTED_EDGE('',*,*,#16811,.F.);
#16828=EDGE_LOOP('',(#16823,#16825,#16826,#16827));
#16829=FACE_OUTER_BOUND('',#16828,.F.);
#16830=ADVANCED_FACE('',(#16829),#16822,.F.);
#16831=CARTESIAN_POINT('',(1.593131271103E2,4.858744320528E1,
-7.096364997533E0));
#16832=DIRECTION('',(-9.797708255911E-1,2.001227856107E-1,0.E0));
#16833=DIRECTION('',(2.001227856107E-1,9.797708255911E-1,0.E0));
#16834=AXIS2_PLACEMENT_3D('',#16831,#16832,#16833);
#16835=PLANE('',#16834);
#16836=ORIENTED_EDGE('',*,*,#10418,.F.);
#16838=ORIENTED_EDGE('',*,*,#16837,.T.);
#16839=ORIENTED_EDGE('',*,*,#12174,.T.);
#16840=ORIENTED_EDGE('',*,*,#16824,.F.);
#16841=EDGE_LOOP('',(#16836,#16838,#16839,#16840));
#16842=FACE_OUTER_BOUND('',#16841,.F.);
#16843=ADVANCED_FACE('',(#16842),#16835,.F.);
#16844=CARTESIAN_POINT('',(1.593131271103E2,4.833744320528E1,
-7.096364997533E0));
#16845=DIRECTION('',(-1.E0,0.E0,0.E0));
#16846=DIRECTION('',(0.E0,1.E0,0.E0));
#16847=AXIS2_PLACEMENT_3D('',#16844,#16845,#16846);
#16848=PLANE('',#16847);
#16849=ORIENTED_EDGE('',*,*,#10416,.F.);
#16851=ORIENTED_EDGE('',*,*,#16850,.T.);
#16852=ORIENTED_EDGE('',*,*,#12176,.T.);
#16853=ORIENTED_EDGE('',*,*,#16837,.F.);
#16854=EDGE_LOOP('',(#16849,#16851,#16852,#16853));
#16855=FACE_OUTER_BOUND('',#16854,.F.);
#16856=ADVANCED_FACE('',(#16855),#16848,.F.);
#16857=CARTESIAN_POINT('',(1.593556803004E2,4.817077717439E1,
-7.096364997533E0));
#16858=DIRECTION('',(-9.689174863035E-1,-2.473841238545E-1,0.E0));
#16859=DIRECTION('',(-2.473841238545E-1,9.689174863035E-1,0.E0));
#16860=AXIS2_PLACEMENT_3D('',#16857,#16858,#16859);
#16861=PLANE('',#16860);
#16862=ORIENTED_EDGE('',*,*,#10414,.F.);
#16864=ORIENTED_EDGE('',*,*,#16863,.T.);
#16865=ORIENTED_EDGE('',*,*,#12178,.T.);
#16866=ORIENTED_EDGE('',*,*,#16850,.F.);
#16867=EDGE_LOOP('',(#16862,#16864,#16865,#16866));
#16868=FACE_OUTER_BOUND('',#16867,.F.);
#16869=ADVANCED_FACE('',(#16868),#16861,.F.);
#16870=CARTESIAN_POINT('',(1.593982334906E2,4.808744320528E1,
-7.096364997533E0));
#16871=DIRECTION('',(-8.906066760391E-1,-4.547743930726E-1,0.E0));
#16872=DIRECTION('',(-4.547743930726E-1,8.906066760391E-1,0.E0));
#16873=AXIS2_PLACEMENT_3D('',#16870,#16871,#16872);
#16874=PLANE('',#16873);
#16875=ORIENTED_EDGE('',*,*,#10412,.F.);
#16877=ORIENTED_EDGE('',*,*,#16876,.T.);
#16878=ORIENTED_EDGE('',*,*,#12180,.T.);
#16879=ORIENTED_EDGE('',*,*,#16863,.F.);
#16880=EDGE_LOOP('',(#16875,#16877,#16878,#16879));
#16881=FACE_OUTER_BOUND('',#16880,.F.);
#16882=ADVANCED_FACE('',(#16881),#16874,.F.);
#16883=CARTESIAN_POINT('',(1.595258930722E2,4.796244320528E1,
-7.096364997533E0));
#16884=DIRECTION('',(-6.996247726494E-1,-7.145104460365E-1,0.E0));
#16885=DIRECTION('',(-7.145104460365E-1,6.996247726494E-1,0.E0));
#16886=AXIS2_PLACEMENT_3D('',#16883,#16884,#16885);
#16887=PLANE('',#16886);
#16888=ORIENTED_EDGE('',*,*,#10410,.F.);
#16890=ORIENTED_EDGE('',*,*,#16889,.T.);
#16891=ORIENTED_EDGE('',*,*,#12182,.T.);
#16892=ORIENTED_EDGE('',*,*,#16876,.F.);
#16893=EDGE_LOOP('',(#16888,#16890,#16891,#16892));
#16894=FACE_OUTER_BOUND('',#16893,.F.);
#16895=ADVANCED_FACE('',(#16894),#16887,.F.);
#16896=CARTESIAN_POINT('',(1.596961058477E2,4.792077717439E1,
-7.096364997533E0));
#16897=DIRECTION('',(-2.377678901991E-1,-9.713220013931E-1,0.E0));
#16898=DIRECTION('',(-9.713220013931E-1,2.377678901991E-1,0.E0));
#16899=AXIS2_PLACEMENT_3D('',#16896,#16897,#16898);
#16900=PLANE('',#16899);
#16901=ORIENTED_EDGE('',*,*,#10408,.F.);
#16903=ORIENTED_EDGE('',*,*,#16902,.T.);
#16904=ORIENTED_EDGE('',*,*,#12184,.T.);
#16905=ORIENTED_EDGE('',*,*,#16889,.F.);
#16906=EDGE_LOOP('',(#16901,#16903,#16904,#16905));
#16907=FACE_OUTER_BOUND('',#16906,.F.);
#16908=ADVANCED_FACE('',(#16907),#16900,.F.);
#16909=CARTESIAN_POINT('',(1.598237654069E2,4.792077717439E1,
-7.096364997533E0));
#16910=DIRECTION('',(0.E0,-1.E0,0.E0));
#16911=DIRECTION('',(-1.E0,0.E0,0.E0));
#16912=AXIS2_PLACEMENT_3D('',#16909,#16910,#16911);
#16913=PLANE('',#16912);
#16914=ORIENTED_EDGE('',*,*,#10406,.F.);
#16916=ORIENTED_EDGE('',*,*,#16915,.T.);
#16917=ORIENTED_EDGE('',*,*,#12186,.T.);
#16918=ORIENTED_EDGE('',*,*,#16902,.F.);
#16919=EDGE_LOOP('',(#16914,#16916,#16917,#16918));
#16920=FACE_OUTER_BOUND('',#16919,.F.);
#16921=ADVANCED_FACE('',(#16920),#16913,.F.);
#16922=CARTESIAN_POINT('',(1.599939781526E2,4.800411114351E1,
-7.096364997533E0));
#16923=DIRECTION('',(4.397162019326E-1,-8.981367723003E-1,0.E0));
#16924=DIRECTION('',(-8.981367723003E-1,-4.397162019326E-1,0.E0));
#16925=AXIS2_PLACEMENT_3D('',#16922,#16923,#16924);
#16926=PLANE('',#16925);
#16927=ORIENTED_EDGE('',*,*,#10404,.F.);
#16929=ORIENTED_EDGE('',*,*,#16928,.T.);
#16930=ORIENTED_EDGE('',*,*,#12188,.T.);
#16931=ORIENTED_EDGE('',*,*,#16915,.F.);
#16932=EDGE_LOOP('',(#16927,#16929,#16930,#16931));
#16933=FACE_OUTER_BOUND('',#16932,.F.);
#16934=ADVANCED_FACE('',(#16933),#16926,.F.);
#16935=CARTESIAN_POINT('',(1.600790845850E2,4.808744320528E1,
-7.096364997533E0));
#16936=DIRECTION('',(6.996191349005E-1,-7.145159662884E-1,0.E0));
#16937=DIRECTION('',(-7.145159662884E-1,-6.996191349005E-1,0.E0));
#16938=AXIS2_PLACEMENT_3D('',#16935,#16936,#16937);
#16939=PLANE('',#16938);
#16940=ORIENTED_EDGE('',*,*,#10402,.F.);
#16942=ORIENTED_EDGE('',*,*,#16941,.T.);
#16943=ORIENTED_EDGE('',*,*,#12190,.T.);
#16944=ORIENTED_EDGE('',*,*,#16928,.F.);
#16945=EDGE_LOOP('',(#16940,#16942,#16943,#16944));
#16946=FACE_OUTER_BOUND('',#16945,.F.);
#16947=ADVANCED_FACE('',(#16946),#16939,.F.);
#16948=CARTESIAN_POINT('',(1.601641909578E2,4.825411114351E1,
-7.096364997533E0));
#16949=DIRECTION('',(8.906066921644E-1,-4.547743614938E-1,0.E0));
#16950=DIRECTION('',(-4.547743614938E-1,-8.906066921644E-1,0.E0));
#16951=AXIS2_PLACEMENT_3D('',#16948,#16949,#16950);
#16952=PLANE('',#16951);
#16953=ORIENTED_EDGE('',*,*,#10400,.F.);
#16955=ORIENTED_EDGE('',*,*,#16954,.T.);
#16956=ORIENTED_EDGE('',*,*,#12192,.T.);
#16957=ORIENTED_EDGE('',*,*,#16941,.F.);
#16958=EDGE_LOOP('',(#16953,#16955,#16956,#16957));
#16959=FACE_OUTER_BOUND('',#16958,.F.);
#16960=ADVANCED_FACE('',(#16959),#16952,.F.);
#16961=CARTESIAN_POINT('',(1.602067441443E2,4.850411114351E1,
-7.096364997533E0));
#16962=DIRECTION('',(9.858211730931E-1,-1.677993286083E-1,0.E0));
#16963=DIRECTION('',(-1.677993286083E-1,-9.858211730931E-1,0.E0));
#16964=AXIS2_PLACEMENT_3D('',#16961,#16962,#16963);
#16965=PLANE('',#16964);
#16966=ORIENTED_EDGE('',*,*,#10398,.F.);
#16968=ORIENTED_EDGE('',*,*,#16967,.T.);
#16969=ORIENTED_EDGE('',*,*,#12194,.T.);
#16970=ORIENTED_EDGE('',*,*,#16954,.F.);
#16971=EDGE_LOOP('',(#16966,#16968,#16969,#16970));
#16972=FACE_OUTER_BOUND('',#16971,.F.);
#16973=ADVANCED_FACE('',(#16972),#16965,.F.);
#16974=CARTESIAN_POINT('',(1.602067441443E2,4.896244320528E1,
-7.096364997533E0));
#16975=DIRECTION('',(1.E0,0.E0,0.E0));
#16976=DIRECTION('',(0.E0,-1.E0,0.E0));
#16977=AXIS2_PLACEMENT_3D('',#16974,#16975,#16976);
#16978=PLANE('',#16977);
#16979=ORIENTED_EDGE('',*,*,#10396,.F.);
#16981=ORIENTED_EDGE('',*,*,#16980,.T.);
#16982=ORIENTED_EDGE('',*,*,#12196,.T.);
#16983=ORIENTED_EDGE('',*,*,#16967,.F.);
#16984=EDGE_LOOP('',(#16979,#16981,#16982,#16983));
#16985=FACE_OUTER_BOUND('',#16984,.F.);
#16986=ADVANCED_FACE('',(#16985),#16978,.F.);
#16987=CARTESIAN_POINT('',(1.603344037035E2,4.896244320528E1,
-7.096364997533E0));
#16988=DIRECTION('',(0.E0,-1.E0,0.E0));
#16989=DIRECTION('',(-1.E0,0.E0,0.E0));
#16990=AXIS2_PLACEMENT_3D('',#16987,#16988,#16989);
#16991=PLANE('',#16990);
#16992=ORIENTED_EDGE('',*,*,#10394,.F.);
#16994=ORIENTED_EDGE('',*,*,#16993,.T.);
#16995=ORIENTED_EDGE('',*,*,#12198,.T.);
#16996=ORIENTED_EDGE('',*,*,#16980,.F.);
#16997=EDGE_LOOP('',(#16992,#16994,#16995,#16996));
#16998=FACE_OUTER_BOUND('',#16997,.F.);
#16999=ADVANCED_FACE('',(#16998),#16991,.F.);
#17000=CARTESIAN_POINT('',(1.604195100763E2,4.892077717439E1,
-7.096364997533E0));
#17001=DIRECTION('',(-4.397080835723E-1,-8.981407468995E-1,0.E0));
#17002=DIRECTION('',(-8.981407468995E-1,4.397080835723E-1,0.E0));
#17003=AXIS2_PLACEMENT_3D('',#17000,#17001,#17002);
#17004=PLANE('',#17003);
#17005=ORIENTED_EDGE('',*,*,#10392,.F.);
#17007=ORIENTED_EDGE('',*,*,#17006,.T.);
#17008=ORIENTED_EDGE('',*,*,#12200,.T.);
#17009=ORIENTED_EDGE('',*,*,#16993,.F.);
#17010=EDGE_LOOP('',(#17005,#17007,#17008,#17009));
#17011=FACE_OUTER_BOUND('',#17010,.F.);
#17012=ADVANCED_FACE('',(#17011),#17004,.F.);
#17013=CARTESIAN_POINT('',(1.604620632628E2,4.883744320528E1,
-7.096364997533E0));
#17014=DIRECTION('',(-8.906066921644E-1,-4.547743614938E-1,0.E0));
#17015=DIRECTION('',(-4.547743614938E-1,8.906066921644E-1,0.E0));
#17016=AXIS2_PLACEMENT_3D('',#17013,#17014,#17015);
#17017=PLANE('',#17016);
#17018=ORIENTED_EDGE('',*,*,#10390,.F.);
#17020=ORIENTED_EDGE('',*,*,#17019,.T.);
#17021=ORIENTED_EDGE('',*,*,#12202,.T.);
#17022=ORIENTED_EDGE('',*,*,#17006,.F.);
#17023=EDGE_LOOP('',(#17018,#17020,#17021,#17022));
#17024=FACE_OUTER_BOUND('',#17023,.F.);
#17025=ADVANCED_FACE('',(#17024),#17017,.F.);
#17026=CARTESIAN_POINT('',(1.605046164492E2,4.867077717439E1,
-7.096364997533E0));
#17027=DIRECTION('',(-9.689174914946E-1,-2.473841035229E-1,0.E0));
#17028=DIRECTION('',(-2.473841035229E-1,9.689174914946E-1,0.E0));
#17029=AXIS2_PLACEMENT_3D('',#17026,#17027,#17028);
#17030=PLANE('',#17029);
#17031=ORIENTED_EDGE('',*,*,#10388,.F.);
#17033=ORIENTED_EDGE('',*,*,#17032,.T.);
#17034=ORIENTED_EDGE('',*,*,#12204,.T.);
#17035=ORIENTED_EDGE('',*,*,#17019,.F.);
#17036=EDGE_LOOP('',(#17031,#17033,#17034,#17035));
#17037=FACE_OUTER_BOUND('',#17036,.F.);
#17038=ADVANCED_FACE('',(#17037),#17030,.F.);
#17039=CARTESIAN_POINT('',(1.605046164492E2,4.842077717439E1,
-7.096364997533E0));
#17040=DIRECTION('',(-1.E0,0.E0,0.E0));
#17041=DIRECTION('',(0.E0,1.E0,0.E0));
#17042=AXIS2_PLACEMENT_3D('',#17039,#17040,#17041);
#17043=PLANE('',#17042);
#17044=ORIENTED_EDGE('',*,*,#10386,.F.);
#17046=ORIENTED_EDGE('',*,*,#17045,.T.);
#17047=ORIENTED_EDGE('',*,*,#12206,.T.);
#17048=ORIENTED_EDGE('',*,*,#17032,.F.);
#17049=EDGE_LOOP('',(#17044,#17046,#17047,#17048));
#17050=FACE_OUTER_BOUND('',#17049,.F.);
#17051=ADVANCED_FACE('',(#17050),#17043,.F.);
#17052=CARTESIAN_POINT('',(1.604620632628E2,4.825411114351E1,
-7.096364997533E0));
#17053=DIRECTION('',(-9.689174914946E-1,2.473841035229E-1,0.E0));
#17054=DIRECTION('',(2.473841035229E-1,9.689174914946E-1,0.E0));
#17055=AXIS2_PLACEMENT_3D('',#17052,#17053,#17054);
#17056=PLANE('',#17055);
#17057=ORIENTED_EDGE('',*,*,#10384,.F.);
#17059=ORIENTED_EDGE('',*,*,#17058,.T.);
#17060=ORIENTED_EDGE('',*,*,#12208,.T.);
#17061=ORIENTED_EDGE('',*,*,#17045,.F.);
#17062=EDGE_LOOP('',(#17057,#17059,#17060,#17061));
#17063=FACE_OUTER_BOUND('',#17062,.F.);
#17064=ADVANCED_FACE('',(#17063),#17056,.F.);
#17065=CARTESIAN_POINT('',(1.604195100763E2,4.817077717439E1,
-7.096364997533E0));
#17066=DIRECTION('',(-8.906066921644E-1,4.547743614938E-1,0.E0));
#17067=DIRECTION('',(4.547743614938E-1,8.906066921644E-1,0.E0));
#17068=AXIS2_PLACEMENT_3D('',#17065,#17066,#17067);
#17069=PLANE('',#17068);
#17070=ORIENTED_EDGE('',*,*,#10382,.F.);
#17072=ORIENTED_EDGE('',*,*,#17071,.T.);
#17073=ORIENTED_EDGE('',*,*,#12210,.T.);
#17074=ORIENTED_EDGE('',*,*,#17058,.F.);
#17075=EDGE_LOOP('',(#17070,#17072,#17073,#17074));
#17076=FACE_OUTER_BOUND('',#17075,.F.);
#17077=ADVANCED_FACE('',(#17076),#17069,.F.);
#17078=CARTESIAN_POINT('',(1.603344037035E2,4.812911114351E1,
-7.096364997533E0));
#17079=DIRECTION('',(-4.397080835723E-1,8.981407468995E-1,0.E0));
#17080=DIRECTION('',(8.981407468995E-1,4.397080835723E-1,0.E0));
#17081=AXIS2_PLACEMENT_3D('',#17078,#17079,#17080);
#17082=PLANE('',#17081);
#17083=ORIENTED_EDGE('',*,*,#10380,.F.);
#17085=ORIENTED_EDGE('',*,*,#17084,.T.);
#17086=ORIENTED_EDGE('',*,*,#12212,.T.);
#17087=ORIENTED_EDGE('',*,*,#17071,.F.);
#17088=EDGE_LOOP('',(#17083,#17085,#17086,#17087));
#17089=FACE_OUTER_BOUND('',#17088,.F.);
#17090=ADVANCED_FACE('',(#17089),#17082,.F.);
#17091=CARTESIAN_POINT('',(1.603344037035E2,4.792077717439E1,
-7.096364997533E0));
#17092=DIRECTION('',(-1.E0,0.E0,0.E0));
#17093=DIRECTION('',(0.E0,1.E0,0.E0));
#17094=AXIS2_PLACEMENT_3D('',#17091,#17092,#17093);
#17095=PLANE('',#17094);
#17096=ORIENTED_EDGE('',*,*,#10378,.F.);
#17098=ORIENTED_EDGE('',*,*,#17097,.T.);
#17099=ORIENTED_EDGE('',*,*,#12214,.T.);
#17100=ORIENTED_EDGE('',*,*,#17084,.F.);
#17101=EDGE_LOOP('',(#17096,#17098,#17099,#17100));
#17102=FACE_OUTER_BOUND('',#17101,.F.);
#17103=ADVANCED_FACE('',(#17102),#17095,.F.);
#17104=CARTESIAN_POINT('',(1.604195100763E2,4.792077717439E1,
-7.096364997533E0));
#17105=DIRECTION('',(0.E0,-1.E0,0.E0));
#17106=DIRECTION('',(-1.E0,0.E0,0.E0));
#17107=AXIS2_PLACEMENT_3D('',#17104,#17105,#17106);
#17108=PLANE('',#17107);
#17109=ORIENTED_EDGE('',*,*,#10376,.F.);
#17111=ORIENTED_EDGE('',*,*,#17110,.T.);
#17112=ORIENTED_EDGE('',*,*,#12216,.T.);
#17113=ORIENTED_EDGE('',*,*,#17097,.F.);
#17114=EDGE_LOOP('',(#17109,#17111,#17112,#17113));
#17115=FACE_OUTER_BOUND('',#17114,.F.);
#17116=ADVANCED_FACE('',(#17115),#17108,.F.);
#17117=CARTESIAN_POINT('',(1.605046164492E2,4.796244320528E1,
-7.096364997533E0));
#17118=DIRECTION('',(4.397080835723E-1,-8.981407468995E-1,0.E0));
#17119=DIRECTION('',(-8.981407468995E-1,-4.397080835723E-1,0.E0));
#17120=AXIS2_PLACEMENT_3D('',#17117,#17118,#17119);
#17121=PLANE('',#17120);
#17122=ORIENTED_EDGE('',*,*,#10374,.F.);
#17124=ORIENTED_EDGE('',*,*,#17123,.T.);
#17125=ORIENTED_EDGE('',*,*,#12218,.T.);
#17126=ORIENTED_EDGE('',*,*,#17110,.F.);
#17127=EDGE_LOOP('',(#17122,#17124,#17125,#17126));
#17128=FACE_OUTER_BOUND('',#17127,.F.);
#17129=ADVANCED_FACE('',(#17128),#17121,.F.);
#17130=CARTESIAN_POINT('',(1.605897228220E2,4.804577717439E1,
-7.096364997533E0));
#17131=DIRECTION('',(6.996275602085E-1,-7.145077165410E-1,0.E0));
#17132=DIRECTION('',(-7.145077165410E-1,-6.996275602085E-1,0.E0));
#17133=AXIS2_PLACEMENT_3D('',#17130,#17131,#17132);
#17134=PLANE('',#17133);
#17135=ORIENTED_EDGE('',*,*,#10372,.F.);
#17137=ORIENTED_EDGE('',*,*,#17136,.T.);
#17138=ORIENTED_EDGE('',*,*,#12220,.T.);
#17139=ORIENTED_EDGE('',*,*,#17123,.F.);
#17140=EDGE_LOOP('',(#17135,#17137,#17138,#17139));
#17141=FACE_OUTER_BOUND('',#17140,.F.);
#17142=ADVANCED_FACE('',(#17141),#17134,.F.);
#17143=CARTESIAN_POINT('',(1.606322760084E2,4.812911114351E1,
-7.096364997533E0));
#17144=DIRECTION('',(8.906066921644E-1,-4.547743614938E-1,0.E0));
#17145=DIRECTION('',(-4.547743614938E-1,-8.906066921644E-1,0.E0));
#17146=AXIS2_PLACEMENT_3D('',#17143,#17144,#17145);
#17147=PLANE('',#17146);
#17148=ORIENTED_EDGE('',*,*,#10370,.F.);
#17150=ORIENTED_EDGE('',*,*,#17149,.T.);
#17151=ORIENTED_EDGE('',*,*,#12222,.T.);
#17152=ORIENTED_EDGE('',*,*,#17136,.F.);
#17153=EDGE_LOOP('',(#17148,#17150,#17151,#17152));
#17154=FACE_OUTER_BOUND('',#17153,.F.);
#17155=ADVANCED_FACE('',(#17154),#17147,.F.);
#17156=CARTESIAN_POINT('',(1.606748291948E2,4.842077717439E1,
-7.096364997533E0));
#17157=DIRECTION('',(9.895239890632E-1,-1.443685390539E-1,0.E0));
#17158=DIRECTION('',(-1.443685390539E-1,-9.895239890632E-1,0.E0));
#17159=AXIS2_PLACEMENT_3D('',#17156,#17157,#17158);
#17160=PLANE('',#17159);
#17161=ORIENTED_EDGE('',*,*,#10368,.F.);
#17163=ORIENTED_EDGE('',*,*,#17162,.T.);
#17164=ORIENTED_EDGE('',*,*,#12224,.T.);
#17165=ORIENTED_EDGE('',*,*,#17149,.F.);
#17166=EDGE_LOOP('',(#17161,#17163,#17164,#17165));
#17167=FACE_OUTER_BOUND('',#17166,.F.);
#17168=ADVANCED_FACE('',(#17167),#17160,.F.);
#17169=CARTESIAN_POINT('',(1.606748291948E2,4.867077717439E1,
-7.096364997533E0));
#17170=DIRECTION('',(1.E0,0.E0,0.E0));
#17171=DIRECTION('',(0.E0,-1.E0,0.E0));
#17172=AXIS2_PLACEMENT_3D('',#17169,#17170,#17171);
#17173=PLANE('',#17172);
#17174=ORIENTED_EDGE('',*,*,#10366,.F.);
#17176=ORIENTED_EDGE('',*,*,#17175,.T.);
#17177=ORIENTED_EDGE('',*,*,#12226,.T.);
#17178=ORIENTED_EDGE('',*,*,#17162,.F.);
#17179=EDGE_LOOP('',(#17174,#17176,#17177,#17178));
#17180=FACE_OUTER_BOUND('',#17179,.F.);
#17181=ADVANCED_FACE('',(#17180),#17173,.F.);
#17182=CARTESIAN_POINT('',(1.606322760084E2,4.892077717439E1,
-7.096364997533E0));
#17183=DIRECTION('',(9.858211730931E-1,1.677993286083E-1,0.E0));
#17184=DIRECTION('',(1.677993286083E-1,-9.858211730931E-1,0.E0));
#17185=AXIS2_PLACEMENT_3D('',#17182,#17183,#17184);
#17186=PLANE('',#17185);
#17187=ORIENTED_EDGE('',*,*,#10364,.F.);
#17189=ORIENTED_EDGE('',*,*,#17188,.T.);
#17190=ORIENTED_EDGE('',*,*,#12228,.T.);
#17191=ORIENTED_EDGE('',*,*,#17175,.F.);
#17192=EDGE_LOOP('',(#17187,#17189,#17190,#17191));
#17193=FACE_OUTER_BOUND('',#17192,.F.);
#17194=ADVANCED_FACE('',(#17193),#17186,.F.);
#17195=CARTESIAN_POINT('',(1.605471696356E2,4.904577717439E1,
-7.096364997533E0));
#17196=DIRECTION('',(8.265992787996E-1,5.627909312417E-1,0.E0));
#17197=DIRECTION('',(5.627909312417E-1,-8.265992787996E-1,0.E0));
#17198=AXIS2_PLACEMENT_3D('',#17195,#17196,#17197);
#17199=PLANE('',#17198);
#17200=ORIENTED_EDGE('',*,*,#10362,.F.);
#17202=ORIENTED_EDGE('',*,*,#17201,.T.);
#17203=ORIENTED_EDGE('',*,*,#12230,.T.);
#17204=ORIENTED_EDGE('',*,*,#17188,.F.);
#17205=EDGE_LOOP('',(#17200,#17202,#17203,#17204));
#17206=FACE_OUTER_BOUND('',#17205,.F.);
#17207=ADVANCED_FACE('',(#17206),#17199,.F.);
#17208=CARTESIAN_POINT('',(1.604620632628E2,4.912911114351E1,
-7.096364997533E0));
#17209=DIRECTION('',(6.996275602085E-1,7.145077165410E-1,0.E0));
#17210=DIRECTION('',(7.145077165410E-1,-6.996275602085E-1,0.E0));
#17211=AXIS2_PLACEMENT_3D('',#17208,#17209,#17210);
#17212=PLANE('',#17211);
#17213=ORIENTED_EDGE('',*,*,#10360,.F.);
#17215=ORIENTED_EDGE('',*,*,#17214,.T.);
#17216=ORIENTED_EDGE('',*,*,#12232,.T.);
#17217=ORIENTED_EDGE('',*,*,#17201,.F.);
#17218=EDGE_LOOP('',(#17213,#17215,#17216,#17217));
#17219=FACE_OUTER_BOUND('',#17218,.F.);
#17220=ADVANCED_FACE('',(#17219),#17212,.F.);
#17221=CARTESIAN_POINT('',(1.603344037035E2,4.917077717439E1,
-7.096364997533E0));
#17222=DIRECTION('',(3.102757862690E-1,9.506465886201E-1,0.E0));
#17223=DIRECTION('',(9.506465886201E-1,-3.102757862690E-1,0.E0));
#17224=AXIS2_PLACEMENT_3D('',#17221,#17222,#17223);
#17225=PLANE('',#17224);
#17226=ORIENTED_EDGE('',*,*,#10358,.F.);
#17228=ORIENTED_EDGE('',*,*,#17227,.T.);
#17229=ORIENTED_EDGE('',*,*,#12234,.T.);
#17230=ORIENTED_EDGE('',*,*,#17214,.F.);
#17231=EDGE_LOOP('',(#17226,#17228,#17229,#17230));
#17232=FACE_OUTER_BOUND('',#17231,.F.);
#17233=ADVANCED_FACE('',(#17232),#17225,.F.);
#17234=CARTESIAN_POINT('',(1.596535526314E2,4.917077717439E1,
-7.096364997533E0));
#17235=DIRECTION('',(0.E0,1.E0,0.E0));
#17236=DIRECTION('',(1.E0,0.E0,0.E0));
#17237=AXIS2_PLACEMENT_3D('',#17234,#17235,#17236);
#17238=PLANE('',#17237);
#17239=ORIENTED_EDGE('',*,*,#10356,.F.);
#17241=ORIENTED_EDGE('',*,*,#17240,.T.);
#17242=ORIENTED_EDGE('',*,*,#12236,.T.);
#17243=ORIENTED_EDGE('',*,*,#17227,.F.);
#17244=EDGE_LOOP('',(#17239,#17241,#17242,#17243));
#17245=FACE_OUTER_BOUND('',#17244,.F.);
#17246=ADVANCED_FACE('',(#17245),#17238,.F.);
#17247=CARTESIAN_POINT('',(1.594407866845E2,4.921244320528E1,
-7.096364997533E0));
#17248=DIRECTION('',(1.921800162814E-1,9.813596900943E-1,0.E0));
#17249=DIRECTION('',(9.813596900943E-1,-1.921800162814E-1,0.E0));
#17250=AXIS2_PLACEMENT_3D('',#17247,#17248,#17249);
#17251=PLANE('',#17250);
#17252=ORIENTED_EDGE('',*,*,#10354,.F.);
#17253=ORIENTED_EDGE('',*,*,#16761,.T.);
#17254=ORIENTED_EDGE('',*,*,#12238,.T.);
#17255=ORIENTED_EDGE('',*,*,#17240,.F.);
#17256=EDGE_LOOP('',(#17252,#17253,#17254,#17255));
#17257=FACE_OUTER_BOUND('',#17256,.F.);
#17258=ADVANCED_FACE('',(#17257),#17251,.F.);
#17259=CARTESIAN_POINT('',(1.600365313390E2,4.896244320528E1,
-7.096364997533E0));
#17260=DIRECTION('',(0.E0,-1.E0,0.E0));
#17261=DIRECTION('',(-1.E0,0.E0,0.E0));
#17262=AXIS2_PLACEMENT_3D('',#17259,#17260,#17261);
#17263=PLANE('',#17262);
#17264=ORIENTED_EDGE('',*,*,#10806,.F.);
#17266=ORIENTED_EDGE('',*,*,#17265,.T.);
#17267=ORIENTED_EDGE('',*,*,#12242,.T.);
#17269=ORIENTED_EDGE('',*,*,#17268,.F.);
#17270=EDGE_LOOP('',(#17264,#17266,#17267,#17269));
#17271=FACE_OUTER_BOUND('',#17270,.F.);
#17272=ADVANCED_FACE('',(#17271),#17263,.F.);
#17273=CARTESIAN_POINT('',(1.600365313390E2,4.850411114351E1,
-7.096364997533E0));
#17274=DIRECTION('',(-1.E0,0.E0,0.E0));
#17275=DIRECTION('',(0.E0,1.E0,0.E0));
#17276=AXIS2_PLACEMENT_3D('',#17273,#17274,#17275);
#17277=PLANE('',#17276);
#17278=ORIENTED_EDGE('',*,*,#10830,.F.);
#17280=ORIENTED_EDGE('',*,*,#17279,.T.);
#17281=ORIENTED_EDGE('',*,*,#12244,.T.);
#17282=ORIENTED_EDGE('',*,*,#17265,.F.);
#17283=EDGE_LOOP('',(#17278,#17280,#17281,#17282));
#17284=FACE_OUTER_BOUND('',#17283,.F.);
#17285=ADVANCED_FACE('',(#17284),#17277,.F.);
#17286=CARTESIAN_POINT('',(1.599939781526E2,4.833744320528E1,
-7.096364997533E0));
#17287=DIRECTION('',(-9.689181700829E-1,2.473814457133E-1,0.E0));
#17288=DIRECTION('',(2.473814457133E-1,9.689181700829E-1,0.E0));
#17289=AXIS2_PLACEMENT_3D('',#17286,#17287,#17288);
#17290=PLANE('',#17289);
#17291=ORIENTED_EDGE('',*,*,#10828,.F.);
#17293=ORIENTED_EDGE('',*,*,#17292,.T.);
#17294=ORIENTED_EDGE('',*,*,#12246,.T.);
#17295=ORIENTED_EDGE('',*,*,#17279,.F.);
#17296=EDGE_LOOP('',(#17291,#17293,#17294,#17295));
#17297=FACE_OUTER_BOUND('',#17296,.F.);
#17298=ADVANCED_FACE('',(#17297),#17290,.F.);
#17299=CARTESIAN_POINT('',(1.599514249662E2,4.825411114351E1,
-7.096364997533E0));
#17300=DIRECTION('',(-8.906024761921E-1,4.547826177422E-1,0.E0));
#17301=DIRECTION('',(4.547826177422E-1,8.906024761921E-1,0.E0));
#17302=AXIS2_PLACEMENT_3D('',#17299,#17300,#17301);
#17303=PLANE('',#17302);
#17304=ORIENTED_EDGE('',*,*,#10826,.F.);
#17306=ORIENTED_EDGE('',*,*,#17305,.T.);
#17307=ORIENTED_EDGE('',*,*,#12248,.T.);
#17308=ORIENTED_EDGE('',*,*,#17292,.F.);
#17309=EDGE_LOOP('',(#17304,#17306,#17307,#17308));
#17310=FACE_OUTER_BOUND('',#17309,.F.);
#17311=ADVANCED_FACE('',(#17310),#17303,.F.);
#17312=CARTESIAN_POINT('',(1.598663185933E2,4.817077717439E1,
-7.096364997533E0));
#17313=DIRECTION('',(-6.996275602085E-1,7.145077165410E-1,0.E0));
#17314=DIRECTION('',(7.145077165410E-1,6.996275602085E-1,0.E0));
#17315=AXIS2_PLACEMENT_3D('',#17312,#17313,#17314);
#17316=PLANE('',#17315);
#17317=ORIENTED_EDGE('',*,*,#10824,.F.);
#17319=ORIENTED_EDGE('',*,*,#17318,.T.);
#17320=ORIENTED_EDGE('',*,*,#12250,.T.);
#17321=ORIENTED_EDGE('',*,*,#17305,.F.);
#17322=EDGE_LOOP('',(#17317,#17319,#17320,#17321));
#17323=FACE_OUTER_BOUND('',#17322,.F.);
#17324=ADVANCED_FACE('',(#17323),#17316,.F.);
#17325=CARTESIAN_POINT('',(1.597386590341E2,4.812911114351E1,
-7.096364997533E0));
#17326=DIRECTION('',(-3.102757862690E-1,9.506465886201E-1,0.E0));
#17327=DIRECTION('',(9.506465886201E-1,3.102757862690E-1,0.E0));
#17328=AXIS2_PLACEMENT_3D('',#17325,#17326,#17327);
#17329=PLANE('',#17328);
#17330=ORIENTED_EDGE('',*,*,#10822,.F.);
#17332=ORIENTED_EDGE('',*,*,#17331,.T.);
#17333=ORIENTED_EDGE('',*,*,#12252,.T.);
#17334=ORIENTED_EDGE('',*,*,#17318,.F.);
#17335=EDGE_LOOP('',(#17330,#17332,#17333,#17334));
#17336=FACE_OUTER_BOUND('',#17335,.F.);
#17337=ADVANCED_FACE('',(#17336),#17329,.F.);
#17338=CARTESIAN_POINT('',(1.596535526314E2,4.812911114351E1,
-7.096364997533E0));
#17339=DIRECTION('',(0.E0,1.E0,0.E0));
#17340=DIRECTION('',(1.E0,0.E0,0.E0));
#17341=AXIS2_PLACEMENT_3D('',#17338,#17339,#17340);
#17342=PLANE('',#17341);
#17343=ORIENTED_EDGE('',*,*,#10820,.F.);
#17345=ORIENTED_EDGE('',*,*,#17344,.T.);
#17346=ORIENTED_EDGE('',*,*,#12254,.T.);
#17347=ORIENTED_EDGE('',*,*,#17331,.F.);
#17348=EDGE_LOOP('',(#17343,#17345,#17346,#17347));
#17349=FACE_OUTER_BOUND('',#17348,.F.);
#17350=ADVANCED_FACE('',(#17349),#17342,.F.);
#17351=CARTESIAN_POINT('',(1.595684462586E2,4.817077717439E1,
-7.096364997533E0));
#17352=DIRECTION('',(4.397080835723E-1,8.981407468995E-1,0.E0));
#17353=DIRECTION('',(8.981407468995E-1,-4.397080835723E-1,0.E0));
#17354=AXIS2_PLACEMENT_3D('',#17351,#17352,#17353);
#17355=PLANE('',#17354);
#17356=ORIENTED_EDGE('',*,*,#10818,.F.);
#17358=ORIENTED_EDGE('',*,*,#17357,.T.);
#17359=ORIENTED_EDGE('',*,*,#12256,.T.);
#17360=ORIENTED_EDGE('',*,*,#17344,.F.);
#17361=EDGE_LOOP('',(#17356,#17358,#17359,#17360));
#17362=FACE_OUTER_BOUND('',#17361,.F.);
#17363=ADVANCED_FACE('',(#17362),#17355,.F.);
#17364=CARTESIAN_POINT('',(1.594833398709E2,4.833744320528E1,
-7.096364997533E0));
#17365=DIRECTION('',(8.906045519560E-1,4.547785527433E-1,0.E0));
#17366=DIRECTION('',(4.547785527433E-1,-8.906045519560E-1,0.E0));
#17367=AXIS2_PLACEMENT_3D('',#17364,#17365,#17366);
#17368=PLANE('',#17367);
#17369=ORIENTED_EDGE('',*,*,#10816,.F.);
#17371=ORIENTED_EDGE('',*,*,#17370,.T.);
#17372=ORIENTED_EDGE('',*,*,#12258,.T.);
#17373=ORIENTED_EDGE('',*,*,#17357,.F.);
#17374=EDGE_LOOP('',(#17369,#17371,#17372,#17373));
#17375=FACE_OUTER_BOUND('',#17374,.F.);
#17376=ADVANCED_FACE('',(#17375),#17368,.F.);
#17377=CARTESIAN_POINT('',(1.594833398709E2,4.858744320528E1,
-7.096364997533E0));
#17378=DIRECTION('',(1.E0,0.E0,0.E0));
#17379=DIRECTION('',(0.E0,-1.E0,0.E0));
#17380=AXIS2_PLACEMENT_3D('',#17377,#17378,#17379);
#17381=PLANE('',#17380);
#17382=ORIENTED_EDGE('',*,*,#10814,.F.);
#17384=ORIENTED_EDGE('',*,*,#17383,.T.);
#17385=ORIENTED_EDGE('',*,*,#12260,.T.);
#17386=ORIENTED_EDGE('',*,*,#17370,.F.);
#17387=EDGE_LOOP('',(#17382,#17384,#17385,#17386));
#17388=FACE_OUTER_BOUND('',#17387,.F.);
#17389=ADVANCED_FACE('',(#17388),#17381,.F.);
#17390=CARTESIAN_POINT('',(1.595684462586E2,4.879577717439E1,
-7.096364997533E0));
#17391=DIRECTION('',(9.257354880974E-1,-3.781716621814E-1,0.E0));
#17392=DIRECTION('',(-3.781716621814E-1,-9.257354880974E-1,0.E0));
#17393=AXIS2_PLACEMENT_3D('',#17390,#17391,#17392);
#17394=PLANE('',#17393);
#17395=ORIENTED_EDGE('',*,*,#10812,.F.);
#17397=ORIENTED_EDGE('',*,*,#17396,.T.);
#17398=ORIENTED_EDGE('',*,*,#12262,.T.);
#17399=ORIENTED_EDGE('',*,*,#17383,.F.);
#17400=EDGE_LOOP('',(#17395,#17397,#17398,#17399));
#17401=FACE_OUTER_BOUND('',#17400,.F.);
#17402=ADVANCED_FACE('',(#17401),#17394,.F.);
#17403=CARTESIAN_POINT('',(1.596961058477E2,4.892077717439E1,
-7.096364997533E0));
#17404=DIRECTION('',(6.996247518036E-1,-7.145104664480E-1,0.E0));
#17405=DIRECTION('',(-7.145104664480E-1,-6.996247518036E-1,0.E0));
#17406=AXIS2_PLACEMENT_3D('',#17403,#17404,#17405);
#17407=PLANE('',#17406);
#17408=ORIENTED_EDGE('',*,*,#10810,.F.);
#17410=ORIENTED_EDGE('',*,*,#17409,.T.);
#17411=ORIENTED_EDGE('',*,*,#12264,.T.);
#17412=ORIENTED_EDGE('',*,*,#17396,.F.);
#17413=EDGE_LOOP('',(#17408,#17410,#17411,#17412));
#17414=FACE_OUTER_BOUND('',#17413,.F.);
#17415=ADVANCED_FACE('',(#17414),#17407,.F.);
#17416=CARTESIAN_POINT('',(1.597812122205E2,4.896244320528E1,
-7.096364997533E0));
#17417=DIRECTION('',(4.397080835723E-1,-8.981407468995E-1,0.E0));
#17418=DIRECTION('',(-8.981407468995E-1,-4.397080835723E-1,0.E0));
#17419=AXIS2_PLACEMENT_3D('',#17416,#17417,#17418);
#17420=PLANE('',#17419);
#17421=ORIENTED_EDGE('',*,*,#10808,.F.);
#17422=ORIENTED_EDGE('',*,*,#17268,.T.);
#17423=ORIENTED_EDGE('',*,*,#12266,.T.);
#17424=ORIENTED_EDGE('',*,*,#17409,.F.);
#17425=EDGE_LOOP('',(#17421,#17422,#17423,#17424));
#17426=FACE_OUTER_BOUND('',#17425,.F.);
#17427=ADVANCED_FACE('',(#17426),#17420,.F.);
#17428=CARTESIAN_POINT('',(1.593131271103E2,4.979577717439E1,
-7.096364997533E0));
#17429=DIRECTION('',(0.E0,1.E0,0.E0));
#17430=DIRECTION('',(1.E0,0.E0,0.E0));
#17431=AXIS2_PLACEMENT_3D('',#17428,#17429,#17430);
#17432=PLANE('',#17431);
#17433=ORIENTED_EDGE('',*,*,#10432,.F.);
#17435=ORIENTED_EDGE('',*,*,#17434,.T.);
#17436=ORIENTED_EDGE('',*,*,#12276,.T.);
#17438=ORIENTED_EDGE('',*,*,#17437,.F.);
#17439=EDGE_LOOP('',(#17433,#17435,#17436,#17438));
#17440=FACE_OUTER_BOUND('',#17439,.F.);
#17441=ADVANCED_FACE('',(#17440),#17432,.F.);
#17442=CARTESIAN_POINT('',(1.593131271103E2,4.958744320528E1,
-7.096364997533E0));
#17443=DIRECTION('',(-1.E0,0.E0,0.E0));
#17444=DIRECTION('',(0.E0,1.E0,0.E0));
#17445=AXIS2_PLACEMENT_3D('',#17442,#17443,#17444);
#17446=PLANE('',#17445);
#17447=ORIENTED_EDGE('',*,*,#10478,.F.);
#17449=ORIENTED_EDGE('',*,*,#17448,.T.);
#17450=ORIENTED_EDGE('',*,*,#12278,.T.);
#17451=ORIENTED_EDGE('',*,*,#17434,.F.);
#17452=EDGE_LOOP('',(#17447,#17449,#17450,#17451));
#17453=FACE_OUTER_BOUND('',#17452,.F.);
#17454=ADVANCED_FACE('',(#17453),#17446,.F.);
#17455=CARTESIAN_POINT('',(1.606748291948E2,4.958744320528E1,
-7.096364997533E0));
#17456=DIRECTION('',(0.E0,-1.E0,0.E0));
#17457=DIRECTION('',(-1.E0,0.E0,0.E0));
#17458=AXIS2_PLACEMENT_3D('',#17455,#17456,#17457);
#17459=PLANE('',#17458);
#17460=ORIENTED_EDGE('',*,*,#10476,.F.);
#17462=ORIENTED_EDGE('',*,*,#17461,.T.);
#17463=ORIENTED_EDGE('',*,*,#12280,.T.);
#17464=ORIENTED_EDGE('',*,*,#17448,.F.);
#17465=EDGE_LOOP('',(#17460,#17462,#17463,#17464));
#17466=FACE_OUTER_BOUND('',#17465,.F.);
#17467=ADVANCED_FACE('',(#17466),#17459,.F.);
#17468=CARTESIAN_POINT('',(1.606748291948E2,4.979577717439E1,
-7.096364997533E0));
#17469=DIRECTION('',(1.E0,0.E0,0.E0));
#17470=DIRECTION('',(0.E0,-1.E0,0.E0));
#17471=AXIS2_PLACEMENT_3D('',#17468,#17469,#17470);
#17472=PLANE('',#17471);
#17473=ORIENTED_EDGE('',*,*,#10474,.F.);
#17475=ORIENTED_EDGE('',*,*,#17474,.T.);
#17476=ORIENTED_EDGE('',*,*,#12282,.T.);
#17477=ORIENTED_EDGE('',*,*,#17461,.F.);
#17478=EDGE_LOOP('',(#17473,#17475,#17476,#17477));
#17479=FACE_OUTER_BOUND('',#17478,.F.);
#17480=ADVANCED_FACE('',(#17479),#17472,.F.);
#17481=CARTESIAN_POINT('',(1.604620632628E2,4.979577717439E1,
-7.096364997533E0));
#17482=DIRECTION('',(0.E0,1.E0,0.E0));
#17483=DIRECTION('',(1.E0,0.E0,0.E0));
#17484=AXIS2_PLACEMENT_3D('',#17481,#17482,#17483);
#17485=PLANE('',#17484);
#17486=ORIENTED_EDGE('',*,*,#10472,.F.);
#17488=ORIENTED_EDGE('',*,*,#17487,.T.);
#17489=ORIENTED_EDGE('',*,*,#12284,.T.);
#17490=ORIENTED_EDGE('',*,*,#17474,.F.);
#17491=EDGE_LOOP('',(#17486,#17488,#17489,#17490));
#17492=FACE_OUTER_BOUND('',#17491,.F.);
#17493=ADVANCED_FACE('',(#17492),#17485,.F.);
#17494=CARTESIAN_POINT('',(1.605471696356E2,4.987911114351E1,
-7.096364997533E0));
#17495=DIRECTION('',(6.996275602085E-1,-7.145077165410E-1,0.E0));
#17496=DIRECTION('',(-7.145077165410E-1,-6.996275602085E-1,0.E0));
#17497=AXIS2_PLACEMENT_3D('',#17494,#17495,#17496);
#17498=PLANE('',#17497);
#17499=ORIENTED_EDGE('',*,*,#10470,.F.);
#17501=ORIENTED_EDGE('',*,*,#17500,.T.);
#17502=ORIENTED_EDGE('',*,*,#12286,.T.);
#17503=ORIENTED_EDGE('',*,*,#17487,.F.);
#17504=EDGE_LOOP('',(#17499,#17501,#17502,#17503));
#17505=FACE_OUTER_BOUND('',#17504,.F.);
#17506=ADVANCED_FACE('',(#17505),#17498,.F.);
#17507=CARTESIAN_POINT('',(1.606322760084E2,5.000411114351E1,
-7.096364997533E0));
#17508=DIRECTION('',(8.265992787996E-1,-5.627909312417E-1,0.E0));
#17509=DIRECTION('',(-5.627909312417E-1,-8.265992787996E-1,0.E0));
#17510=AXIS2_PLACEMENT_3D('',#17507,#17508,#17509);
#17511=PLANE('',#17510);
#17512=ORIENTED_EDGE('',*,*,#10468,.F.);
#17514=ORIENTED_EDGE('',*,*,#17513,.T.);
#17515=ORIENTED_EDGE('',*,*,#12288,.T.);
#17516=ORIENTED_EDGE('',*,*,#17500,.F.);
#17517=EDGE_LOOP('',(#17512,#17514,#17515,#17516));
#17518=FACE_OUTER_BOUND('',#17517,.F.);
#17519=ADVANCED_FACE('',(#17518),#17511,.F.);
#17520=CARTESIAN_POINT('',(1.606748291948E2,5.017077717439E1,
-7.096364997533E0));
#17521=DIRECTION('',(9.689174914946E-1,-2.473841035229E-1,0.E0));
#17522=DIRECTION('',(-2.473841035229E-1,-9.689174914946E-1,0.E0));
#17523=AXIS2_PLACEMENT_3D('',#17520,#17521,#17522);
#17524=PLANE('',#17523);
#17525=ORIENTED_EDGE('',*,*,#10466,.F.);
#17527=ORIENTED_EDGE('',*,*,#17526,.T.);
#17528=ORIENTED_EDGE('',*,*,#12290,.T.);
#17529=ORIENTED_EDGE('',*,*,#17513,.F.);
#17530=EDGE_LOOP('',(#17525,#17527,#17528,#17529));
#17531=FACE_OUTER_BOUND('',#17530,.F.);
#17532=ADVANCED_FACE('',(#17531),#17524,.F.);
#17533=CARTESIAN_POINT('',(1.606748291948E2,5.033744320528E1,
-7.096364997533E0));
#17534=DIRECTION('',(1.E0,0.E0,0.E0));
#17535=DIRECTION('',(0.E0,-1.E0,0.E0));
#17536=AXIS2_PLACEMENT_3D('',#17533,#17534,#17535);
#17537=PLANE('',#17536);
#17538=ORIENTED_EDGE('',*,*,#10464,.F.);
#17540=ORIENTED_EDGE('',*,*,#17539,.T.);
#17541=ORIENTED_EDGE('',*,*,#12292,.T.);
#17542=ORIENTED_EDGE('',*,*,#17526,.F.);
#17543=EDGE_LOOP('',(#17538,#17540,#17541,#17542));
#17544=FACE_OUTER_BOUND('',#17543,.F.);
#17545=ADVANCED_FACE('',(#17544),#17537,.F.);
#17546=CARTESIAN_POINT('',(1.606322760084E2,5.046244320528E1,
-7.096364997533E0));
#17547=DIRECTION('',(9.466499177700E-1,3.222637633772E-1,0.E0));
#17548=DIRECTION('',(3.222637633772E-1,-9.466499177700E-1,0.E0));
#17549=AXIS2_PLACEMENT_3D('',#17546,#17547,#17548);
#17550=PLANE('',#17549);
#17551=ORIENTED_EDGE('',*,*,#10462,.F.);
#17553=ORIENTED_EDGE('',*,*,#17552,.T.);
#17554=ORIENTED_EDGE('',*,*,#12294,.T.);
#17555=ORIENTED_EDGE('',*,*,#17539,.F.);
#17556=EDGE_LOOP('',(#17551,#17553,#17554,#17555));
#17557=FACE_OUTER_BOUND('',#17556,.F.);
#17558=ADVANCED_FACE('',(#17557),#17550,.F.);
#17559=CARTESIAN_POINT('',(1.605471696356E2,5.058744320528E1,
-7.096364997533E0));
#17560=DIRECTION('',(8.265992787996E-1,5.627909312417E-1,0.E0));
#17561=DIRECTION('',(5.627909312417E-1,-8.265992787996E-1,0.E0));
#17562=AXIS2_PLACEMENT_3D('',#17559,#17560,#17561);
#17563=PLANE('',#17562);
#17564=ORIENTED_EDGE('',*,*,#10460,.F.);
#17566=ORIENTED_EDGE('',*,*,#17565,.T.);
#17567=ORIENTED_EDGE('',*,*,#12296,.T.);
#17568=ORIENTED_EDGE('',*,*,#17552,.F.);
#17569=EDGE_LOOP('',(#17564,#17566,#17567,#17568));
#17570=FACE_OUTER_BOUND('',#17569,.F.);
#17571=ADVANCED_FACE('',(#17570),#17563,.F.);
#17572=CARTESIAN_POINT('',(1.604620632628E2,5.067077717439E1,
-7.096364997533E0));
#17573=DIRECTION('',(6.996275602085E-1,7.145077165410E-1,0.E0));
#17574=DIRECTION('',(7.145077165410E-1,-6.996275602085E-1,0.E0));
#17575=AXIS2_PLACEMENT_3D('',#17572,#17573,#17574);
#17576=PLANE('',#17575);
#17577=ORIENTED_EDGE('',*,*,#10458,.F.);
#17579=ORIENTED_EDGE('',*,*,#17578,.T.);
#17580=ORIENTED_EDGE('',*,*,#12298,.T.);
#17581=ORIENTED_EDGE('',*,*,#17565,.F.);
#17582=EDGE_LOOP('',(#17577,#17579,#17580,#17581));
#17583=FACE_OUTER_BOUND('',#17582,.F.);
#17584=ADVANCED_FACE('',(#17583),#17576,.F.);
#17585=CARTESIAN_POINT('',(1.603344037035E2,5.071244320528E1,
-7.096364997533E0));
#17586=DIRECTION('',(3.102757862690E-1,9.506465886201E-1,0.E0));
#17587=DIRECTION('',(9.506465886201E-1,-3.102757862690E-1,0.E0));
#17588=AXIS2_PLACEMENT_3D('',#17585,#17586,#17587);
#17589=PLANE('',#17588);
#17590=ORIENTED_EDGE('',*,*,#10456,.F.);
#17592=ORIENTED_EDGE('',*,*,#17591,.T.);
#17593=ORIENTED_EDGE('',*,*,#12300,.T.);
#17594=ORIENTED_EDGE('',*,*,#17578,.F.);
#17595=EDGE_LOOP('',(#17590,#17592,#17593,#17594));
#17596=FACE_OUTER_BOUND('',#17595,.F.);
#17597=ADVANCED_FACE('',(#17596),#17589,.F.);
#17598=CARTESIAN_POINT('',(1.601216377714E2,5.075411114351E1,
-7.096364997533E0));
#17599=DIRECTION('',(1.921885017429E-1,9.813580283453E-1,0.E0));
#17600=DIRECTION('',(9.813580283453E-1,-1.921885017429E-1,0.E0));
#17601=AXIS2_PLACEMENT_3D('',#17598,#17599,#17600);
#17602=PLANE('',#17601);
#17603=ORIENTED_EDGE('',*,*,#10454,.F.);
#17605=ORIENTED_EDGE('',*,*,#17604,.T.);
#17606=ORIENTED_EDGE('',*,*,#12302,.T.);
#17607=ORIENTED_EDGE('',*,*,#17591,.F.);
#17608=EDGE_LOOP('',(#17603,#17605,#17606,#17607));
#17609=FACE_OUTER_BOUND('',#17608,.F.);
#17610=ADVANCED_FACE('',(#17609),#17602,.F.);
#17611=CARTESIAN_POINT('',(1.593131271103E2,5.075411114351E1,
-7.096364997533E0));
#17612=DIRECTION('',(0.E0,1.E0,0.E0));
#17613=DIRECTION('',(1.E0,0.E0,0.E0));
#17614=AXIS2_PLACEMENT_3D('',#17611,#17612,#17613);
#17615=PLANE('',#17614);
#17616=ORIENTED_EDGE('',*,*,#10452,.F.);
#17618=ORIENTED_EDGE('',*,*,#17617,.T.);
#17619=ORIENTED_EDGE('',*,*,#12304,.T.);
#17620=ORIENTED_EDGE('',*,*,#17604,.F.);
#17621=EDGE_LOOP('',(#17616,#17618,#17619,#17620));
#17622=FACE_OUTER_BOUND('',#17621,.F.);
#17623=ADVANCED_FACE('',(#17622),#17615,.F.);
#17624=CARTESIAN_POINT('',(1.593131271103E2,5.054577717439E1,
-7.096364997533E0));
#17625=DIRECTION('',(-1.E0,0.E0,0.E0));
#17626=DIRECTION('',(0.E0,1.E0,0.E0));
#17627=AXIS2_PLACEMENT_3D('',#17624,#17625,#17626);
#17628=PLANE('',#17627);
#17629=ORIENTED_EDGE('',*,*,#10450,.F.);
#17631=ORIENTED_EDGE('',*,*,#17630,.T.);
#17632=ORIENTED_EDGE('',*,*,#12306,.T.);
#17633=ORIENTED_EDGE('',*,*,#17617,.F.);
#17634=EDGE_LOOP('',(#17629,#17631,#17632,#17633));
#17635=FACE_OUTER_BOUND('',#17634,.F.);
#17636=ADVANCED_FACE('',(#17635),#17628,.F.);
#17637=CARTESIAN_POINT('',(1.601216377714E2,5.054577717439E1,
-7.096364997533E0));
#17638=DIRECTION('',(0.E0,-1.E0,0.E0));
#17639=DIRECTION('',(-1.E0,0.E0,0.E0));
#17640=AXIS2_PLACEMENT_3D('',#17637,#17638,#17639);
#17641=PLANE('',#17640);
#17642=ORIENTED_EDGE('',*,*,#10448,.F.);
#17644=ORIENTED_EDGE('',*,*,#17643,.T.);
#17645=ORIENTED_EDGE('',*,*,#12308,.T.);
#17646=ORIENTED_EDGE('',*,*,#17630,.F.);
#17647=EDGE_LOOP('',(#17642,#17644,#17645,#17646));
#17648=FACE_OUTER_BOUND('',#17647,.F.);
#17649=ADVANCED_FACE('',(#17648),#17641,.F.);
#17650=CARTESIAN_POINT('',(1.603344037035E2,5.050411114351E1,
-7.096364997533E0));
#17651=DIRECTION('',(-1.921800292438E-1,-9.813596875559E-1,0.E0));
#17652=DIRECTION('',(-9.813596875559E-1,1.921800292438E-1,0.E0));
#17653=AXIS2_PLACEMENT_3D('',#17650,#17651,#17652);
#17654=PLANE('',#17653);
#17655=ORIENTED_EDGE('',*,*,#10446,.F.);
#17657=ORIENTED_EDGE('',*,*,#17656,.T.);
#17658=ORIENTED_EDGE('',*,*,#12310,.T.);
#17659=ORIENTED_EDGE('',*,*,#17643,.F.);
#17660=EDGE_LOOP('',(#17655,#17657,#17658,#17659));
#17661=FACE_OUTER_BOUND('',#17660,.F.);
#17662=ADVANCED_FACE('',(#17661),#17654,.F.);
#17663=CARTESIAN_POINT('',(1.604195100763E2,5.042077717439E1,
-7.096364997533E0));
#17664=DIRECTION('',(-6.996275602085E-1,-7.145077165410E-1,0.E0));
#17665=DIRECTION('',(-7.145077165410E-1,6.996275602085E-1,0.E0));
#17666=AXIS2_PLACEMENT_3D('',#17663,#17664,#17665);
#17667=PLANE('',#17666);
#17668=ORIENTED_EDGE('',*,*,#10444,.F.);
#17670=ORIENTED_EDGE('',*,*,#17669,.T.);
#17671=ORIENTED_EDGE('',*,*,#12312,.T.);
#17672=ORIENTED_EDGE('',*,*,#17656,.F.);
#17673=EDGE_LOOP('',(#17668,#17670,#17671,#17672));
#17674=FACE_OUTER_BOUND('',#17673,.F.);
#17675=ADVANCED_FACE('',(#17674),#17667,.F.);
#17676=CARTESIAN_POINT('',(1.604620632628E2,5.033744320528E1,
-7.096364997533E0));
#17677=DIRECTION('',(-8.906066921644E-1,-4.547743614938E-1,0.E0));
#17678=DIRECTION('',(-4.547743614938E-1,8.906066921644E-1,0.E0));
#17679=AXIS2_PLACEMENT_3D('',#17676,#17677,#17678);
#17680=PLANE('',#17679);
#17681=ORIENTED_EDGE('',*,*,#10442,.F.);
#17683=ORIENTED_EDGE('',*,*,#17682,.T.);
#17684=ORIENTED_EDGE('',*,*,#12314,.T.);
#17685=ORIENTED_EDGE('',*,*,#17669,.F.);
#17686=EDGE_LOOP('',(#17681,#17683,#17684,#17685));
#17687=FACE_OUTER_BOUND('',#17686,.F.);
#17688=ADVANCED_FACE('',(#17687),#17680,.F.);
#17689=CARTESIAN_POINT('',(1.605046164492E2,5.017077717439E1,
-7.096364997533E0));
#17690=DIRECTION('',(-9.689174914946E-1,-2.473841035229E-1,0.E0));
#17691=DIRECTION('',(-2.473841035229E-1,9.689174914946E-1,0.E0));
#17692=AXIS2_PLACEMENT_3D('',#17689,#17690,#17691);
#17693=PLANE('',#17692);
#17694=ORIENTED_EDGE('',*,*,#10440,.F.);
#17696=ORIENTED_EDGE('',*,*,#17695,.T.);
#17697=ORIENTED_EDGE('',*,*,#12316,.T.);
#17698=ORIENTED_EDGE('',*,*,#17682,.F.);
#17699=EDGE_LOOP('',(#17694,#17696,#17697,#17698));
#17700=FACE_OUTER_BOUND('',#17699,.F.);
#17701=ADVANCED_FACE('',(#17700),#17693,.F.);
#17702=CARTESIAN_POINT('',(1.604620632628E2,5.000411114351E1,
-7.096364997533E0));
#17703=DIRECTION('',(-9.689174914946E-1,2.473841035229E-1,0.E0));
#17704=DIRECTION('',(2.473841035229E-1,9.689174914946E-1,0.E0));
#17705=AXIS2_PLACEMENT_3D('',#17702,#17703,#17704);
#17706=PLANE('',#17705);
#17707=ORIENTED_EDGE('',*,*,#10438,.F.);
#17709=ORIENTED_EDGE('',*,*,#17708,.T.);
#17710=ORIENTED_EDGE('',*,*,#12318,.T.);
#17711=ORIENTED_EDGE('',*,*,#17695,.F.);
#17712=EDGE_LOOP('',(#17707,#17709,#17710,#17711));
#17713=FACE_OUTER_BOUND('',#17712,.F.);
#17714=ADVANCED_FACE('',(#17713),#17706,.F.);
#17715=CARTESIAN_POINT('',(1.603769568899E2,4.987911114351E1,
-7.096364997533E0));
#17716=DIRECTION('',(-8.265992787996E-1,5.627909312417E-1,0.E0));
#17717=DIRECTION('',(5.627909312417E-1,8.265992787996E-1,0.E0));
#17718=AXIS2_PLACEMENT_3D('',#17715,#17716,#17717);
#17719=PLANE('',#17718);
#17720=ORIENTED_EDGE('',*,*,#10436,.F.);
#17722=ORIENTED_EDGE('',*,*,#17721,.T.);
#17723=ORIENTED_EDGE('',*,*,#12320,.T.);
#17724=ORIENTED_EDGE('',*,*,#17708,.F.);
#17725=EDGE_LOOP('',(#17720,#17722,#17723,#17724));
#17726=FACE_OUTER_BOUND('',#17725,.F.);
#17727=ADVANCED_FACE('',(#17726),#17719,.F.);
#17728=CARTESIAN_POINT('',(1.602918505171E2,4.979577717439E1,
-7.096364997533E0));
#17729=DIRECTION('',(-6.996275602085E-1,7.145077165410E-1,0.E0));
#17730=DIRECTION('',(7.145077165410E-1,6.996275602085E-1,0.E0));
#17731=AXIS2_PLACEMENT_3D('',#17728,#17729,#17730);
#17732=PLANE('',#17731);
#17733=ORIENTED_EDGE('',*,*,#10434,.F.);
#17734=ORIENTED_EDGE('',*,*,#17437,.T.);
#17735=ORIENTED_EDGE('',*,*,#12322,.T.);
#17736=ORIENTED_EDGE('',*,*,#17721,.F.);
#17737=EDGE_LOOP('',(#17733,#17734,#17735,#17736));
#17738=FACE_OUTER_BOUND('',#17737,.F.);
#17739=ADVANCED_FACE('',(#17738),#17732,.F.);
#17740=CARTESIAN_POINT('',(1.591429143497E2,5.108744320528E1,
-7.096364997533E0));
#17741=DIRECTION('',(-3.102821552150E-1,-9.506445098748E-1,0.E0));
#17742=DIRECTION('',(-9.506445098748E-1,3.102821552150E-1,0.E0));
#17743=AXIS2_PLACEMENT_3D('',#17740,#17741,#17742);
#17744=PLANE('',#17743);
#17745=ORIENTED_EDGE('',*,*,#10482,.F.);
#17747=ORIENTED_EDGE('',*,*,#17746,.T.);
#17748=ORIENTED_EDGE('',*,*,#12332,.T.);
#17750=ORIENTED_EDGE('',*,*,#17749,.F.);
#17751=EDGE_LOOP('',(#17745,#17747,#17748,#17750));
#17752=FACE_OUTER_BOUND('',#17751,.F.);
#17753=ADVANCED_FACE('',(#17752),#17744,.F.);
#17754=CARTESIAN_POINT('',(1.591429143497E2,5.129577717439E1,
-7.096364997533E0));
#17755=DIRECTION('',(1.E0,0.E0,0.E0));
#17756=DIRECTION('',(0.E0,-1.E0,0.E0));
#17757=AXIS2_PLACEMENT_3D('',#17754,#17755,#17756);
#17758=PLANE('',#17757);
#17759=ORIENTED_EDGE('',*,*,#10568,.F.);
#17761=ORIENTED_EDGE('',*,*,#17760,.T.);
#17762=ORIENTED_EDGE('',*,*,#12334,.T.);
#17763=ORIENTED_EDGE('',*,*,#17746,.F.);
#17764=EDGE_LOOP('',(#17759,#17761,#17762,#17763));
#17765=FACE_OUTER_BOUND('',#17764,.F.);
#17766=ADVANCED_FACE('',(#17765),#17758,.F.);
#17767=CARTESIAN_POINT('',(1.590152547756E2,5.133744320528E1,
-7.096364997533E0));
#17768=DIRECTION('',(3.102757535385E-1,9.506465993029E-1,0.E0));
#17769=DIRECTION('',(9.506465993029E-1,-3.102757535385E-1,0.E0));
#17770=AXIS2_PLACEMENT_3D('',#17767,#17768,#17769);
#17771=PLANE('',#17770);
#17772=ORIENTED_EDGE('',*,*,#10566,.F.);
#17774=ORIENTED_EDGE('',*,*,#17773,.T.);
#17775=ORIENTED_EDGE('',*,*,#12336,.T.);
#17776=ORIENTED_EDGE('',*,*,#17760,.F.);
#17777=EDGE_LOOP('',(#17772,#17774,#17775,#17776));
#17778=FACE_OUTER_BOUND('',#17777,.F.);
#17779=ADVANCED_FACE('',(#17778),#17771,.F.);
#17780=CARTESIAN_POINT('',(1.588875951865E2,5.142077717439E1,
-7.096364997533E0));
#17781=DIRECTION('',(5.466253814361E-1,8.373772700341E-1,0.E0));
#17782=DIRECTION('',(8.373772700341E-1,-5.466253814361E-1,0.E0));
#17783=AXIS2_PLACEMENT_3D('',#17780,#17781,#17782);
#17784=PLANE('',#17783);
#17785=ORIENTED_EDGE('',*,*,#10564,.F.);
#17787=ORIENTED_EDGE('',*,*,#17786,.T.);
#17788=ORIENTED_EDGE('',*,*,#12338,.T.);
#17789=ORIENTED_EDGE('',*,*,#17773,.F.);
#17790=EDGE_LOOP('',(#17785,#17787,#17788,#17789));
#17791=FACE_OUTER_BOUND('',#17790,.F.);
#17792=ADVANCED_FACE('',(#17791),#17784,.F.);
#17793=CARTESIAN_POINT('',(1.588024888137E2,5.158744320528E1,
-7.096364997533E0));
#17794=DIRECTION('',(8.906045842070E-1,4.547784895854E-1,0.E0));
#17795=DIRECTION('',(4.547784895854E-1,-8.906045842070E-1,0.E0));
#17796=AXIS2_PLACEMENT_3D('',#17793,#17794,#17795);
#17797=PLANE('',#17796);
#17798=ORIENTED_EDGE('',*,*,#10562,.F.);
#17800=ORIENTED_EDGE('',*,*,#17799,.T.);
#17801=ORIENTED_EDGE('',*,*,#12340,.T.);
#17802=ORIENTED_EDGE('',*,*,#17786,.F.);
#17803=EDGE_LOOP('',(#17798,#17800,#17801,#17802));
#17804=FACE_OUTER_BOUND('',#17803,.F.);
#17805=ADVANCED_FACE('',(#17804),#17797,.F.);
#17806=CARTESIAN_POINT('',(1.588024888137E2,5.183744320528E1,
-7.096364997533E0));
#17807=DIRECTION('',(1.E0,0.E0,0.E0));
#17808=DIRECTION('',(0.E0,-1.E0,0.E0));
#17809=AXIS2_PLACEMENT_3D('',#17806,#17807,#17808);
#17810=PLANE('',#17809);
#17811=ORIENTED_EDGE('',*,*,#10560,.F.);
#17813=ORIENTED_EDGE('',*,*,#17812,.T.);
#17814=ORIENTED_EDGE('',*,*,#12342,.T.);
#17815=ORIENTED_EDGE('',*,*,#17799,.F.);
#17816=EDGE_LOOP('',(#17811,#17813,#17814,#17815));
#17817=FACE_OUTER_BOUND('',#17816,.F.);
#17818=ADVANCED_FACE('',(#17817),#17810,.F.);
#17819=CARTESIAN_POINT('',(1.588450420001E2,5.200411114351E1,
-7.096364997533E0));
#17820=DIRECTION('',(9.689181700829E-1,-2.473814457133E-1,0.E0));
#17821=DIRECTION('',(-2.473814457133E-1,-9.689181700829E-1,0.E0));
#17822=AXIS2_PLACEMENT_3D('',#17819,#17820,#17821);
#17823=PLANE('',#17822);
#17824=ORIENTED_EDGE('',*,*,#10558,.F.);
#17826=ORIENTED_EDGE('',*,*,#17825,.T.);
#17827=ORIENTED_EDGE('',*,*,#12344,.T.);
#17828=ORIENTED_EDGE('',*,*,#17812,.F.);
#17829=EDGE_LOOP('',(#17824,#17826,#17827,#17828));
#17830=FACE_OUTER_BOUND('',#17829,.F.);
#17831=ADVANCED_FACE('',(#17830),#17823,.F.);
#17832=CARTESIAN_POINT('',(1.589727015892E2,5.212911114351E1,
-7.096364997533E0));
#17833=DIRECTION('',(6.996247518036E-1,-7.145104664480E-1,0.E0));
#17834=DIRECTION('',(-7.145104664480E-1,-6.996247518036E-1,0.E0));
#17835=AXIS2_PLACEMENT_3D('',#17832,#17833,#17834);
#17836=PLANE('',#17835);
#17837=ORIENTED_EDGE('',*,*,#10556,.F.);
#17839=ORIENTED_EDGE('',*,*,#17838,.T.);
#17840=ORIENTED_EDGE('',*,*,#12346,.T.);
#17841=ORIENTED_EDGE('',*,*,#17825,.F.);
#17842=EDGE_LOOP('',(#17837,#17839,#17840,#17841));
#17843=FACE_OUTER_BOUND('',#17842,.F.);
#17844=ADVANCED_FACE('',(#17843),#17836,.F.);
#17845=CARTESIAN_POINT('',(1.590578079620E2,5.217077717439E1,
-7.096364997533E0));
#17846=DIRECTION('',(4.397080835723E-1,-8.981407468995E-1,0.E0));
#17847=DIRECTION('',(-8.981407468995E-1,-4.397080835723E-1,0.E0));
#17848=AXIS2_PLACEMENT_3D('',#17845,#17846,#17847);
#17849=PLANE('',#17848);
#17850=ORIENTED_EDGE('',*,*,#10554,.F.);
#17852=ORIENTED_EDGE('',*,*,#17851,.T.);
#17853=ORIENTED_EDGE('',*,*,#12348,.T.);
#17854=ORIENTED_EDGE('',*,*,#17838,.F.);
#17855=EDGE_LOOP('',(#17850,#17852,#17853,#17854));
#17856=FACE_OUTER_BOUND('',#17855,.F.);
#17857=ADVANCED_FACE('',(#17856),#17849,.F.);
#17858=CARTESIAN_POINT('',(1.592280207300E2,5.221244320528E1,
-7.096364997533E0));
#17859=DIRECTION('',(2.377679000183E-1,-9.713219989895E-1,0.E0));
#17860=DIRECTION('',(-9.713219989895E-1,-2.377679000183E-1,0.E0));
#17861=AXIS2_PLACEMENT_3D('',#17858,#17859,#17860);
#17862=PLANE('',#17861);
#17863=ORIENTED_EDGE('',*,*,#10552,.F.);
#17865=ORIENTED_EDGE('',*,*,#17864,.T.);
#17866=ORIENTED_EDGE('',*,*,#12350,.T.);
#17867=ORIENTED_EDGE('',*,*,#17851,.F.);
#17868=EDGE_LOOP('',(#17863,#17865,#17866,#17867));
#17869=FACE_OUTER_BOUND('',#17868,.F.);
#17870=ADVANCED_FACE('',(#17869),#17862,.F.);
#17871=CARTESIAN_POINT('',(1.595684462586E2,5.221244320528E1,
-7.096364997533E0));
#17872=DIRECTION('',(0.E0,-1.E0,0.E0));
#17873=DIRECTION('',(-1.E0,0.E0,0.E0));
#17874=AXIS2_PLACEMENT_3D('',#17871,#17872,#17873);
#17875=PLANE('',#17874);
#17876=ORIENTED_EDGE('',*,*,#10550,.F.);
#17878=ORIENTED_EDGE('',*,*,#17877,.T.);
#17879=ORIENTED_EDGE('',*,*,#12352,.T.);
#17880=ORIENTED_EDGE('',*,*,#17864,.F.);
#17881=EDGE_LOOP('',(#17876,#17878,#17879,#17880));
#17882=FACE_OUTER_BOUND('',#17881,.F.);
#17883=ADVANCED_FACE('',(#17882),#17875,.F.);
#17884=CARTESIAN_POINT('',(1.594833398709E2,5.217077717439E1,
-7.096364997533E0));
#17885=DIRECTION('',(-4.397080214695E-1,8.981407773035E-1,0.E0));
#17886=DIRECTION('',(8.981407773035E-1,4.397080214695E-1,0.E0));
#17887=AXIS2_PLACEMENT_3D('',#17884,#17885,#17886);
#17888=PLANE('',#17887);
#17889=ORIENTED_EDGE('',*,*,#10548,.F.);
#17891=ORIENTED_EDGE('',*,*,#17890,.T.);
#17892=ORIENTED_EDGE('',*,*,#12354,.T.);
#17893=ORIENTED_EDGE('',*,*,#17877,.F.);
#17894=EDGE_LOOP('',(#17889,#17891,#17892,#17893));
#17895=FACE_OUTER_BOUND('',#17894,.F.);
#17896=ADVANCED_FACE('',(#17895),#17888,.F.);
#17897=CARTESIAN_POINT('',(1.593982334906E2,5.208744320528E1,
-7.096364997533E0));
#17898=DIRECTION('',(-6.996275289399E-1,7.145077471585E-1,0.E0));
#17899=DIRECTION('',(7.145077471585E-1,6.996275289399E-1,0.E0));
#17900=AXIS2_PLACEMENT_3D('',#17897,#17898,#17899);
#17901=PLANE('',#17900);
#17902=ORIENTED_EDGE('',*,*,#10546,.F.);
#17904=ORIENTED_EDGE('',*,*,#17903,.T.);
#17905=ORIENTED_EDGE('',*,*,#12356,.T.);
#17906=ORIENTED_EDGE('',*,*,#17890,.F.);
#17907=EDGE_LOOP('',(#17902,#17904,#17905,#17906));
#17908=FACE_OUTER_BOUND('',#17907,.F.);
#17909=ADVANCED_FACE('',(#17908),#17901,.F.);
#17910=CARTESIAN_POINT('',(1.593556803004E2,5.200411114351E1,
-7.096364997533E0));
#17911=DIRECTION('',(-8.906024600664E-1,4.547826493213E-1,0.E0));
#17912=DIRECTION('',(4.547826493213E-1,8.906024600664E-1,0.E0));
#17913=AXIS2_PLACEMENT_3D('',#17910,#17911,#17912);
#17914=PLANE('',#17913);
#17915=ORIENTED_EDGE('',*,*,#10544,.F.);
#17917=ORIENTED_EDGE('',*,*,#17916,.T.);
#17918=ORIENTED_EDGE('',*,*,#12358,.T.);
#17919=ORIENTED_EDGE('',*,*,#17903,.F.);
#17920=EDGE_LOOP('',(#17915,#17917,#17918,#17919));
#17921=FACE_OUTER_BOUND('',#17920,.F.);
#17922=ADVANCED_FACE('',(#17921),#17914,.F.);
#17923=CARTESIAN_POINT('',(1.593131271103E2,5.183744320528E1,
-7.096364997533E0));
#17924=DIRECTION('',(-9.689181648919E-1,2.473814660448E-1,0.E0));
#17925=DIRECTION('',(2.473814660448E-1,9.689181648919E-1,0.E0));
#17926=AXIS2_PLACEMENT_3D('',#17923,#17924,#17925);
#17927=PLANE('',#17926);
#17928=ORIENTED_EDGE('',*,*,#10542,.F.);
#17930=ORIENTED_EDGE('',*,*,#17929,.T.);
#17931=ORIENTED_EDGE('',*,*,#12360,.T.);
#17932=ORIENTED_EDGE('',*,*,#17916,.F.);
#17933=EDGE_LOOP('',(#17928,#17930,#17931,#17932));
#17934=FACE_OUTER_BOUND('',#17933,.F.);
#17935=ADVANCED_FACE('',(#17934),#17927,.F.);
#17936=CARTESIAN_POINT('',(1.593131271103E2,5.158744320528E1,
-7.096364997533E0));
#17937=DIRECTION('',(-1.E0,0.E0,0.E0));
#17938=DIRECTION('',(0.E0,1.E0,0.E0));
#17939=AXIS2_PLACEMENT_3D('',#17936,#17937,#17938);
#17940=PLANE('',#17939);
#17941=ORIENTED_EDGE('',*,*,#10540,.F.);
#17943=ORIENTED_EDGE('',*,*,#17942,.T.);
#17944=ORIENTED_EDGE('',*,*,#12362,.T.);
#17945=ORIENTED_EDGE('',*,*,#17929,.F.);
#17946=EDGE_LOOP('',(#17941,#17943,#17944,#17945));
#17947=FACE_OUTER_BOUND('',#17946,.F.);
#17948=ADVANCED_FACE('',(#17947),#17940,.F.);
#17949=CARTESIAN_POINT('',(1.593556803004E2,5.142077717439E1,
-7.096364997533E0));
#17950=DIRECTION('',(-9.689174863035E-1,-2.473841238545E-1,0.E0));
#17951=DIRECTION('',(-2.473841238545E-1,9.689174863035E-1,0.E0));
#17952=AXIS2_PLACEMENT_3D('',#17949,#17950,#17951);
#17953=PLANE('',#17952);
#17954=ORIENTED_EDGE('',*,*,#10538,.F.);
#17956=ORIENTED_EDGE('',*,*,#17955,.T.);
#17957=ORIENTED_EDGE('',*,*,#12364,.T.);
#17958=ORIENTED_EDGE('',*,*,#17942,.F.);
#17959=EDGE_LOOP('',(#17954,#17956,#17957,#17958));
#17960=FACE_OUTER_BOUND('',#17959,.F.);
#17961=ADVANCED_FACE('',(#17960),#17953,.F.);
#17962=CARTESIAN_POINT('',(1.594407866845E2,5.129577717439E1,
-7.096364997533E0));
#17963=DIRECTION('',(-8.265992444194E-1,-5.627909817377E-1,0.E0));
#17964=DIRECTION('',(-5.627909817377E-1,8.265992444194E-1,0.E0));
#17965=AXIS2_PLACEMENT_3D('',#17962,#17963,#17964);
#17966=PLANE('',#17965);
#17967=ORIENTED_EDGE('',*,*,#10536,.F.);
#17969=ORIENTED_EDGE('',*,*,#17968,.T.);
#17970=ORIENTED_EDGE('',*,*,#12366,.T.);
#17971=ORIENTED_EDGE('',*,*,#17955,.F.);
#17972=EDGE_LOOP('',(#17967,#17969,#17970,#17971));
#17973=FACE_OUTER_BOUND('',#17972,.F.);
#17974=ADVANCED_FACE('',(#17973),#17966,.F.);
#17975=CARTESIAN_POINT('',(1.595684462586E2,5.117077717439E1,
-7.096364997533E0));
#17976=DIRECTION('',(-6.996247934953E-1,-7.145104256249E-1,0.E0));
#17977=DIRECTION('',(-7.145104256249E-1,6.996247934953E-1,0.E0));
#17978=AXIS2_PLACEMENT_3D('',#17975,#17976,#17977);
#17979=PLANE('',#17978);
#17980=ORIENTED_EDGE('',*,*,#10534,.F.);
#17982=ORIENTED_EDGE('',*,*,#17981,.T.);
#17983=ORIENTED_EDGE('',*,*,#12368,.T.);
#17984=ORIENTED_EDGE('',*,*,#17968,.F.);
#17985=EDGE_LOOP('',(#17980,#17982,#17983,#17984));
#17986=FACE_OUTER_BOUND('',#17985,.F.);
#17987=ADVANCED_FACE('',(#17986),#17979,.F.);
#17988=CARTESIAN_POINT('',(1.596535526314E2,5.112911114351E1,
-7.096364997533E0));
#17989=DIRECTION('',(-4.397080835723E-1,-8.981407468995E-1,0.E0));
#17990=DIRECTION('',(-8.981407468995E-1,4.397080835723E-1,0.E0));
#17991=AXIS2_PLACEMENT_3D('',#17988,#17989,#17990);
#17992=PLANE('',#17991);
#17993=ORIENTED_EDGE('',*,*,#10532,.F.);
#17995=ORIENTED_EDGE('',*,*,#17994,.T.);
#17996=ORIENTED_EDGE('',*,*,#12370,.T.);
#17997=ORIENTED_EDGE('',*,*,#17981,.F.);
#17998=EDGE_LOOP('',(#17993,#17995,#17996,#17997));
#17999=FACE_OUTER_BOUND('',#17998,.F.);
#18000=ADVANCED_FACE('',(#17999),#17992,.F.);
#18001=CARTESIAN_POINT('',(1.598237654069E2,5.108744320528E1,
-7.096364997533E0));
#18002=DIRECTION('',(-2.377781591463E-1,-9.713194876214E-1,0.E0));
#18003=DIRECTION('',(-9.713194876214E-1,2.377781591463E-1,0.E0));
#18004=AXIS2_PLACEMENT_3D('',#18001,#18002,#18003);
#18005=PLANE('',#18004);
#18006=ORIENTED_EDGE('',*,*,#10530,.F.);
#18008=ORIENTED_EDGE('',*,*,#18007,.T.);
#18009=ORIENTED_EDGE('',*,*,#12372,.T.);
#18010=ORIENTED_EDGE('',*,*,#17994,.F.);
#18011=EDGE_LOOP('',(#18006,#18008,#18009,#18010));
#18012=FACE_OUTER_BOUND('',#18011,.F.);
#18013=ADVANCED_FACE('',(#18012),#18005,.F.);
#18014=CARTESIAN_POINT('',(1.601641909578E2,5.108744320528E1,
-7.096364997533E0));
#18015=DIRECTION('',(0.E0,-1.E0,0.E0));
#18016=DIRECTION('',(-1.E0,0.E0,0.E0));
#18017=AXIS2_PLACEMENT_3D('',#18014,#18015,#18016);
#18018=PLANE('',#18017);
#18019=ORIENTED_EDGE('',*,*,#10528,.F.);
#18021=ORIENTED_EDGE('',*,*,#18020,.T.);
#18022=ORIENTED_EDGE('',*,*,#12374,.T.);
#18023=ORIENTED_EDGE('',*,*,#18007,.F.);
#18024=EDGE_LOOP('',(#18019,#18021,#18022,#18023));
#18025=FACE_OUTER_BOUND('',#18024,.F.);
#18026=ADVANCED_FACE('',(#18025),#18018,.F.);
#18027=CARTESIAN_POINT('',(1.603344037035E2,5.112911114351E1,
-7.096364997533E0));
#18028=DIRECTION('',(2.377781984247E-1,-9.713194780060E-1,0.E0));
#18029=DIRECTION('',(-9.713194780060E-1,-2.377781984247E-1,0.E0));
#18030=AXIS2_PLACEMENT_3D('',#18027,#18028,#18029);
#18031=PLANE('',#18030);
#18032=ORIENTED_EDGE('',*,*,#10526,.F.);
#18034=ORIENTED_EDGE('',*,*,#18033,.T.);
#18035=ORIENTED_EDGE('',*,*,#12376,.T.);
#18036=ORIENTED_EDGE('',*,*,#18020,.F.);
#18037=EDGE_LOOP('',(#18032,#18034,#18035,#18036));
#18038=FACE_OUTER_BOUND('',#18037,.F.);
#18039=ADVANCED_FACE('',(#18038),#18031,.F.);
#18040=CARTESIAN_POINT('',(1.604195100763E2,5.117077717439E1,
-7.096364997533E0));
#18041=DIRECTION('',(4.397080835723E-1,-8.981407468995E-1,0.E0));
#18042=DIRECTION('',(-8.981407468995E-1,-4.397080835723E-1,0.E0));
#18043=AXIS2_PLACEMENT_3D('',#18040,#18041,#18042);
#18044=PLANE('',#18043);
#18045=ORIENTED_EDGE('',*,*,#10524,.F.);
#18047=ORIENTED_EDGE('',*,*,#18046,.T.);
#18048=ORIENTED_EDGE('',*,*,#12378,.T.);
#18049=ORIENTED_EDGE('',*,*,#18033,.F.);
#18050=EDGE_LOOP('',(#18045,#18047,#18048,#18049));
#18051=FACE_OUTER_BOUND('',#18050,.F.);
#18052=ADVANCED_FACE('',(#18051),#18044,.F.);
#18053=CARTESIAN_POINT('',(1.605471696356E2,5.129577717439E1,
-7.096364997533E0));
#18054=DIRECTION('',(6.996248351869E-1,-7.145103848018E-1,0.E0));
#18055=DIRECTION('',(-7.145103848018E-1,-6.996248351869E-1,0.E0));
#18056=AXIS2_PLACEMENT_3D('',#18053,#18054,#18055);
#18057=PLANE('',#18056);
#18058=ORIENTED_EDGE('',*,*,#10522,.F.);
#18060=ORIENTED_EDGE('',*,*,#18059,.T.);
#18061=ORIENTED_EDGE('',*,*,#12380,.T.);
#18062=ORIENTED_EDGE('',*,*,#18046,.F.);
#18063=EDGE_LOOP('',(#18058,#18060,#18061,#18062));
#18064=FACE_OUTER_BOUND('',#18063,.F.);
#18065=ADVANCED_FACE('',(#18064),#18057,.F.);
#18066=CARTESIAN_POINT('',(1.606322760084E2,5.142077717439E1,
-7.096364997533E0));
#18067=DIRECTION('',(8.265992787996E-1,-5.627909312417E-1,0.E0));
#18068=DIRECTION('',(-5.627909312417E-1,-8.265992787996E-1,0.E0));
#18069=AXIS2_PLACEMENT_3D('',#18066,#18067,#18068);
#18070=PLANE('',#18069);
#18071=ORIENTED_EDGE('',*,*,#10520,.F.);
#18073=ORIENTED_EDGE('',*,*,#18072,.T.);
#18074=ORIENTED_EDGE('',*,*,#12382,.T.);
#18075=ORIENTED_EDGE('',*,*,#18059,.F.);
#18076=EDGE_LOOP('',(#18071,#18073,#18074,#18075));
#18077=FACE_OUTER_BOUND('',#18076,.F.);
#18078=ADVANCED_FACE('',(#18077),#18070,.F.);
#18079=CARTESIAN_POINT('',(1.606748291948E2,5.158744320528E1,
-7.096364997533E0));
#18080=DIRECTION('',(9.689174914946E-1,-2.473841035229E-1,0.E0));
#18081=DIRECTION('',(-2.473841035229E-1,-9.689174914946E-1,0.E0));
#18082=AXIS2_PLACEMENT_3D('',#18079,#18080,#18081);
#18083=PLANE('',#18082);
#18084=ORIENTED_EDGE('',*,*,#10518,.F.);
#18086=ORIENTED_EDGE('',*,*,#18085,.T.);
#18087=ORIENTED_EDGE('',*,*,#12384,.T.);
#18088=ORIENTED_EDGE('',*,*,#18072,.F.);
#18089=EDGE_LOOP('',(#18084,#18086,#18087,#18088));
#18090=FACE_OUTER_BOUND('',#18089,.F.);
#18091=ADVANCED_FACE('',(#18090),#18083,.F.);
#18092=CARTESIAN_POINT('',(1.606748291948E2,5.183744320528E1,
-7.096364997533E0));
#18093=DIRECTION('',(1.E0,0.E0,0.E0));
#18094=DIRECTION('',(0.E0,-1.E0,0.E0));
#18095=AXIS2_PLACEMENT_3D('',#18092,#18093,#18094);
#18096=PLANE('',#18095);
#18097=ORIENTED_EDGE('',*,*,#10516,.F.);
#18099=ORIENTED_EDGE('',*,*,#18098,.T.);
#18100=ORIENTED_EDGE('',*,*,#12386,.T.);
#18101=ORIENTED_EDGE('',*,*,#18085,.F.);
#18102=EDGE_LOOP('',(#18097,#18099,#18100,#18101));
#18103=FACE_OUTER_BOUND('',#18102,.F.);
#18104=ADVANCED_FACE('',(#18103),#18096,.F.);
#18105=CARTESIAN_POINT('',(1.606322760084E2,5.200411114351E1,
-7.096364997533E0));
#18106=DIRECTION('',(9.689181700829E-1,2.473814457133E-1,0.E0));
#18107=DIRECTION('',(2.473814457133E-1,-9.689181700829E-1,0.E0));
#18108=AXIS2_PLACEMENT_3D('',#18105,#18106,#18107);
#18109=PLANE('',#18108);
#18110=ORIENTED_EDGE('',*,*,#10514,.F.);
#18112=ORIENTED_EDGE('',*,*,#18111,.T.);
#18113=ORIENTED_EDGE('',*,*,#12388,.T.);
#18114=ORIENTED_EDGE('',*,*,#18098,.F.);
#18115=EDGE_LOOP('',(#18110,#18112,#18113,#18114));
#18116=FACE_OUTER_BOUND('',#18115,.F.);
#18117=ADVANCED_FACE('',(#18116),#18109,.F.);
#18118=CARTESIAN_POINT('',(1.605897228220E2,5.208744320528E1,
-7.096364997533E0));
#18119=DIRECTION('',(8.906024761921E-1,4.547826177422E-1,0.E0));
#18120=DIRECTION('',(4.547826177422E-1,-8.906024761921E-1,0.E0));
#18121=AXIS2_PLACEMENT_3D('',#18118,#18119,#18120);
#18122=PLANE('',#18121);
#18123=ORIENTED_EDGE('',*,*,#10512,.F.);
#18125=ORIENTED_EDGE('',*,*,#18124,.T.);
#18126=ORIENTED_EDGE('',*,*,#12390,.T.);
#18127=ORIENTED_EDGE('',*,*,#18111,.F.);
#18128=EDGE_LOOP('',(#18123,#18125,#18126,#18127));
#18129=FACE_OUTER_BOUND('',#18128,.F.);
#18130=ADVANCED_FACE('',(#18129),#18122,.F.);
#18131=CARTESIAN_POINT('',(1.605046164492E2,5.217077717439E1,
-7.096364997533E0));
#18132=DIRECTION('',(6.996275602085E-1,7.145077165410E-1,0.E0));
#18133=DIRECTION('',(7.145077165410E-1,-6.996275602085E-1,0.E0));
#18134=AXIS2_PLACEMENT_3D('',#18131,#18132,#18133);
#18135=PLANE('',#18134);
#18136=ORIENTED_EDGE('',*,*,#10510,.F.);
#18138=ORIENTED_EDGE('',*,*,#18137,.T.);
#18139=ORIENTED_EDGE('',*,*,#12392,.T.);
#18140=ORIENTED_EDGE('',*,*,#18124,.F.);
#18141=EDGE_LOOP('',(#18136,#18138,#18139,#18140));
#18142=FACE_OUTER_BOUND('',#18141,.F.);
#18143=ADVANCED_FACE('',(#18142),#18135,.F.);
#18144=CARTESIAN_POINT('',(1.604195100763E2,5.221244320528E1,
-7.096364997533E0));
#18145=DIRECTION('',(4.397080835723E-1,8.981407468995E-1,0.E0));
#18146=DIRECTION('',(8.981407468995E-1,-4.397080835723E-1,0.E0));
#18147=AXIS2_PLACEMENT_3D('',#18144,#18145,#18146);
#18148=PLANE('',#18147);
#18149=ORIENTED_EDGE('',*,*,#10508,.F.);
#18151=ORIENTED_EDGE('',*,*,#18150,.T.);
#18152=ORIENTED_EDGE('',*,*,#12394,.T.);
#18153=ORIENTED_EDGE('',*,*,#18137,.F.);
#18154=EDGE_LOOP('',(#18149,#18151,#18152,#18153));
#18155=FACE_OUTER_BOUND('',#18154,.F.);
#18156=ADVANCED_FACE('',(#18155),#18148,.F.);
#18157=CARTESIAN_POINT('',(1.606748291948E2,5.221244320528E1,
-7.096364997533E0));
#18158=DIRECTION('',(0.E0,-1.E0,0.E0));
#18159=DIRECTION('',(-1.E0,0.E0,0.E0));
#18160=AXIS2_PLACEMENT_3D('',#18157,#18158,#18159);
#18161=PLANE('',#18160);
#18162=ORIENTED_EDGE('',*,*,#10506,.F.);
#18164=ORIENTED_EDGE('',*,*,#18163,.T.);
#18165=ORIENTED_EDGE('',*,*,#12396,.T.);
#18166=ORIENTED_EDGE('',*,*,#18150,.F.);
#18167=EDGE_LOOP('',(#18162,#18164,#18165,#18166));
#18168=FACE_OUTER_BOUND('',#18167,.F.);
#18169=ADVANCED_FACE('',(#18168),#18161,.F.);
#18170=CARTESIAN_POINT('',(1.606748291948E2,5.242077717439E1,
-7.096364997533E0));
#18171=DIRECTION('',(1.E0,0.E0,0.E0));
#18172=DIRECTION('',(0.E0,-1.E0,0.E0));
#18173=AXIS2_PLACEMENT_3D('',#18170,#18171,#18172);
#18174=PLANE('',#18173);
#18175=ORIENTED_EDGE('',*,*,#10504,.F.);
#18177=ORIENTED_EDGE('',*,*,#18176,.T.);
#18178=ORIENTED_EDGE('',*,*,#12398,.T.);
#18179=ORIENTED_EDGE('',*,*,#18163,.F.);
#18180=EDGE_LOOP('',(#18175,#18177,#18178,#18179));
#18181=FACE_OUTER_BOUND('',#18180,.F.);
#18182=ADVANCED_FACE('',(#18181),#18174,.F.);
#18183=CARTESIAN_POINT('',(1.592280207300E2,5.242077717439E1,
-7.096364997533E0));
#18184=DIRECTION('',(0.E0,1.E0,0.E0));
#18185=DIRECTION('',(1.E0,0.E0,0.E0));
#18186=AXIS2_PLACEMENT_3D('',#18183,#18184,#18185);
#18187=PLANE('',#18186);
#18188=ORIENTED_EDGE('',*,*,#10502,.F.);
#18190=ORIENTED_EDGE('',*,*,#18189,.T.);
#18191=ORIENTED_EDGE('',*,*,#12400,.T.);
#18192=ORIENTED_EDGE('',*,*,#18176,.F.);
#18193=EDGE_LOOP('',(#18188,#18190,#18191,#18192));
#18194=FACE_OUTER_BOUND('',#18193,.F.);
#18195=ADVANCED_FACE('',(#18194),#18187,.F.);
#18196=CARTESIAN_POINT('',(1.589301483729E2,5.233744320528E1,
-7.096364997533E0));
#18197=DIRECTION('',(-2.694191895053E-1,9.630230009331E-1,0.E0));
#18198=DIRECTION('',(9.630230009331E-1,2.694191895053E-1,0.E0));
#18199=AXIS2_PLACEMENT_3D('',#18196,#18197,#18198);
#18200=PLANE('',#18199);
#18201=ORIENTED_EDGE('',*,*,#10500,.F.);
#18203=ORIENTED_EDGE('',*,*,#18202,.T.);
#18204=ORIENTED_EDGE('',*,*,#12402,.T.);
#18205=ORIENTED_EDGE('',*,*,#18189,.F.);
#18206=EDGE_LOOP('',(#18201,#18203,#18204,#18205));
#18207=FACE_OUTER_BOUND('',#18206,.F.);
#18208=ADVANCED_FACE('',(#18207),#18200,.F.);
#18209=CARTESIAN_POINT('',(1.588024888137E2,5.225411114351E1,
-7.096364997533E0));
#18210=DIRECTION('',(-5.466166979878E-1,8.373829383746E-1,0.E0));
#18211=DIRECTION('',(8.373829383746E-1,5.466166979878E-1,0.E0));
#18212=AXIS2_PLACEMENT_3D('',#18209,#18210,#18211);
#18213=PLANE('',#18212);
#18214=ORIENTED_EDGE('',*,*,#10498,.F.);
#18216=ORIENTED_EDGE('',*,*,#18215,.T.);
#18217=ORIENTED_EDGE('',*,*,#12404,.T.);
#18218=ORIENTED_EDGE('',*,*,#18202,.F.);
#18219=EDGE_LOOP('',(#18214,#18216,#18217,#18218));
#18220=FACE_OUTER_BOUND('',#18219,.F.);
#18221=ADVANCED_FACE('',(#18220),#18213,.F.);
#18222=CARTESIAN_POINT('',(1.587173824409E2,5.212911114351E1,
-7.096364997533E0));
#18223=DIRECTION('',(-8.265992787996E-1,5.627909312417E-1,0.E0));
#18224=DIRECTION('',(5.627909312417E-1,8.265992787996E-1,0.E0));
#18225=AXIS2_PLACEMENT_3D('',#18222,#18223,#18224);
#18226=PLANE('',#18225);
#18227=ORIENTED_EDGE('',*,*,#10496,.F.);
#18229=ORIENTED_EDGE('',*,*,#18228,.T.);
#18230=ORIENTED_EDGE('',*,*,#12406,.T.);
#18231=ORIENTED_EDGE('',*,*,#18215,.F.);
#18232=EDGE_LOOP('',(#18227,#18229,#18230,#18231));
#18233=FACE_OUTER_BOUND('',#18232,.F.);
#18234=ADVANCED_FACE('',(#18233),#18226,.F.);
#18235=CARTESIAN_POINT('',(1.586748292545E2,5.200411114351E1,
-7.096364997533E0));
#18236=DIRECTION('',(-9.466499177700E-1,3.222637633772E-1,0.E0));
#18237=DIRECTION('',(3.222637633772E-1,9.466499177700E-1,0.E0));
#18238=AXIS2_PLACEMENT_3D('',#18235,#18236,#18237);
#18239=PLANE('',#18238);
#18240=ORIENTED_EDGE('',*,*,#10494,.F.);
#18242=ORIENTED_EDGE('',*,*,#18241,.T.);
#18243=ORIENTED_EDGE('',*,*,#12408,.T.);
#18244=ORIENTED_EDGE('',*,*,#18228,.F.);
#18245=EDGE_LOOP('',(#18240,#18242,#18243,#18244));
#18246=FACE_OUTER_BOUND('',#18245,.F.);
#18247=ADVANCED_FACE('',(#18246),#18239,.F.);
#18248=CARTESIAN_POINT('',(1.586322760680E2,5.183744320528E1,
-7.096364997533E0));
#18249=DIRECTION('',(-9.689181700829E-1,2.473814457133E-1,0.E0));
#18250=DIRECTION('',(2.473814457133E-1,9.689181700829E-1,0.E0));
#18251=AXIS2_PLACEMENT_3D('',#18248,#18249,#18250);
#18252=PLANE('',#18251);
#18253=ORIENTED_EDGE('',*,*,#10492,.F.);
#18255=ORIENTED_EDGE('',*,*,#18254,.T.);
#18256=ORIENTED_EDGE('',*,*,#12410,.T.);
#18257=ORIENTED_EDGE('',*,*,#18241,.F.);
#18258=EDGE_LOOP('',(#18253,#18255,#18256,#18257));
#18259=FACE_OUTER_BOUND('',#18258,.F.);
#18260=ADVANCED_FACE('',(#18259),#18252,.F.);
#18261=CARTESIAN_POINT('',(1.586322760680E2,5.158744320528E1,
-7.096364997533E0));
#18262=DIRECTION('',(-1.E0,0.E0,0.E0));
#18263=DIRECTION('',(0.E0,1.E0,0.E0));
#18264=AXIS2_PLACEMENT_3D('',#18261,#18262,#18263);
#18265=PLANE('',#18264);
#18266=ORIENTED_EDGE('',*,*,#10490,.F.);
#18268=ORIENTED_EDGE('',*,*,#18267,.T.);
#18269=ORIENTED_EDGE('',*,*,#12412,.T.);
#18270=ORIENTED_EDGE('',*,*,#18254,.F.);
#18271=EDGE_LOOP('',(#18266,#18268,#18269,#18270));
#18272=FACE_OUTER_BOUND('',#18271,.F.);
#18273=ADVANCED_FACE('',(#18272),#18265,.F.);
#18274=CARTESIAN_POINT('',(1.586748292545E2,5.142077717439E1,
-7.096364997533E0));
#18275=DIRECTION('',(-9.689174914946E-1,-2.473841035229E-1,0.E0));
#18276=DIRECTION('',(-2.473841035229E-1,9.689174914946E-1,0.E0));
#18277=AXIS2_PLACEMENT_3D('',#18274,#18275,#18276);
#18278=PLANE('',#18277);
#18279=ORIENTED_EDGE('',*,*,#10488,.F.);
#18281=ORIENTED_EDGE('',*,*,#18280,.T.);
#18282=ORIENTED_EDGE('',*,*,#12414,.T.);
#18283=ORIENTED_EDGE('',*,*,#18267,.F.);
#18284=EDGE_LOOP('',(#18279,#18281,#18282,#18283));
#18285=FACE_OUTER_BOUND('',#18284,.F.);
#18286=ADVANCED_FACE('',(#18285),#18278,.F.);
#18287=CARTESIAN_POINT('',(1.587599356273E2,5.129577717439E1,
-7.096364997533E0));
#18288=DIRECTION('',(-8.265992787996E-1,-5.627909312417E-1,0.E0));
#18289=DIRECTION('',(-5.627909312417E-1,8.265992787996E-1,0.E0));
#18290=AXIS2_PLACEMENT_3D('',#18287,#18288,#18289);
#18291=PLANE('',#18290);
#18292=ORIENTED_EDGE('',*,*,#10486,.F.);
#18294=ORIENTED_EDGE('',*,*,#18293,.T.);
#18295=ORIENTED_EDGE('',*,*,#12416,.T.);
#18296=ORIENTED_EDGE('',*,*,#18280,.F.);
#18297=EDGE_LOOP('',(#18292,#18294,#18295,#18296));
#18298=FACE_OUTER_BOUND('',#18297,.F.);
#18299=ADVANCED_FACE('',(#18298),#18291,.F.);
#18300=CARTESIAN_POINT('',(1.588875951865E2,5.117077717439E1,
-7.096364997533E0));
#18301=DIRECTION('',(-6.996248351869E-1,-7.145103848018E-1,0.E0));
#18302=DIRECTION('',(-7.145103848018E-1,6.996248351869E-1,0.E0));
#18303=AXIS2_PLACEMENT_3D('',#18300,#18301,#18302);
#18304=PLANE('',#18303);
#18305=ORIENTED_EDGE('',*,*,#10484,.F.);
#18306=ORIENTED_EDGE('',*,*,#17749,.T.);
#18307=ORIENTED_EDGE('',*,*,#12418,.T.);
#18308=ORIENTED_EDGE('',*,*,#18293,.F.);
#18309=EDGE_LOOP('',(#18305,#18306,#18307,#18308));
#18310=FACE_OUTER_BOUND('',#18309,.F.);
#18311=ADVANCED_FACE('',(#18310),#18304,.F.);
#18312=CARTESIAN_POINT('',(1.602067441443E2,5.221244320528E1,
-7.096364997533E0));
#18313=DIRECTION('',(0.E0,-1.E0,0.E0));
#18314=DIRECTION('',(-1.E0,0.E0,0.E0));
#18315=AXIS2_PLACEMENT_3D('',#18312,#18313,#18314);
#18316=PLANE('',#18315);
#18317=ORIENTED_EDGE('',*,*,#10840,.F.);
#18319=ORIENTED_EDGE('',*,*,#18318,.T.);
#18320=ORIENTED_EDGE('',*,*,#12422,.T.);
#18322=ORIENTED_EDGE('',*,*,#18321,.F.);
#18323=EDGE_LOOP('',(#18317,#18319,#18320,#18322));
#18324=FACE_OUTER_BOUND('',#18323,.F.);
#18325=ADVANCED_FACE('',(#18324),#18316,.F.);
#18326=CARTESIAN_POINT('',(1.603344037035E2,5.212911114351E1,
-7.096364997533E0));
#18327=DIRECTION('',(-5.466166979878E-1,-8.373829383746E-1,0.E0));
#18328=DIRECTION('',(-8.373829383746E-1,5.466166979878E-1,0.E0));
#18329=AXIS2_PLACEMENT_3D('',#18326,#18327,#18328);
#18330=PLANE('',#18329);
#18331=ORIENTED_EDGE('',*,*,#10872,.F.);
#18333=ORIENTED_EDGE('',*,*,#18332,.T.);
#18334=ORIENTED_EDGE('',*,*,#12424,.T.);
#18335=ORIENTED_EDGE('',*,*,#18318,.F.);
#18336=EDGE_LOOP('',(#18331,#18333,#18334,#18335));
#18337=FACE_OUTER_BOUND('',#18336,.F.);
#18338=ADVANCED_FACE('',(#18337),#18330,.F.);
#18339=CARTESIAN_POINT('',(1.604195100763E2,5.200411114351E1,
-7.096364997533E0));
#18340=DIRECTION('',(-8.265992787996E-1,-5.627909312417E-1,0.E0));
#18341=DIRECTION('',(-5.627909312417E-1,8.265992787996E-1,0.E0));
#18342=AXIS2_PLACEMENT_3D('',#18339,#18340,#18341);
#18343=PLANE('',#18342);
#18344=ORIENTED_EDGE('',*,*,#10870,.F.);
#18346=ORIENTED_EDGE('',*,*,#18345,.T.);
#18347=ORIENTED_EDGE('',*,*,#12426,.T.);
#18348=ORIENTED_EDGE('',*,*,#18332,.F.);
#18349=EDGE_LOOP('',(#18344,#18346,#18347,#18348));
#18350=FACE_OUTER_BOUND('',#18349,.F.);
#18351=ADVANCED_FACE('',(#18350),#18343,.F.);
#18352=CARTESIAN_POINT('',(1.604620632628E2,5.183744320528E1,
-7.096364997533E0));
#18353=DIRECTION('',(-9.689181700829E-1,-2.473814457133E-1,0.E0));
#18354=DIRECTION('',(-2.473814457133E-1,9.689181700829E-1,0.E0));
#18355=AXIS2_PLACEMENT_3D('',#18352,#18353,#18354);
#18356=PLANE('',#18355);
#18357=ORIENTED_EDGE('',*,*,#10868,.F.);
#18359=ORIENTED_EDGE('',*,*,#18358,.T.);
#18360=ORIENTED_EDGE('',*,*,#12428,.T.);
#18361=ORIENTED_EDGE('',*,*,#18345,.F.);
#18362=EDGE_LOOP('',(#18357,#18359,#18360,#18361));
#18363=FACE_OUTER_BOUND('',#18362,.F.);
#18364=ADVANCED_FACE('',(#18363),#18356,.F.);
#18365=CARTESIAN_POINT('',(1.604620632628E2,5.158744320528E1,
-7.096364997533E0));
#18366=DIRECTION('',(-1.E0,0.E0,0.E0));
#18367=DIRECTION('',(0.E0,1.E0,0.E0));
#18368=AXIS2_PLACEMENT_3D('',#18365,#18366,#18367);
#18369=PLANE('',#18368);
#18370=ORIENTED_EDGE('',*,*,#10866,.F.);
#18372=ORIENTED_EDGE('',*,*,#18371,.T.);
#18373=ORIENTED_EDGE('',*,*,#12430,.T.);
#18374=ORIENTED_EDGE('',*,*,#18358,.F.);
#18375=EDGE_LOOP('',(#18370,#18372,#18373,#18374));
#18376=FACE_OUTER_BOUND('',#18375,.F.);
#18377=ADVANCED_FACE('',(#18376),#18369,.F.);
#18378=CARTESIAN_POINT('',(1.603769568899E2,5.142077717439E1,
-7.096364997533E0));
#18379=DIRECTION('',(-8.906045842070E-1,4.547784895854E-1,0.E0));
#18380=DIRECTION('',(4.547784895854E-1,8.906045842070E-1,0.E0));
#18381=AXIS2_PLACEMENT_3D('',#18378,#18379,#18380);
#18382=PLANE('',#18381);
#18383=ORIENTED_EDGE('',*,*,#10864,.F.);
#18385=ORIENTED_EDGE('',*,*,#18384,.T.);
#18386=ORIENTED_EDGE('',*,*,#12432,.T.);
#18387=ORIENTED_EDGE('',*,*,#18371,.F.);
#18388=EDGE_LOOP('',(#18383,#18385,#18386,#18387));
#18389=FACE_OUTER_BOUND('',#18388,.F.);
#18390=ADVANCED_FACE('',(#18389),#18382,.F.);
#18391=CARTESIAN_POINT('',(1.602492973307E2,5.133744320528E1,
-7.096364997533E0));
#18392=DIRECTION('',(-5.466254709167E-1,8.373772116227E-1,0.E0));
#18393=DIRECTION('',(8.373772116227E-1,5.466254709167E-1,0.E0));
#18394=AXIS2_PLACEMENT_3D('',#18391,#18392,#18393);
#18395=PLANE('',#18394);
#18396=ORIENTED_EDGE('',*,*,#10862,.F.);
#18398=ORIENTED_EDGE('',*,*,#18397,.T.);
#18399=ORIENTED_EDGE('',*,*,#12434,.T.);
#18400=ORIENTED_EDGE('',*,*,#18384,.F.);
#18401=EDGE_LOOP('',(#18396,#18398,#18399,#18400));
#18402=FACE_OUTER_BOUND('',#18401,.F.);
#18403=ADVANCED_FACE('',(#18402),#18395,.F.);
#18404=CARTESIAN_POINT('',(1.601216377714E2,5.129577717439E1,
-7.096364997533E0));
#18405=DIRECTION('',(-3.102757862690E-1,9.506465886201E-1,0.E0));
#18406=DIRECTION('',(9.506465886201E-1,3.102757862690E-1,0.E0));
#18407=AXIS2_PLACEMENT_3D('',#18404,#18405,#18406);
#18408=PLANE('',#18407);
#18409=ORIENTED_EDGE('',*,*,#10860,.F.);
#18411=ORIENTED_EDGE('',*,*,#18410,.T.);
#18412=ORIENTED_EDGE('',*,*,#12436,.T.);
#18413=ORIENTED_EDGE('',*,*,#18397,.F.);
#18414=EDGE_LOOP('',(#18409,#18411,#18412,#18413));
#18415=FACE_OUTER_BOUND('',#18414,.F.);
#18416=ADVANCED_FACE('',(#18415),#18408,.F.);
#18417=CARTESIAN_POINT('',(1.598663185933E2,5.129577717439E1,
-7.096364997533E0));
#18418=DIRECTION('',(0.E0,1.E0,0.E0));
#18419=DIRECTION('',(1.E0,0.E0,0.E0));
#18420=AXIS2_PLACEMENT_3D('',#18417,#18418,#18419);
#18421=PLANE('',#18420);
#18422=ORIENTED_EDGE('',*,*,#10858,.F.);
#18424=ORIENTED_EDGE('',*,*,#18423,.T.);
#18425=ORIENTED_EDGE('',*,*,#12438,.T.);
#18426=ORIENTED_EDGE('',*,*,#18410,.F.);
#18427=EDGE_LOOP('',(#18422,#18424,#18425,#18426));
#18428=FACE_OUTER_BOUND('',#18427,.F.);
#18429=ADVANCED_FACE('',(#18428),#18421,.F.);
#18430=CARTESIAN_POINT('',(1.597386590341E2,5.133744320528E1,
-7.096364997533E0));
#18431=DIRECTION('',(3.102757862690E-1,9.506465886201E-1,0.E0));
#18432=DIRECTION('',(9.506465886201E-1,-3.102757862690E-1,0.E0));
#18433=AXIS2_PLACEMENT_3D('',#18430,#18431,#18432);
#18434=PLANE('',#18433);
#18435=ORIENTED_EDGE('',*,*,#10856,.F.);
#18437=ORIENTED_EDGE('',*,*,#18436,.T.);
#18438=ORIENTED_EDGE('',*,*,#12440,.T.);
#18439=ORIENTED_EDGE('',*,*,#18423,.F.);
#18440=EDGE_LOOP('',(#18435,#18437,#18438,#18439));
#18441=FACE_OUTER_BOUND('',#18440,.F.);
#18442=ADVANCED_FACE('',(#18441),#18434,.F.);
#18443=CARTESIAN_POINT('',(1.596535526314E2,5.137911114351E1,
-7.096364997533E0));
#18444=DIRECTION('',(4.397241959772E-1,8.981328584749E-1,0.E0));
#18445=DIRECTION('',(8.981328584749E-1,-4.397241959772E-1,0.E0));
#18446=AXIS2_PLACEMENT_3D('',#18443,#18444,#18445);
#18447=PLANE('',#18446);
#18448=ORIENTED_EDGE('',*,*,#10854,.F.);
#18450=ORIENTED_EDGE('',*,*,#18449,.T.);
#18451=ORIENTED_EDGE('',*,*,#12442,.T.);
#18452=ORIENTED_EDGE('',*,*,#18436,.F.);
#18453=EDGE_LOOP('',(#18448,#18450,#18451,#18452));
#18454=FACE_OUTER_BOUND('',#18453,.F.);
#18455=ADVANCED_FACE('',(#18454),#18447,.F.);
#18456=CARTESIAN_POINT('',(1.595684462586E2,5.150411114351E1,
-7.096364997533E0));
#18457=DIRECTION('',(8.265992787996E-1,5.627909312417E-1,0.E0));
#18458=DIRECTION('',(5.627909312417E-1,-8.265992787996E-1,0.E0));
#18459=AXIS2_PLACEMENT_3D('',#18456,#18457,#18458);
#18460=PLANE('',#18459);
#18461=ORIENTED_EDGE('',*,*,#10852,.F.);
#18463=ORIENTED_EDGE('',*,*,#18462,.T.);
#18464=ORIENTED_EDGE('',*,*,#12444,.T.);
#18465=ORIENTED_EDGE('',*,*,#18449,.F.);
#18466=EDGE_LOOP('',(#18461,#18463,#18464,#18465));
#18467=FACE_OUTER_BOUND('',#18466,.F.);
#18468=ADVANCED_FACE('',(#18467),#18460,.F.);
#18469=CARTESIAN_POINT('',(1.595258930722E2,5.167077717439E1,
-7.096364997533E0));
#18470=DIRECTION('',(9.689174914946E-1,2.473841035229E-1,0.E0));
#18471=DIRECTION('',(2.473841035229E-1,-9.689174914946E-1,0.E0));
#18472=AXIS2_PLACEMENT_3D('',#18469,#18470,#18471);
#18473=PLANE('',#18472);
#18474=ORIENTED_EDGE('',*,*,#10850,.F.);
#18476=ORIENTED_EDGE('',*,*,#18475,.T.);
#18477=ORIENTED_EDGE('',*,*,#12446,.T.);
#18478=ORIENTED_EDGE('',*,*,#18462,.F.);
#18479=EDGE_LOOP('',(#18474,#18476,#18477,#18478));
#18480=FACE_OUTER_BOUND('',#18479,.F.);
#18481=ADVANCED_FACE('',(#18480),#18473,.F.);
#18482=CARTESIAN_POINT('',(1.595258930722E2,5.183744320528E1,
-7.096364997533E0));
#18483=DIRECTION('',(1.E0,0.E0,0.E0));
#18484=DIRECTION('',(0.E0,-1.E0,0.E0));
#18485=AXIS2_PLACEMENT_3D('',#18482,#18483,#18484);
#18486=PLANE('',#18485);
#18487=ORIENTED_EDGE('',*,*,#10848,.F.);
#18489=ORIENTED_EDGE('',*,*,#18488,.T.);
#18490=ORIENTED_EDGE('',*,*,#12448,.T.);
#18491=ORIENTED_EDGE('',*,*,#18475,.F.);
#18492=EDGE_LOOP('',(#18487,#18489,#18490,#18491));
#18493=FACE_OUTER_BOUND('',#18492,.F.);
#18494=ADVANCED_FACE('',(#18493),#18486,.F.);
#18495=CARTESIAN_POINT('',(1.595684462586E2,5.200411114351E1,
-7.096364997533E0));
#18496=DIRECTION('',(9.689181700829E-1,-2.473814457133E-1,0.E0));
#18497=DIRECTION('',(-2.473814457133E-1,-9.689181700829E-1,0.E0));
#18498=AXIS2_PLACEMENT_3D('',#18495,#18496,#18497);
#18499=PLANE('',#18498);
#18500=ORIENTED_EDGE('',*,*,#10846,.F.);
#18502=ORIENTED_EDGE('',*,*,#18501,.T.);
#18503=ORIENTED_EDGE('',*,*,#12450,.T.);
#18504=ORIENTED_EDGE('',*,*,#18488,.F.);
#18505=EDGE_LOOP('',(#18500,#18502,#18503,#18504));
#18506=FACE_OUTER_BOUND('',#18505,.F.);
#18507=ADVANCED_FACE('',(#18506),#18499,.F.);
#18508=CARTESIAN_POINT('',(1.596535526314E2,5.212911114351E1,
-7.096364997533E0));
#18509=DIRECTION('',(8.265992787996E-1,-5.627909312417E-1,0.E0));
#18510=DIRECTION('',(-5.627909312417E-1,-8.265992787996E-1,0.E0));
#18511=AXIS2_PLACEMENT_3D('',#18508,#18509,#18510);
#18512=PLANE('',#18511);
#18513=ORIENTED_EDGE('',*,*,#10844,.F.);
#18515=ORIENTED_EDGE('',*,*,#18514,.T.);
#18516=ORIENTED_EDGE('',*,*,#12452,.T.);
#18517=ORIENTED_EDGE('',*,*,#18501,.F.);
#18518=EDGE_LOOP('',(#18513,#18515,#18516,#18517));
#18519=FACE_OUTER_BOUND('',#18518,.F.);
#18520=ADVANCED_FACE('',(#18519),#18512,.F.);
#18521=CARTESIAN_POINT('',(1.597812122205E2,5.221244320528E1,
-7.096364997533E0));
#18522=DIRECTION('',(5.466166085074E-1,-8.373829967845E-1,0.E0));
#18523=DIRECTION('',(-8.373829967845E-1,-5.466166085074E-1,0.E0));
#18524=AXIS2_PLACEMENT_3D('',#18521,#18522,#18523);
#18525=PLANE('',#18524);
#18526=ORIENTED_EDGE('',*,*,#10842,.F.);
#18527=ORIENTED_EDGE('',*,*,#18321,.T.);
#18528=ORIENTED_EDGE('',*,*,#12454,.T.);
#18529=ORIENTED_EDGE('',*,*,#18514,.F.);
#18530=EDGE_LOOP('',(#18526,#18527,#18528,#18529));
#18531=FACE_OUTER_BOUND('',#18530,.F.);
#18532=ADVANCED_FACE('',(#18531),#18525,.F.);
#18533=CARTESIAN_POINT('',(1.599939781526E2,5.275411114351E1,
-7.096364997533E0));
#18534=DIRECTION('',(-1.610614026234E-1,-9.869443877874E-1,0.E0));
#18535=DIRECTION('',(-9.869443877874E-1,1.610614026234E-1,0.E0));
#18536=AXIS2_PLACEMENT_3D('',#18533,#18534,#18535);
#18537=PLANE('',#18536);
#18538=ORIENTED_EDGE('',*,*,#10572,.F.);
#18540=ORIENTED_EDGE('',*,*,#18539,.T.);
#18541=ORIENTED_EDGE('',*,*,#12464,.T.);
#18543=ORIENTED_EDGE('',*,*,#18542,.F.);
#18544=EDGE_LOOP('',(#18538,#18540,#18541,#18543));
#18545=FACE_OUTER_BOUND('',#18544,.F.);
#18546=ADVANCED_FACE('',(#18545),#18537,.F.);
#18547=CARTESIAN_POINT('',(1.602492973307E2,5.279577717439E1,
-7.096364997533E0));
#18548=DIRECTION('',(1.610613659987E-1,-9.869443937642E-1,0.E0));
#18549=DIRECTION('',(-9.869443937642E-1,-1.610613659987E-1,0.E0));
#18550=AXIS2_PLACEMENT_3D('',#18547,#18548,#18549);
#18551=PLANE('',#18550);
#18552=ORIENTED_EDGE('',*,*,#10634,.F.);
#18554=ORIENTED_EDGE('',*,*,#18553,.T.);
#18555=ORIENTED_EDGE('',*,*,#12466,.T.);
#18556=ORIENTED_EDGE('',*,*,#18539,.F.);
#18557=EDGE_LOOP('',(#18552,#18554,#18555,#18556));
#18558=FACE_OUTER_BOUND('',#18557,.F.);
#18559=ADVANCED_FACE('',(#18558),#18551,.F.);
#18560=CARTESIAN_POINT('',(1.604195100763E2,5.287911114351E1,
-7.096364997533E0));
#18561=DIRECTION('',(4.397162019326E-1,-8.981367723003E-1,0.E0));
#18562=DIRECTION('',(-8.981367723003E-1,-4.397162019326E-1,0.E0));
#18563=AXIS2_PLACEMENT_3D('',#18560,#18561,#18562);
#18564=PLANE('',#18563);
#18565=ORIENTED_EDGE('',*,*,#10632,.F.);
#18567=ORIENTED_EDGE('',*,*,#18566,.T.);
#18568=ORIENTED_EDGE('',*,*,#12468,.T.);
#18569=ORIENTED_EDGE('',*,*,#18553,.F.);
#18570=EDGE_LOOP('',(#18565,#18567,#18568,#18569));
#18571=FACE_OUTER_BOUND('',#18570,.F.);
#18572=ADVANCED_FACE('',(#18571),#18564,.F.);
#18573=CARTESIAN_POINT('',(1.605046164492E2,5.296244320528E1,
-7.096364997533E0));
#18574=DIRECTION('',(6.996193850521E-1,-7.145157213521E-1,0.E0));
#18575=DIRECTION('',(-7.145157213521E-1,-6.996193850521E-1,0.E0));
#18576=AXIS2_PLACEMENT_3D('',#18573,#18574,#18575);
#18577=PLANE('',#18576);
#18578=ORIENTED_EDGE('',*,*,#10630,.F.);
#18580=ORIENTED_EDGE('',*,*,#18579,.T.);
#18581=ORIENTED_EDGE('',*,*,#12470,.T.);
#18582=ORIENTED_EDGE('',*,*,#18566,.F.);
#18583=EDGE_LOOP('',(#18578,#18580,#18581,#18582));
#18584=FACE_OUTER_BOUND('',#18583,.F.);
#18585=ADVANCED_FACE('',(#18584),#18577,.F.);
#18586=CARTESIAN_POINT('',(1.605897228220E2,5.308744320528E1,
-7.096364997533E0));
#18587=DIRECTION('',(8.265992787996E-1,-5.627909312417E-1,0.E0));
#18588=DIRECTION('',(-5.627909312417E-1,-8.265992787996E-1,0.E0));
#18589=AXIS2_PLACEMENT_3D('',#18586,#18587,#18588);
#18590=PLANE('',#18589);
#18591=ORIENTED_EDGE('',*,*,#10628,.F.);
#18593=ORIENTED_EDGE('',*,*,#18592,.T.);
#18594=ORIENTED_EDGE('',*,*,#12472,.T.);
#18595=ORIENTED_EDGE('',*,*,#18579,.F.);
#18596=EDGE_LOOP('',(#18591,#18593,#18594,#18595));
#18597=FACE_OUTER_BOUND('',#18596,.F.);
#18598=ADVANCED_FACE('',(#18597),#18590,.F.);
#18599=CARTESIAN_POINT('',(1.606322760084E2,5.321244320528E1,
-7.096364997533E0));
#18600=DIRECTION('',(9.466499177700E-1,-3.222637633772E-1,0.E0));
#18601=DIRECTION('',(-3.222637633772E-1,-9.466499177700E-1,0.E0));
#18602=AXIS2_PLACEMENT_3D('',#18599,#18600,#18601);
#18603=PLANE('',#18602);
#18604=ORIENTED_EDGE('',*,*,#10626,.F.);
#18606=ORIENTED_EDGE('',*,*,#18605,.T.);
#18607=ORIENTED_EDGE('',*,*,#12474,.T.);
#18608=ORIENTED_EDGE('',*,*,#18592,.F.);
#18609=EDGE_LOOP('',(#18604,#18606,#18607,#18608));
#18610=FACE_OUTER_BOUND('',#18609,.F.);
#18611=ADVANCED_FACE('',(#18610),#18603,.F.);
#18612=CARTESIAN_POINT('',(1.606748291948E2,5.346244320528E1,
-7.096364997533E0));
#18613=DIRECTION('',(9.858211730931E-1,-1.677993286083E-1,0.E0));
#18614=DIRECTION('',(-1.677993286083E-1,-9.858211730931E-1,0.E0));
#18615=AXIS2_PLACEMENT_3D('',#18612,#18613,#18614);
#18616=PLANE('',#18615);
#18617=ORIENTED_EDGE('',*,*,#10624,.F.);
#18619=ORIENTED_EDGE('',*,*,#18618,.T.);
#18620=ORIENTED_EDGE('',*,*,#12476,.T.);
#18621=ORIENTED_EDGE('',*,*,#18605,.F.);
#18622=EDGE_LOOP('',(#18617,#18619,#18620,#18621));
#18623=FACE_OUTER_BOUND('',#18622,.F.);
#18624=ADVANCED_FACE('',(#18623),#18616,.F.);
#18625=CARTESIAN_POINT('',(1.606322760084E2,5.371244320528E1,
-7.096364997533E0));
#18626=DIRECTION('',(9.858211730931E-1,1.677993286083E-1,0.E0));
#18627=DIRECTION('',(1.677993286083E-1,-9.858211730931E-1,0.E0));
#18628=AXIS2_PLACEMENT_3D('',#18625,#18626,#18627);
#18629=PLANE('',#18628);
#18630=ORIENTED_EDGE('',*,*,#10622,.F.);
#18632=ORIENTED_EDGE('',*,*,#18631,.T.);
#18633=ORIENTED_EDGE('',*,*,#12478,.T.);
#18634=ORIENTED_EDGE('',*,*,#18618,.F.);
#18635=EDGE_LOOP('',(#18630,#18632,#18633,#18634));
#18636=FACE_OUTER_BOUND('',#18635,.F.);
#18637=ADVANCED_FACE('',(#18636),#18629,.F.);
#18638=CARTESIAN_POINT('',(1.605046164492E2,5.392077717439E1,
-7.096364997533E0));
#18639=DIRECTION('',(8.526541329325E-1,5.224757693837E-1,0.E0));
#18640=DIRECTION('',(5.224757693837E-1,-8.526541329325E-1,0.E0));
#18641=AXIS2_PLACEMENT_3D('',#18638,#18639,#18640);
#18642=PLANE('',#18641);
#18643=ORIENTED_EDGE('',*,*,#10620,.F.);
#18645=ORIENTED_EDGE('',*,*,#18644,.T.);
#18646=ORIENTED_EDGE('',*,*,#12480,.T.);
#18647=ORIENTED_EDGE('',*,*,#18631,.F.);
#18648=EDGE_LOOP('',(#18643,#18645,#18646,#18647));
#18649=FACE_OUTER_BOUND('',#18648,.F.);
#18650=ADVANCED_FACE('',(#18649),#18642,.F.);
#18651=CARTESIAN_POINT('',(1.603344037035E2,5.404577717439E1,
-7.096364997533E0));
#18652=DIRECTION('',(5.919095487496E-1,8.060043958311E-1,0.E0));
#18653=DIRECTION('',(8.060043958311E-1,-5.919095487496E-1,0.E0));
#18654=AXIS2_PLACEMENT_3D('',#18651,#18652,#18653);
#18655=PLANE('',#18654);
#18656=ORIENTED_EDGE('',*,*,#10618,.F.);
#18658=ORIENTED_EDGE('',*,*,#18657,.T.);
#18659=ORIENTED_EDGE('',*,*,#12482,.T.);
#18660=ORIENTED_EDGE('',*,*,#18644,.F.);
#18661=EDGE_LOOP('',(#18656,#18658,#18659,#18660));
#18662=FACE_OUTER_BOUND('',#18661,.F.);
#18663=ADVANCED_FACE('',(#18662),#18655,.F.);
#18664=CARTESIAN_POINT('',(1.601641909578E2,5.408744320528E1,
-7.096364997533E0));
#18665=DIRECTION('',(2.377679294760E-1,9.713219917786E-1,0.E0));
#18666=DIRECTION('',(9.713219917786E-1,-2.377679294760E-1,0.E0));
#18667=AXIS2_PLACEMENT_3D('',#18664,#18665,#18666);
#18668=PLANE('',#18667);
#18669=ORIENTED_EDGE('',*,*,#10616,.F.);
#18671=ORIENTED_EDGE('',*,*,#18670,.T.);
#18672=ORIENTED_EDGE('',*,*,#12484,.T.);
#18673=ORIENTED_EDGE('',*,*,#18657,.F.);
#18674=EDGE_LOOP('',(#18669,#18671,#18672,#18673));
#18675=FACE_OUTER_BOUND('',#18674,.F.);
#18676=ADVANCED_FACE('',(#18675),#18668,.F.);
#18677=CARTESIAN_POINT('',(1.599939781526E2,5.408744320528E1,
-7.096364997533E0));
#18678=DIRECTION('',(0.E0,1.E0,0.E0));
#18679=DIRECTION('',(1.E0,0.E0,0.E0));
#18680=AXIS2_PLACEMENT_3D('',#18677,#18678,#18679);
#18681=PLANE('',#18680);
#18682=ORIENTED_EDGE('',*,*,#10614,.F.);
#18684=ORIENTED_EDGE('',*,*,#18683,.T.);
#18685=ORIENTED_EDGE('',*,*,#12486,.T.);
#18686=ORIENTED_EDGE('',*,*,#18670,.F.);
#18687=EDGE_LOOP('',(#18682,#18684,#18685,#18686));
#18688=FACE_OUTER_BOUND('',#18687,.F.);
#18689=ADVANCED_FACE('',(#18688),#18681,.F.);
#18690=CARTESIAN_POINT('',(1.599939781526E2,5.296244320528E1,
-7.096364997533E0));
#18691=DIRECTION('',(-1.E0,0.E0,0.E0));
#18692=DIRECTION('',(0.E0,1.E0,0.E0));
#18693=AXIS2_PLACEMENT_3D('',#18690,#18691,#18692);
#18694=PLANE('',#18693);
#18695=ORIENTED_EDGE('',*,*,#10612,.F.);
#18697=ORIENTED_EDGE('',*,*,#18696,.T.);
#18698=ORIENTED_EDGE('',*,*,#12488,.T.);
#18699=ORIENTED_EDGE('',*,*,#18683,.F.);
#18700=EDGE_LOOP('',(#18695,#18697,#18698,#18699));
#18701=FACE_OUTER_BOUND('',#18700,.F.);
#18702=ADVANCED_FACE('',(#18701),#18694,.F.);
#18703=CARTESIAN_POINT('',(1.599088717797E2,5.296244320528E1,
-7.096364997533E0));
#18704=DIRECTION('',(0.E0,1.E0,0.E0));
#18705=DIRECTION('',(1.E0,0.E0,0.E0));
#18706=AXIS2_PLACEMENT_3D('',#18703,#18704,#18705);
#18707=PLANE('',#18706);
#18708=ORIENTED_EDGE('',*,*,#10610,.F.);
#18710=ORIENTED_EDGE('',*,*,#18709,.T.);
#18711=ORIENTED_EDGE('',*,*,#12490,.T.);
#18712=ORIENTED_EDGE('',*,*,#18696,.F.);
#18713=EDGE_LOOP('',(#18708,#18710,#18711,#18712));
#18714=FACE_OUTER_BOUND('',#18713,.F.);
#18715=ADVANCED_FACE('',(#18714),#18707,.F.);
#18716=CARTESIAN_POINT('',(1.597812122205E2,5.300411114351E1,
-7.096364997533E0));
#18717=DIRECTION('',(3.102886223117E-1,9.506423990460E-1,0.E0));
#18718=DIRECTION('',(9.506423990460E-1,-3.102886223117E-1,0.E0));
#18719=AXIS2_PLACEMENT_3D('',#18716,#18717,#18718);
#18720=PLANE('',#18719);
#18721=ORIENTED_EDGE('',*,*,#10608,.F.);
#18723=ORIENTED_EDGE('',*,*,#18722,.T.);
#18724=ORIENTED_EDGE('',*,*,#12492,.T.);
#18725=ORIENTED_EDGE('',*,*,#18709,.F.);
#18726=EDGE_LOOP('',(#18721,#18723,#18724,#18725));
#18727=FACE_OUTER_BOUND('',#18726,.F.);
#18728=ADVANCED_FACE('',(#18727),#18720,.F.);
#18729=CARTESIAN_POINT('',(1.596961058477E2,5.304577717439E1,
-7.096364997533E0));
#18730=DIRECTION('',(4.397080835723E-1,8.981407468995E-1,0.E0));
#18731=DIRECTION('',(8.981407468995E-1,-4.397080835723E-1,0.E0));
#18732=AXIS2_PLACEMENT_3D('',#18729,#18730,#18731);
#18733=PLANE('',#18732);
#18734=ORIENTED_EDGE('',*,*,#10606,.F.);
#18736=ORIENTED_EDGE('',*,*,#18735,.T.);
#18737=ORIENTED_EDGE('',*,*,#12494,.T.);
#18738=ORIENTED_EDGE('',*,*,#18722,.F.);
#18739=EDGE_LOOP('',(#18734,#18736,#18737,#18738));
#18740=FACE_OUTER_BOUND('',#18739,.F.);
#18741=ADVANCED_FACE('',(#18740),#18733,.F.);
#18742=CARTESIAN_POINT('',(1.595684462586E2,5.317077717439E1,
-7.096364997533E0));
#18743=DIRECTION('',(6.996247518036E-1,7.145104664480E-1,0.E0));
#18744=DIRECTION('',(7.145104664480E-1,-6.996247518036E-1,0.E0));
#18745=AXIS2_PLACEMENT_3D('',#18742,#18743,#18744);
#18746=PLANE('',#18745);
#18747=ORIENTED_EDGE('',*,*,#10604,.F.);
#18749=ORIENTED_EDGE('',*,*,#18748,.T.);
#18750=ORIENTED_EDGE('',*,*,#12496,.T.);
#18751=ORIENTED_EDGE('',*,*,#18735,.F.);
#18752=EDGE_LOOP('',(#18747,#18749,#18750,#18751));
#18753=FACE_OUTER_BOUND('',#18752,.F.);
#18754=ADVANCED_FACE('',(#18753),#18746,.F.);
#18755=CARTESIAN_POINT('',(1.595258930722E2,5.325411114351E1,
-7.096364997533E0));
#18756=DIRECTION('',(8.906066921644E-1,4.547743614938E-1,0.E0));
#18757=DIRECTION('',(4.547743614938E-1,-8.906066921644E-1,0.E0));
#18758=AXIS2_PLACEMENT_3D('',#18755,#18756,#18757);
#18759=PLANE('',#18758);
#18760=ORIENTED_EDGE('',*,*,#10602,.F.);
#18762=ORIENTED_EDGE('',*,*,#18761,.T.);
#18763=ORIENTED_EDGE('',*,*,#12498,.T.);
#18764=ORIENTED_EDGE('',*,*,#18748,.F.);
#18765=EDGE_LOOP('',(#18760,#18762,#18763,#18764));
#18766=FACE_OUTER_BOUND('',#18765,.F.);
#18767=ADVANCED_FACE('',(#18766),#18759,.F.);
#18768=CARTESIAN_POINT('',(1.594833398709E2,5.342077717439E1,
-7.096364997533E0));
#18769=DIRECTION('',(9.689174707302E-1,2.473841848496E-1,0.E0));
#18770=DIRECTION('',(2.473841848496E-1,-9.689174707302E-1,0.E0));
#18771=AXIS2_PLACEMENT_3D('',#18768,#18769,#18770);
#18772=PLANE('',#18771);
#18773=ORIENTED_EDGE('',*,*,#10600,.F.);
#18775=ORIENTED_EDGE('',*,*,#18774,.T.);
#18776=ORIENTED_EDGE('',*,*,#12500,.T.);
#18777=ORIENTED_EDGE('',*,*,#18761,.F.);
#18778=EDGE_LOOP('',(#18773,#18775,#18776,#18777));
#18779=FACE_OUTER_BOUND('',#18778,.F.);
#18780=ADVANCED_FACE('',(#18779),#18772,.F.);
#18781=CARTESIAN_POINT('',(1.595258930722E2,5.371244320528E1,
-7.096364997533E0));
#18782=DIRECTION('',(9.895239818411E-1,-1.443685885548E-1,0.E0));
#18783=DIRECTION('',(-1.443685885548E-1,-9.895239818411E-1,0.E0));
#18784=AXIS2_PLACEMENT_3D('',#18781,#18782,#18783);
#18785=PLANE('',#18784);
#18786=ORIENTED_EDGE('',*,*,#10598,.F.);
#18788=ORIENTED_EDGE('',*,*,#18787,.T.);
#18789=ORIENTED_EDGE('',*,*,#12502,.T.);
#18790=ORIENTED_EDGE('',*,*,#18774,.F.);
#18791=EDGE_LOOP('',(#18786,#18788,#18789,#18790));
#18792=FACE_OUTER_BOUND('',#18791,.F.);
#18793=ADVANCED_FACE('',(#18792),#18785,.F.);
#18794=CARTESIAN_POINT('',(1.596109994450E2,5.383744320528E1,
-7.096364997533E0));
#18795=DIRECTION('',(8.265992787996E-1,-5.627909312417E-1,0.E0));
#18796=DIRECTION('',(-5.627909312417E-1,-8.265992787996E-1,0.E0));
#18797=AXIS2_PLACEMENT_3D('',#18794,#18795,#18796);
#18798=PLANE('',#18797);
#18799=ORIENTED_EDGE('',*,*,#10596,.F.);
#18801=ORIENTED_EDGE('',*,*,#18800,.T.);
#18802=ORIENTED_EDGE('',*,*,#12504,.T.);
#18803=ORIENTED_EDGE('',*,*,#18787,.F.);
#18804=EDGE_LOOP('',(#18799,#18801,#18802,#18803));
#18805=FACE_OUTER_BOUND('',#18804,.F.);
#18806=ADVANCED_FACE('',(#18805),#18798,.F.);
#18807=CARTESIAN_POINT('',(1.597386590341E2,5.387911114351E1,
-7.096364997533E0));
#18808=DIRECTION('',(3.102885568486E-1,-9.506424204131E-1,0.E0));
#18809=DIRECTION('',(-9.506424204131E-1,-3.102885568486E-1,0.E0));
#18810=AXIS2_PLACEMENT_3D('',#18807,#18808,#18809);
#18811=PLANE('',#18810);
#18812=ORIENTED_EDGE('',*,*,#10594,.F.);
#18814=ORIENTED_EDGE('',*,*,#18813,.T.);
#18815=ORIENTED_EDGE('',*,*,#12506,.T.);
#18816=ORIENTED_EDGE('',*,*,#18800,.F.);
#18817=EDGE_LOOP('',(#18812,#18814,#18815,#18816));
#18818=FACE_OUTER_BOUND('',#18817,.F.);
#18819=ADVANCED_FACE('',(#18818),#18811,.F.);
#18820=CARTESIAN_POINT('',(1.597386590341E2,5.408744320528E1,
-7.096364997533E0));
#18821=DIRECTION('',(1.E0,0.E0,0.E0));
#18822=DIRECTION('',(0.E0,-1.E0,0.E0));
#18823=AXIS2_PLACEMENT_3D('',#18820,#18821,#18822);
#18824=PLANE('',#18823);
#18825=ORIENTED_EDGE('',*,*,#10592,.F.);
#18827=ORIENTED_EDGE('',*,*,#18826,.T.);
#18828=ORIENTED_EDGE('',*,*,#12508,.T.);
#18829=ORIENTED_EDGE('',*,*,#18813,.F.);
#18830=EDGE_LOOP('',(#18825,#18827,#18828,#18829));
#18831=FACE_OUTER_BOUND('',#18830,.F.);
#18832=ADVANCED_FACE('',(#18831),#18824,.F.);
#18833=CARTESIAN_POINT('',(1.595684462586E2,5.404577717439E1,
-7.096364997533E0));
#18834=DIRECTION('',(-2.377678901991E-1,9.713220013931E-1,0.E0));
#18835=DIRECTION('',(9.713220013931E-1,2.377678901991E-1,0.E0));
#18836=AXIS2_PLACEMENT_3D('',#18833,#18834,#18835);
#18837=PLANE('',#18836);
#18838=ORIENTED_EDGE('',*,*,#10590,.F.);
#18840=ORIENTED_EDGE('',*,*,#18839,.T.);
#18841=ORIENTED_EDGE('',*,*,#12510,.T.);
#18842=ORIENTED_EDGE('',*,*,#18826,.F.);
#18843=EDGE_LOOP('',(#18838,#18840,#18841,#18842));
#18844=FACE_OUTER_BOUND('',#18843,.F.);
#18845=ADVANCED_FACE('',(#18844),#18837,.F.);
#18846=CARTESIAN_POINT('',(1.594407866845E2,5.392077717439E1,
-7.096364997533E0));
#18847=DIRECTION('',(-6.996247934953E-1,7.145104256249E-1,0.E0));
#18848=DIRECTION('',(7.145104256249E-1,6.996247934953E-1,0.E0));
#18849=AXIS2_PLACEMENT_3D('',#18846,#18847,#18848);
#18850=PLANE('',#18849);
#18851=ORIENTED_EDGE('',*,*,#10588,.F.);
#18853=ORIENTED_EDGE('',*,*,#18852,.T.);
#18854=ORIENTED_EDGE('',*,*,#12512,.T.);
#18855=ORIENTED_EDGE('',*,*,#18839,.F.);
#18856=EDGE_LOOP('',(#18851,#18853,#18854,#18855));
#18857=FACE_OUTER_BOUND('',#18856,.F.);
#18858=ADVANCED_FACE('',(#18857),#18850,.F.);
#18859=CARTESIAN_POINT('',(1.593556803004E2,5.375411114351E1,
-7.096364997533E0));
#18860=DIRECTION('',(-8.906045600187E-1,4.547785369538E-1,0.E0));
#18861=DIRECTION('',(4.547785369538E-1,8.906045600187E-1,0.E0));
#18862=AXIS2_PLACEMENT_3D('',#18859,#18860,#18861);
#18863=PLANE('',#18862);
#18864=ORIENTED_EDGE('',*,*,#10586,.F.);
#18866=ORIENTED_EDGE('',*,*,#18865,.T.);
#18867=ORIENTED_EDGE('',*,*,#12514,.T.);
#18868=ORIENTED_EDGE('',*,*,#18852,.F.);
#18869=EDGE_LOOP('',(#18864,#18866,#18867,#18868));
#18870=FACE_OUTER_BOUND('',#18869,.F.);
#18871=ADVANCED_FACE('',(#18870),#18863,.F.);
#18872=CARTESIAN_POINT('',(1.593131271103E2,5.346244320528E1,
-7.096364997533E0));
#18873=DIRECTION('',(-9.895241221265E-1,1.443676270146E-1,0.E0));
#18874=DIRECTION('',(1.443676270146E-1,9.895241221265E-1,0.E0));
#18875=AXIS2_PLACEMENT_3D('',#18872,#18873,#18874);
#18876=PLANE('',#18875);
#18877=ORIENTED_EDGE('',*,*,#10584,.F.);
#18879=ORIENTED_EDGE('',*,*,#18878,.T.);
#18880=ORIENTED_EDGE('',*,*,#12516,.T.);
#18881=ORIENTED_EDGE('',*,*,#18865,.F.);
#18882=EDGE_LOOP('',(#18877,#18879,#18880,#18881));
#18883=FACE_OUTER_BOUND('',#18882,.F.);
#18884=ADVANCED_FACE('',(#18883),#18876,.F.);
#18885=CARTESIAN_POINT('',(1.593556803004E2,5.321244320528E1,
-7.096364997533E0));
#18886=DIRECTION('',(-9.858211706631E-1,-1.677993428846E-1,0.E0));
#18887=DIRECTION('',(-1.677993428846E-1,9.858211706631E-1,0.E0));
#18888=AXIS2_PLACEMENT_3D('',#18885,#18886,#18887);
#18889=PLANE('',#18888);
#18890=ORIENTED_EDGE('',*,*,#10582,.F.);
#18892=ORIENTED_EDGE('',*,*,#18891,.T.);
#18893=ORIENTED_EDGE('',*,*,#12518,.T.);
#18894=ORIENTED_EDGE('',*,*,#18878,.F.);
#18895=EDGE_LOOP('',(#18890,#18892,#18893,#18894));
#18896=FACE_OUTER_BOUND('',#18895,.F.);
#18897=ADVANCED_FACE('',(#18896),#18889,.F.);
#18898=CARTESIAN_POINT('',(1.593982334906E2,5.308744320528E1,
-7.096364997533E0));
#18899=DIRECTION('',(-9.466499091632E-1,-3.222637886596E-1,0.E0));
#18900=DIRECTION('',(-3.222637886596E-1,9.466499091632E-1,0.E0));
#18901=AXIS2_PLACEMENT_3D('',#18898,#18899,#18900);
#18902=PLANE('',#18901);
#18903=ORIENTED_EDGE('',*,*,#10580,.F.);
#18905=ORIENTED_EDGE('',*,*,#18904,.T.);
#18906=ORIENTED_EDGE('',*,*,#12520,.T.);
#18907=ORIENTED_EDGE('',*,*,#18891,.F.);
#18908=EDGE_LOOP('',(#18903,#18905,#18906,#18907));
#18909=FACE_OUTER_BOUND('',#18908,.F.);
#18910=ADVANCED_FACE('',(#18909),#18902,.F.);
#18911=CARTESIAN_POINT('',(1.594833398709E2,5.296244320528E1,
-7.096364997533E0));
#18912=DIRECTION('',(-8.265992558795E-1,-5.627909649057E-1,0.E0));
#18913=DIRECTION('',(-5.627909649057E-1,8.265992558795E-1,0.E0));
#18914=AXIS2_PLACEMENT_3D('',#18911,#18912,#18913);
#18915=PLANE('',#18914);
#18916=ORIENTED_EDGE('',*,*,#10578,.F.);
#18918=ORIENTED_EDGE('',*,*,#18917,.T.);
#18919=ORIENTED_EDGE('',*,*,#12522,.T.);
#18920=ORIENTED_EDGE('',*,*,#18904,.F.);
#18921=EDGE_LOOP('',(#18916,#18918,#18919,#18920));
#18922=FACE_OUTER_BOUND('',#18921,.F.);
#18923=ADVANCED_FACE('',(#18922),#18915,.F.);
#18924=CARTESIAN_POINT('',(1.595684462586E2,5.287911114351E1,
-7.096364997533E0));
#18925=DIRECTION('',(-6.996193225142E-1,-7.145157825862E-1,0.E0));
#18926=DIRECTION('',(-7.145157825862E-1,6.996193225142E-1,0.E0));
#18927=AXIS2_PLACEMENT_3D('',#18924,#18925,#18926);
#18928=PLANE('',#18927);
#18929=ORIENTED_EDGE('',*,*,#10576,.F.);
#18931=ORIENTED_EDGE('',*,*,#18930,.T.);
#18932=ORIENTED_EDGE('',*,*,#12524,.T.);
#18933=ORIENTED_EDGE('',*,*,#18917,.F.);
#18934=EDGE_LOOP('',(#18929,#18931,#18932,#18933));
#18935=FACE_OUTER_BOUND('',#18934,.F.);
#18936=ADVANCED_FACE('',(#18935),#18928,.F.);
#18937=CARTESIAN_POINT('',(1.597386590341E2,5.279577717439E1,
-7.096364997533E0));
#18938=DIRECTION('',(-4.397161398292E-1,-8.981368027053E-1,0.E0));
#18939=DIRECTION('',(-8.981368027053E-1,4.397161398292E-1,0.E0));
#18940=AXIS2_PLACEMENT_3D('',#18937,#18938,#18939);
#18941=PLANE('',#18940);
#18942=ORIENTED_EDGE('',*,*,#10574,.F.);
#18943=ORIENTED_EDGE('',*,*,#18542,.T.);
#18944=ORIENTED_EDGE('',*,*,#12526,.T.);
#18945=ORIENTED_EDGE('',*,*,#18930,.F.);
#18946=EDGE_LOOP('',(#18942,#18943,#18944,#18945));
#18947=FACE_OUTER_BOUND('',#18946,.F.);
#18948=ADVANCED_FACE('',(#18947),#18941,.F.);
#18949=CARTESIAN_POINT('',(1.602067441443E2,5.300411114351E1,
-7.096364997533E0));
#18950=DIRECTION('',(-4.397080835723E-1,8.981407468995E-1,0.E0));
#18951=DIRECTION('',(8.981407468995E-1,4.397080835723E-1,0.E0));
#18952=AXIS2_PLACEMENT_3D('',#18949,#18950,#18951);
#18953=PLANE('',#18952);
#18954=ORIENTED_EDGE('',*,*,#10882,.F.);
#18956=ORIENTED_EDGE('',*,*,#18955,.T.);
#18957=ORIENTED_EDGE('',*,*,#12530,.T.);
#18959=ORIENTED_EDGE('',*,*,#18958,.F.);
#18960=EDGE_LOOP('',(#18954,#18956,#18957,#18959));
#18961=FACE_OUTER_BOUND('',#18960,.F.);
#18962=ADVANCED_FACE('',(#18961),#18953,.F.);
#18963=CARTESIAN_POINT('',(1.601641909578E2,5.300411114351E1,
-7.096364997533E0));
#18964=DIRECTION('',(0.E0,1.E0,0.E0));
#18965=DIRECTION('',(1.E0,0.E0,0.E0));
#18966=AXIS2_PLACEMENT_3D('',#18963,#18964,#18965);
#18967=PLANE('',#18966);
#18968=ORIENTED_EDGE('',*,*,#10900,.F.);
#18970=ORIENTED_EDGE('',*,*,#18969,.T.);
#18971=ORIENTED_EDGE('',*,*,#12532,.T.);
#18972=ORIENTED_EDGE('',*,*,#18955,.F.);
#18973=EDGE_LOOP('',(#18968,#18970,#18971,#18972));
#18974=FACE_OUTER_BOUND('',#18973,.F.);
#18975=ADVANCED_FACE('',(#18974),#18967,.F.);
#18976=CARTESIAN_POINT('',(1.601641909578E2,5.387911114351E1,
-7.096364997533E0));
#18977=DIRECTION('',(1.E0,0.E0,0.E0));
#18978=DIRECTION('',(0.E0,-1.E0,0.E0));
#18979=AXIS2_PLACEMENT_3D('',#18976,#18977,#18978);
#18980=PLANE('',#18979);
#18981=ORIENTED_EDGE('',*,*,#10898,.F.);
#18983=ORIENTED_EDGE('',*,*,#18982,.T.);
#18984=ORIENTED_EDGE('',*,*,#12534,.T.);
#18985=ORIENTED_EDGE('',*,*,#18969,.F.);
#18986=EDGE_LOOP('',(#18981,#18983,#18984,#18985));
#18987=FACE_OUTER_BOUND('',#18986,.F.);
#18988=ADVANCED_FACE('',(#18987),#18980,.F.);
#18989=CARTESIAN_POINT('',(1.602492973307E2,5.387911114351E1,
-7.096364997533E0));
#18990=DIRECTION('',(0.E0,-1.E0,0.E0));
#18991=DIRECTION('',(-1.E0,0.E0,0.E0));
#18992=AXIS2_PLACEMENT_3D('',#18989,#18990,#18991);
#18993=PLANE('',#18992);
#18994=ORIENTED_EDGE('',*,*,#10896,.F.);
#18996=ORIENTED_EDGE('',*,*,#18995,.T.);
#18997=ORIENTED_EDGE('',*,*,#12536,.T.);
#18998=ORIENTED_EDGE('',*,*,#18982,.F.);
#18999=EDGE_LOOP('',(#18994,#18996,#18997,#18998));
#19000=FACE_OUTER_BOUND('',#18999,.F.);
#19001=ADVANCED_FACE('',(#19000),#18993,.F.);
#19002=CARTESIAN_POINT('',(1.603769568899E2,5.379577717439E1,
-7.096364997533E0));
#19003=DIRECTION('',(-5.466254709167E-1,-8.373772116227E-1,0.E0));
#19004=DIRECTION('',(-8.373772116227E-1,5.466254709167E-1,0.E0));
#19005=AXIS2_PLACEMENT_3D('',#19002,#19003,#19004);
#19006=PLANE('',#19005);
#19007=ORIENTED_EDGE('',*,*,#10894,.F.);
#19009=ORIENTED_EDGE('',*,*,#19008,.T.);
#19010=ORIENTED_EDGE('',*,*,#12538,.T.);
#19011=ORIENTED_EDGE('',*,*,#18995,.F.);
#19012=EDGE_LOOP('',(#19007,#19009,#19010,#19011));
#19013=FACE_OUTER_BOUND('',#19012,.F.);
#19014=ADVANCED_FACE('',(#19013),#19006,.F.);
#19015=CARTESIAN_POINT('',(1.604620632628E2,5.367077717439E1,
-7.096364997533E0));
#19016=DIRECTION('',(-8.265992787996E-1,-5.627909312417E-1,0.E0));
#19017=DIRECTION('',(-5.627909312417E-1,8.265992787996E-1,0.E0));
#19018=AXIS2_PLACEMENT_3D('',#19015,#19016,#19017);
#19019=PLANE('',#19018);
#19020=ORIENTED_EDGE('',*,*,#10892,.F.);
#19022=ORIENTED_EDGE('',*,*,#19021,.T.);
#19023=ORIENTED_EDGE('',*,*,#12540,.T.);
#19024=ORIENTED_EDGE('',*,*,#19008,.F.);
#19025=EDGE_LOOP('',(#19020,#19022,#19023,#19024));
#19026=FACE_OUTER_BOUND('',#19025,.F.);
#19027=ADVANCED_FACE('',(#19026),#19019,.F.);
#19028=CARTESIAN_POINT('',(1.605046164492E2,5.342077717439E1,
-7.096364997533E0));
#19029=DIRECTION('',(-9.858211730931E-1,-1.677993286083E-1,0.E0));
#19030=DIRECTION('',(-1.677993286083E-1,9.858211730931E-1,0.E0));
#19031=AXIS2_PLACEMENT_3D('',#19028,#19029,#19030);
#19032=PLANE('',#19031);
#19033=ORIENTED_EDGE('',*,*,#10890,.F.);
#19035=ORIENTED_EDGE('',*,*,#19034,.T.);
#19036=ORIENTED_EDGE('',*,*,#12542,.T.);
#19037=ORIENTED_EDGE('',*,*,#19021,.F.);
#19038=EDGE_LOOP('',(#19033,#19035,#19036,#19037));
#19039=FACE_OUTER_BOUND('',#19038,.F.);
#19040=ADVANCED_FACE('',(#19039),#19032,.F.);
#19041=CARTESIAN_POINT('',(1.604620632628E2,5.325411114351E1,
-7.096364997533E0));
#19042=DIRECTION('',(-9.689174914946E-1,2.473841035229E-1,0.E0));
#19043=DIRECTION('',(2.473841035229E-1,9.689174914946E-1,0.E0));
#19044=AXIS2_PLACEMENT_3D('',#19041,#19042,#19043);
#19045=PLANE('',#19044);
#19046=ORIENTED_EDGE('',*,*,#10888,.F.);
#19048=ORIENTED_EDGE('',*,*,#19047,.T.);
#19049=ORIENTED_EDGE('',*,*,#12544,.T.);
#19050=ORIENTED_EDGE('',*,*,#19034,.F.);
#19051=EDGE_LOOP('',(#19046,#19048,#19049,#19050));
#19052=FACE_OUTER_BOUND('',#19051,.F.);
#19053=ADVANCED_FACE('',(#19052),#19045,.F.);
#19054=CARTESIAN_POINT('',(1.604195100763E2,5.317077717439E1,
-7.096364997533E0));
#19055=DIRECTION('',(-8.906066921644E-1,4.547743614938E-1,0.E0));
#19056=DIRECTION('',(4.547743614938E-1,8.906066921644E-1,0.E0));
#19057=AXIS2_PLACEMENT_3D('',#19054,#19055,#19056);
#19058=PLANE('',#19057);
#19059=ORIENTED_EDGE('',*,*,#10886,.F.);
#19061=ORIENTED_EDGE('',*,*,#19060,.T.);
#19062=ORIENTED_EDGE('',*,*,#12546,.T.);
#19063=ORIENTED_EDGE('',*,*,#19047,.F.);
#19064=EDGE_LOOP('',(#19059,#19061,#19062,#19063));
#19065=FACE_OUTER_BOUND('',#19064,.F.);
#19066=ADVANCED_FACE('',(#19065),#19058,.F.);
#19067=CARTESIAN_POINT('',(1.602918505171E2,5.304577717439E1,
-7.096364997533E0));
#19068=DIRECTION('',(-6.996248351869E-1,7.145103848018E-1,0.E0));
#19069=DIRECTION('',(7.145103848018E-1,6.996248351869E-1,0.E0));
#19070=AXIS2_PLACEMENT_3D('',#19067,#19068,#19069);
#19071=PLANE('',#19070);
#19072=ORIENTED_EDGE('',*,*,#10884,.F.);
#19073=ORIENTED_EDGE('',*,*,#18958,.T.);
#19074=ORIENTED_EDGE('',*,*,#12548,.T.);
#19075=ORIENTED_EDGE('',*,*,#19060,.F.);
#19076=EDGE_LOOP('',(#19072,#19073,#19074,#19075));
#19077=FACE_OUTER_BOUND('',#19076,.F.);
#19078=ADVANCED_FACE('',(#19077),#19071,.F.);
#19079=CARTESIAN_POINT('',(1.566699938965E2,3.476979926758E1,
-7.096364997533E0));
#19080=DIRECTION('',(0.E0,-1.E0,0.E0));
#19081=DIRECTION('',(-1.E0,0.E0,0.E0));
#19082=AXIS2_PLACEMENT_3D('',#19079,#19080,#19081);
#19083=PLANE('',#19082);
#19085=ORIENTED_EDGE('',*,*,#19084,.T.);
#19086=ORIENTED_EDGE('',*,*,#9482,.T.);
#19088=ORIENTED_EDGE('',*,*,#19087,.F.);
#19089=ORIENTED_EDGE('',*,*,#10638,.F.);
#19090=EDGE_LOOP('',(#19085,#19086,#19088,#19089));
#19091=FACE_OUTER_BOUND('',#19090,.F.);
#19092=ADVANCED_FACE('',(#19091),#19083,.F.);
#19093=CARTESIAN_POINT('',(1.556699938965E2,3.576979926758E1,
-4.172105829136E1));
#19094=DIRECTION('',(0.E0,0.E0,1.E0));
#19095=DIRECTION('',(0.E0,-1.E0,0.E0));
#19096=AXIS2_PLACEMENT_3D('',#19093,#19094,#19095);
#19097=CYLINDRICAL_SURFACE('',#19096,1.E0);
#19098=ORIENTED_EDGE('',*,*,#19084,.F.);
#19099=ORIENTED_EDGE('',*,*,#10652,.T.);
#19101=ORIENTED_EDGE('',*,*,#19100,.T.);
#19102=ORIENTED_EDGE('',*,*,#9484,.T.);
#19103=EDGE_LOOP('',(#19098,#19099,#19101,#19102));
#19104=FACE_OUTER_BOUND('',#19103,.F.);
#19105=ADVANCED_FACE('',(#19104),#19097,.F.);
#19106=CARTESIAN_POINT('',(1.566699938965E2,5.006619926758E1,
-7.096364997533E0));
#19107=DIRECTION('',(1.E0,0.E0,0.E0));
#19108=DIRECTION('',(0.E0,-1.E0,0.E0));
#19109=AXIS2_PLACEMENT_3D('',#19106,#19107,#19108);
#19110=PLANE('',#19109);
#19111=ORIENTED_EDGE('',*,*,#19100,.F.);
#19112=ORIENTED_EDGE('',*,*,#10650,.F.);
#19114=ORIENTED_EDGE('',*,*,#19113,.T.);
#19115=ORIENTED_EDGE('',*,*,#9486,.T.);
#19116=EDGE_LOOP('',(#19111,#19112,#19114,#19115));
#19117=FACE_OUTER_BOUND('',#19116,.F.);
#19118=ADVANCED_FACE('',(#19117),#19110,.F.);
#19119=CARTESIAN_POINT('',(1.556699938965E2,4.906619926758E1,
-4.172105829136E1));
#19120=DIRECTION('',(0.E0,0.E0,1.E0));
#19121=DIRECTION('',(1.E0,0.E0,0.E0));
#19122=AXIS2_PLACEMENT_3D('',#19119,#19120,#19121);
#19123=CYLINDRICAL_SURFACE('',#19122,1.E0);
#19124=ORIENTED_EDGE('',*,*,#19113,.F.);
#19125=ORIENTED_EDGE('',*,*,#10648,.T.);
#19127=ORIENTED_EDGE('',*,*,#19126,.T.);
#19128=ORIENTED_EDGE('',*,*,#9488,.T.);
#19129=EDGE_LOOP('',(#19124,#19125,#19127,#19128));
#19130=FACE_OUTER_BOUND('',#19129,.F.);
#19131=ADVANCED_FACE('',(#19130),#19123,.F.);
#19132=CARTESIAN_POINT('',(1.483699442870E2,5.006619926758E1,
-7.096364997533E0));
#19133=DIRECTION('',(0.E0,1.E0,0.E0));
#19134=DIRECTION('',(1.E0,0.E0,0.E0));
#19135=AXIS2_PLACEMENT_3D('',#19132,#19133,#19134);
#19136=PLANE('',#19135);
#19138=ORIENTED_EDGE('',*,*,#19137,.T.);
#19139=ORIENTED_EDGE('',*,*,#9490,.T.);
#19140=ORIENTED_EDGE('',*,*,#19126,.F.);
#19141=ORIENTED_EDGE('',*,*,#10646,.F.);
#19142=EDGE_LOOP('',(#19138,#19139,#19140,#19141));
#19143=FACE_OUTER_BOUND('',#19142,.F.);
#19144=ADVANCED_FACE('',(#19143),#19136,.F.);
#19145=CARTESIAN_POINT('',(1.493699442870E2,4.906619926758E1,
-4.172105829136E1));
#19146=DIRECTION('',(0.E0,0.E0,1.E0));
#19147=DIRECTION('',(0.E0,1.E0,0.E0));
#19148=AXIS2_PLACEMENT_3D('',#19145,#19146,#19147);
#19149=CYLINDRICAL_SURFACE('',#19148,1.E0);
#19150=ORIENTED_EDGE('',*,*,#19137,.F.);
#19151=ORIENTED_EDGE('',*,*,#10644,.T.);
#19153=ORIENTED_EDGE('',*,*,#19152,.T.);
#19154=ORIENTED_EDGE('',*,*,#9492,.T.);
#19155=EDGE_LOOP('',(#19150,#19151,#19153,#19154));
#19156=FACE_OUTER_BOUND('',#19155,.F.);
#19157=ADVANCED_FACE('',(#19156),#19149,.F.);
#19158=CARTESIAN_POINT('',(1.483699442870E2,3.476979926758E1,
-7.096364997533E0));
#19159=DIRECTION('',(-1.E0,0.E0,0.E0));
#19160=DIRECTION('',(0.E0,1.E0,0.E0));
#19161=AXIS2_PLACEMENT_3D('',#19158,#19159,#19160);
#19162=PLANE('',#19161);
#19164=ORIENTED_EDGE('',*,*,#19163,.T.);
#19165=ORIENTED_EDGE('',*,*,#9478,.T.);
#19166=ORIENTED_EDGE('',*,*,#19152,.F.);
#19167=ORIENTED_EDGE('',*,*,#10642,.F.);
#19168=EDGE_LOOP('',(#19164,#19165,#19166,#19167));
#19169=FACE_OUTER_BOUND('',#19168,.F.);
#19170=ADVANCED_FACE('',(#19169),#19162,.F.);
#19171=CARTESIAN_POINT('',(1.493699442870E2,3.576979926758E1,
-4.172105829136E1));
#19172=DIRECTION('',(0.E0,0.E0,1.E0));
#19173=DIRECTION('',(-1.E0,0.E0,0.E0));
#19174=AXIS2_PLACEMENT_3D('',#19171,#19172,#19173);
#19175=CYLINDRICAL_SURFACE('',#19174,1.E0);
#19176=ORIENTED_EDGE('',*,*,#19163,.F.);
#19177=ORIENTED_EDGE('',*,*,#10640,.T.);
#19178=ORIENTED_EDGE('',*,*,#19087,.T.);
#19179=ORIENTED_EDGE('',*,*,#9480,.T.);
#19180=EDGE_LOOP('',(#19176,#19177,#19178,#19179));
#19181=FACE_OUTER_BOUND('',#19180,.F.);
#19182=ADVANCED_FACE('',(#19181),#19175,.F.);
#19183=CARTESIAN_POINT('',(2.259554145226E2,6.799200057983E1,1.218403871785E1));
#19184=DIRECTION('',(-1.E0,0.E0,-4.371140768305E-8));
#19185=DIRECTION('',(4.371140768305E-8,0.E0,-1.E0));
#19186=AXIS2_PLACEMENT_3D('',#19183,#19184,#19185);
#19187=CYLINDRICAL_SURFACE('',#19186,3.E0);
#19189=ORIENTED_EDGE('',*,*,#19188,.F.);
#19191=ORIENTED_EDGE('',*,*,#19190,.T.);
#19192=ORIENTED_EDGE('',*,*,#9768,.T.);
#19193=ORIENTED_EDGE('',*,*,#9568,.T.);
#19194=EDGE_LOOP('',(#19189,#19191,#19192,#19193));
#19195=FACE_OUTER_BOUND('',#19194,.F.);
#19196=ADVANCED_FACE('',(#19195),#19187,.F.);
#19197=CARTESIAN_POINT('',(1.461609951278E2,6.499200095713E1,9.184035229928E0));
#19198=DIRECTION('',(-4.371140766226E-8,0.E0,1.E0));
#19199=DIRECTION('',(-1.192487299576E-8,1.E0,0.E0));
#19200=AXIS2_PLACEMENT_3D('',#19197,#19198,#19199);
#19201=PLANE('',#19200);
#19202=ORIENTED_EDGE('',*,*,#9722,.T.);
#19203=ORIENTED_EDGE('',*,*,#9656,.F.);
#19204=ORIENTED_EDGE('',*,*,#19188,.T.);
#19205=ORIENTED_EDGE('',*,*,#9566,.T.);
#19206=EDGE_LOOP('',(#19202,#19203,#19204,#19205));
#19207=FACE_OUTER_BOUND('',#19206,.F.);
#19208=ADVANCED_FACE('',(#19207),#19201,.T.);
#19209=CARTESIAN_POINT('',(1.501609952411E2,6.649200057983E1,6.184035404773E0));
#19210=DIRECTION('',(5.999999965656E-1,8.000000025758E-1,2.622684440644E-8));
#19211=DIRECTION('',(8.000000025758E-1,-5.999999965656E-1,3.496912618800E-8));
#19212=AXIS2_PLACEMENT_3D('',#19209,#19210,#19211);
#19213=PLANE('',#19212);
#19214=ORIENTED_EDGE('',*,*,#9770,.T.);
#19215=ORIENTED_EDGE('',*,*,#19190,.F.);
#19216=ORIENTED_EDGE('',*,*,#9654,.T.);
#19217=ORIENTED_EDGE('',*,*,#9749,.F.);
#19218=EDGE_LOOP('',(#19214,#19215,#19216,#19217));
#19219=FACE_OUTER_BOUND('',#19218,.F.);
#19220=ADVANCED_FACE('',(#19219),#19213,.T.);
#19221=CARTESIAN_POINT('',(1.778000030517E2,2.286800003052E1,-9.1148E-1));
#19222=DIRECTION('',(0.E0,0.E0,1.E0));
#19223=DIRECTION('',(0.E0,1.E0,0.E0));
#19224=AXIS2_PLACEMENT_3D('',#19221,#19222,#19223);
#19225=PLANE('',#19224);
#19226=ORIENTED_EDGE('',*,*,#9437,.T.);
#19227=ORIENTED_EDGE('',*,*,#9455,.F.);
#19228=ORIENTED_EDGE('',*,*,#9244,.F.);
#19229=ORIENTED_EDGE('',*,*,#9513,.T.);
#19230=EDGE_LOOP('',(#19226,#19227,#19228,#19229));
#19231=FACE_OUTER_BOUND('',#19230,.F.);
#19232=ADVANCED_FACE('',(#19231),#19225,.T.);
#19233=CARTESIAN_POINT('',(1.778000030517E2,6.199200057983E1,
-4.096364997533E0));
#19234=DIRECTION('',(0.E0,-1.E0,0.E0));
#19235=DIRECTION('',(0.E0,0.E0,1.E0));
#19236=AXIS2_PLACEMENT_3D('',#19233,#19234,#19235);
#19237=PLANE('',#19236);
#19239=ORIENTED_EDGE('',*,*,#19238,.F.);
#19241=ORIENTED_EDGE('',*,*,#19240,.F.);
#19242=ORIENTED_EDGE('',*,*,#9250,.F.);
#19243=ORIENTED_EDGE('',*,*,#9473,.T.);
#19244=ORIENTED_EDGE('',*,*,#9410,.T.);
#19245=EDGE_LOOP('',(#19239,#19241,#19242,#19243,#19244));
#19246=FACE_OUTER_BOUND('',#19245,.F.);
#19247=ADVANCED_FACE('',(#19246),#19237,.T.);
#19248=CARTESIAN_POINT('',(1.618000030517E2,6.274200057983E1,-1.16148E0));
#19249=DIRECTION('',(-2.425356250363E-1,0.E0,9.701425001453E-1));
#19250=DIRECTION('',(9.701425001453E-1,0.E0,2.425356250363E-1));
#19251=AXIS2_PLACEMENT_3D('',#19248,#19249,#19250);
#19252=PLANE('',#19251);
#19254=ORIENTED_EDGE('',*,*,#19253,.F.);
#19255=ORIENTED_EDGE('',*,*,#19238,.T.);
#19256=ORIENTED_EDGE('',*,*,#9408,.T.);
#19257=ORIENTED_EDGE('',*,*,#9360,.T.);
#19258=EDGE_LOOP('',(#19254,#19255,#19256,#19257));
#19259=FACE_OUTER_BOUND('',#19258,.F.);
#19260=ADVANCED_FACE('',(#19259),#19252,.T.);
#19261=CARTESIAN_POINT('',(1.778000030517E2,6.199200057983E1,-9.1148E-1));
#19262=DIRECTION('',(0.E0,0.E0,1.E0));
#19263=DIRECTION('',(0.E0,1.E0,0.E0));
#19264=AXIS2_PLACEMENT_3D('',#19261,#19262,#19263);
#19265=PLANE('',#19264);
#19266=ORIENTED_EDGE('',*,*,#19253,.T.);
#19267=ORIENTED_EDGE('',*,*,#9358,.F.);
#19268=ORIENTED_EDGE('',*,*,#9252,.F.);
#19269=ORIENTED_EDGE('',*,*,#19240,.T.);
#19270=EDGE_LOOP('',(#19266,#19267,#19268,#19269));
#19271=FACE_OUTER_BOUND('',#19270,.F.);
#19272=ADVANCED_FACE('',(#19271),#19265,.T.);
#19276=DIMENSIONAL_EXPONENTS(0.E0,0.E0,0.E0,0.E0,0.E0,0.E0,0.E0);
#19278=PLANE_ANGLE_MEASURE_WITH_UNIT(PLANE_ANGLE_MEASURE(1.745329251994E-2),
#19277);
#19279=(CONVERSION_BASED_UNIT('DEGREE',#19278)NAMED_UNIT(*)PLANE_ANGLE_UNIT());
#19281=UNCERTAINTY_MEASURE_WITH_UNIT(LENGTH_MEASURE(9.906E-3),#19275,'closure',
'Maximum model space distance between geometric entities at asserted connectivities');
#19282=(GEOMETRIC_REPRESENTATION_CONTEXT(3)GLOBAL_UNCERTAINTY_ASSIGNED_CONTEXT((
#19281))GLOBAL_UNIT_ASSIGNED_CONTEXT((#19275,#19279,#19280))REPRESENTATION_CONTEXT('ID1','3'));
#19284=APPLICATION_CONTEXT(
'CONFIGURATION CONTROLLED 3D DESIGNS OF MECHANICAL PARTS AND ASSEMBLIES');
#19285=APPLICATION_PROTOCOL_DEFINITION('international standard',
'config_control_design',1994,#19284);
#19286=DESIGN_CONTEXT('',#19284,'design');
#19287=MECHANICAL_CONTEXT('',#19284,'mechanical');
#19288=PRODUCT('MAIN','MAIN','NOT SPECIFIED',(#19287));
#19289=PRODUCT_DEFINITION_FORMATION_WITH_SPECIFIED_SOURCE('5','LAST_VERSION',
#19288,.MADE.);
#19293=PRODUCT_CATEGORY('part','');
#19294=PRODUCT_RELATED_PRODUCT_CATEGORY('detail','',(#19288));
#19295=PRODUCT_CATEGORY_RELATIONSHIP('','',#19293,#19294);
#19296=SECURITY_CLASSIFICATION_LEVEL('unclassified');
#19297=SECURITY_CLASSIFICATION('','',#19296);
#19298=CC_DESIGN_SECURITY_CLASSIFICATION(#19297,(#19289));
#19299=APPROVAL_STATUS('approved');
#19300=APPROVAL(#19299,'');
#19301=CC_DESIGN_APPROVAL(#19300,(#19297,#19289,#19290));
#19302=CALENDAR_DATE(123,1,8);
#19303=COORDINATED_UNIVERSAL_TIME_OFFSET(2,0,.AHEAD.);
#19304=LOCAL_TIME(14,12,4.9E1,#19303);
#19305=DATE_AND_TIME(#19302,#19304);
#19306=APPROVAL_DATE_TIME(#19305,#19300);
#19307=DATE_TIME_ROLE('creation_date');
#19308=CC_DESIGN_DATE_AND_TIME_ASSIGNMENT(#19305,#19307,(#19290));
#19309=DATE_TIME_ROLE('classification_date');
#19310=CC_DESIGN_DATE_AND_TIME_ASSIGNMENT(#19305,#19309,(#19297));
#19311=PERSON('UNSPECIFIED','UNSPECIFIED',$,$,$,$);
#19312=ORGANIZATION('UNSPECIFIED','UNSPECIFIED','UNSPECIFIED');
#19313=PERSON_AND_ORGANIZATION(#19311,#19312);
#19314=APPROVAL_ROLE('approver');
#19315=APPROVAL_PERSON_ORGANIZATION(#19313,#19300,#19314);
#19316=PERSON_AND_ORGANIZATION_ROLE('creator');
#19317=CC_DESIGN_PERSON_AND_ORGANIZATION_ASSIGNMENT(#19313,#19316,(#19289,
#19290));
#19318=PERSON_AND_ORGANIZATION_ROLE('design_supplier');
#19319=CC_DESIGN_PERSON_AND_ORGANIZATION_ASSIGNMENT(#19313,#19318,(#19289));
#19320=PERSON_AND_ORGANIZATION_ROLE('classification_officer');
#19321=CC_DESIGN_PERSON_AND_ORGANIZATION_ASSIGNMENT(#19313,#19320,(#19297));
#19322=PERSON_AND_ORGANIZATION_ROLE('design_owner');
#19323=CC_DESIGN_PERSON_AND_ORGANIZATION_ASSIGNMENT(#19313,#19322,(#19288));
#233=CIRCLE('',#232,1.65E0);
#238=CIRCLE('',#237,1.65E0);
#243=CIRCLE('',#242,1.65E0);
#248=CIRCLE('',#247,1.65E0);
#269=CIRCLE('',#268,3.E0);
#294=CIRCLE('',#293,3.E0);
#327=CIRCLE('',#326,1.65E0);
#332=CIRCLE('',#331,1.65E0);
#337=CIRCLE('',#336,1.65E0);
#342=CIRCLE('',#341,1.65E0);
#347=CIRCLE('',#346,3.E0);
#364=CIRCLE('',#363,3.E0);
#397=CIRCLE('',#396,3.E0);
#407=B_SPLINE_CURVE_WITH_KNOTS('',3,(#398,#399,#400,#401,#402,#403,#404,#405,
#406),.UNSPECIFIED.,.F.,.F.,(4,1,1,1,1,1,4),(0.E0,1.25E-1,2.5E-1,3.75E-1,5.E-1,
7.5E-1,1.E0),.UNSPECIFIED.);
#2484=CIRCLE('',#2483,3.E0);
#2489=CIRCLE('',#2488,3.E0);
#2494=CIRCLE('',#2493,2.75E0);
#2499=CIRCLE('',#2498,2.75E0);
#2504=CIRCLE('',#2503,3.E0);
#2509=CIRCLE('',#2508,3.E0);
#2526=CIRCLE('',#2525,2.75E0);
#2531=CIRCLE('',#2530,2.75E0);
#2536=CIRCLE('',#2535,3.E0);
#2557=CIRCLE('',#2556,3.E0);
#2578=CIRCLE('',#2577,3.E0);
#2583=CIRCLE('',#2582,3.E0);
#2656=CIRCLE('',#2655,1.E0);
#2661=CIRCLE('',#2660,1.E0);
#2674=CIRCLE('',#2673,1.E0);
#2679=CIRCLE('',#2678,1.E0);
#2692=CIRCLE('',#2691,1.E0);
#2697=CIRCLE('',#2696,1.E0);
#2710=CIRCLE('',#2709,1.E0);
#2715=CIRCLE('',#2714,1.E0);
#2727=B_SPLINE_CURVE_WITH_KNOTS('',3,(#2716,#2717,#2718,#2719,#2720,#2721,#2722,
#2723,#2724,#2725,#2726),.UNSPECIFIED.,.F.,.F.,(4,1,1,1,1,1,1,1,4),(0.E0,
1.25E-1,2.5E-1,3.75E-1,5.E-1,6.25E-1,7.5E-1,8.75E-1,1.E0),.UNSPECIFIED.);
#2732=CIRCLE('',#2731,3.E0);
#2753=CIRCLE('',#2752,3.E0);
#2763=B_SPLINE_CURVE_WITH_KNOTS('',3,(#2754,#2755,#2756,#2757,#2758,#2759,#2760,
#2761,#2762),.UNSPECIFIED.,.F.,.F.,(4,1,1,1,1,1,4),(0.E0,1.25E-1,2.5E-1,3.75E-1,
5.E-1,7.5E-1,1.E0),.UNSPECIFIED.);
#6828=CIRCLE('',#6827,1.E0);
#6833=CIRCLE('',#6832,1.E0);
#6846=CIRCLE('',#6845,1.E0);
#6851=CIRCLE('',#6850,1.E0);
#6864=CIRCLE('',#6863,1.E0);
#6869=CIRCLE('',#6868,1.E0);
#6882=CIRCLE('',#6881,1.E0);
#6887=CIRCLE('',#6886,1.E0);
#6897=B_SPLINE_CURVE_WITH_KNOTS('',3,(#6888,#6889,#6890,#6891,#6892,#6893,#6894,
#6895,#6896),.UNSPECIFIED.,.F.,.F.,(4,1,1,1,1,1,4),(0.E0,2.5E-1,5.E-1,6.25E-1,
7.5E-1,8.75E-1,1.E0),.UNSPECIFIED.);
#6902=CIRCLE('',#6901,3.E0);
#9236=EDGE_CURVE('',#6953,#6954,#4,.T.);
#9238=EDGE_CURVE('',#6954,#6956,#8,.T.);
#9240=EDGE_CURVE('',#6956,#6958,#12,.T.);
#9242=EDGE_CURVE('',#6958,#6960,#16,.T.);
#9244=EDGE_CURVE('',#6960,#6962,#20,.T.);
#9246=EDGE_CURVE('',#6962,#6964,#24,.T.);
#9248=EDGE_CURVE('',#6964,#6966,#28,.T.);
#9250=EDGE_CURVE('',#6966,#6968,#32,.T.);
#9252=EDGE_CURVE('',#6968,#6970,#36,.T.);
#9254=EDGE_CURVE('',#6970,#6972,#40,.T.);
#9256=EDGE_CURVE('',#6972,#6974,#44,.T.);
#9258=EDGE_CURVE('',#6974,#6953,#48,.T.);
#9262=EDGE_CURVE('',#9193,#9181,#52,.T.);
#9264=EDGE_CURVE('',#9177,#9181,#2710,.T.);
#9266=EDGE_CURVE('',#9177,#9173,#56,.T.);
#9268=EDGE_CURVE('',#9169,#9173,#2656,.T.);
#9270=EDGE_CURVE('',#9169,#9189,#60,.T.);
#9272=EDGE_CURVE('',#9185,#9189,#2674,.T.);
#9274=EDGE_CURVE('',#9185,#9197,#64,.T.);
#9276=EDGE_CURVE('',#9193,#9197,#2692,.T.);
#9286=EDGE_CURVE('',#6953,#6994,#68,.T.);
#9288=EDGE_CURVE('',#6993,#6994,#160,.T.);
#9290=EDGE_CURVE('',#6993,#6985,#72,.T.);
#9292=EDGE_CURVE('',#6985,#6986,#252,.T.);
#9294=EDGE_CURVE('',#6998,#6986,#208,.T.);
#9296=EDGE_CURVE('',#6997,#6998,#128,.T.);
#9298=EDGE_CURVE('',#6954,#6997,#228,.T.);
#9309=EDGE_CURVE('',#9225,#9226,#76,.T.);
#9311=EDGE_CURVE('',#9225,#6994,#164,.T.);
#9315=EDGE_CURVE('',#6974,#9226,#80,.T.);
#9326=EDGE_CURVE('',#9228,#9226,#88,.T.);
#9328=EDGE_CURVE('',#9228,#9230,#84,.T.);
#9330=EDGE_CURVE('',#9230,#9225,#152,.T.);
#9343=EDGE_CURVE('',#6972,#9228,#92,.T.);
#9353=EDGE_CURVE('',#9230,#6993,#156,.T.);
#9358=EDGE_CURVE('',#6970,#9218,#96,.T.);
#9360=EDGE_CURVE('',#9222,#9218,#6934,.T.);
#9362=EDGE_CURVE('',#7006,#9222,#148,.T.);
#9364=EDGE_CURVE('',#7006,#6990,#100,.T.);
#9366=EDGE_CURVE('',#6990,#6985,#256,.T.);
#9377=EDGE_CURVE('',#9206,#9201,#104,.T.);
#9379=EDGE_CURVE('',#9206,#7001,#108,.T.);
#9381=EDGE_CURVE('',#7001,#7002,#112,.T.);
#9383=EDGE_CURVE('',#9201,#7002,#116,.T.);
#9393=EDGE_CURVE('',#9212,#9214,#120,.T.);
#9395=EDGE_CURVE('',#6997,#9212,#124,.T.);
#9398=EDGE_CURVE('',#6998,#9214,#132,.T.);
#9408=EDGE_CURVE('',#9220,#9222,#136,.T.);
#9410=EDGE_CURVE('',#7005,#9220,#140,.T.);
#9412=EDGE_CURVE('',#7005,#7006,#144,.T.);
#9435=EDGE_CURVE('',#9201,#9202,#172,.T.);
#9437=EDGE_CURVE('',#9204,#9202,#6918,.T.);
#9439=EDGE_CURVE('',#9204,#9206,#168,.T.);
#9452=EDGE_CURVE('',#6964,#7002,#180,.T.);
#9455=EDGE_CURVE('',#6962,#9202,#176,.T.);
#9467=EDGE_CURVE('',#7001,#6988,#184,.T.);
#9469=EDGE_CURVE('',#6988,#6990,#260,.T.);
#9473=EDGE_CURVE('',#6966,#7005,#6930,.T.);
#9478=EDGE_CURVE('',#9146,#9158,#188,.T.);
#9480=EDGE_CURVE('',#9150,#9146,#6887,.T.);
#9482=EDGE_CURVE('',#9138,#9150,#192,.T.);
#9484=EDGE_CURVE('',#9142,#9138,#6833,.T.);
#9486=EDGE_CURVE('',#9162,#9142,#196,.T.);
#9488=EDGE_CURVE('',#9166,#9162,#6851,.T.);
#9490=EDGE_CURVE('',#9154,#9166,#200,.T.);
#9492=EDGE_CURVE('',#9158,#9154,#6869,.T.);
#9502=EDGE_CURVE('',#6958,#9210,#204,.T.);
#9504=EDGE_CURVE('',#9214,#9210,#220,.T.);
#9508=EDGE_CURVE('',#6986,#6988,#264,.T.);
#9513=EDGE_CURVE('',#6960,#9204,#6922,.T.);
#9524=EDGE_CURVE('',#9209,#9210,#212,.T.);
#9528=EDGE_CURVE('',#6956,#9209,#216,.T.);
#9539=EDGE_CURVE('',#9209,#9212,#224,.T.);
#9564=EDGE_CURVE('',#9121,#9122,#269,.T.);
#9566=EDGE_CURVE('',#9082,#9122,#273,.T.);
#9568=EDGE_CURVE('',#9086,#9082,#6902,.T.);
#9570=EDGE_CURVE('',#6982,#9086,#277,.T.);
#9572=EDGE_CURVE('',#6981,#6982,#281,.T.);
#9574=EDGE_CURVE('',#9093,#6981,#285,.T.);
#9576=EDGE_CURVE('',#9089,#9093,#2753,.T.);
#9578=EDGE_CURVE('',#9134,#9089,#289,.T.);
#9580=EDGE_CURVE('',#9134,#9132,#294,.T.);
#9582=EDGE_CURVE('',#9098,#9132,#298,.T.);
#9584=EDGE_CURVE('',#9102,#9098,#2732,.T.);
#9586=EDGE_CURVE('',#6978,#9102,#302,.T.);
#9588=EDGE_CURVE('',#6977,#6978,#306,.T.);
#9590=EDGE_CURVE('',#9077,#6977,#310,.T.);
#9592=EDGE_CURVE('',#9073,#9077,#397,.T.);
#9594=EDGE_CURVE('',#9121,#9073,#314,.T.);
#9598=EDGE_CURVE('',#7013,#7014,#243,.T.);
#9600=EDGE_CURVE('',#7014,#7013,#248,.T.);
#9610=EDGE_CURVE('',#7009,#7010,#233,.T.);
#9612=EDGE_CURVE('',#7010,#7009,#238,.T.);
#9623=EDGE_CURVE('',#7010,#7018,#322,.T.);
#9625=EDGE_CURVE('',#7017,#7018,#337,.T.);
#9627=EDGE_CURVE('',#7009,#7017,#318,.T.);
#9639=EDGE_CURVE('',#7018,#7017,#342,.T.);
#9650=EDGE_CURVE('',#9126,#9124,#347,.T.);
#9652=EDGE_CURVE('',#9124,#9074,#351,.T.);
#9654=EDGE_CURVE('',#9081,#9074,#355,.T.);
#9656=EDGE_CURVE('',#9081,#9126,#359,.T.);
#9660=EDGE_CURVE('',#7021,#7022,#327,.T.);
#9662=EDGE_CURVE('',#7022,#7021,#332,.T.);
#9672=EDGE_CURVE('',#9129,#9130,#364,.T.);
#9674=EDGE_CURVE('',#9130,#9090,#368,.T.);
#9676=EDGE_CURVE('',#9097,#9090,#372,.T.);
#9678=EDGE_CURVE('',#9097,#9129,#376,.T.);
#9693=EDGE_CURVE('',#7014,#7022,#384,.T.);
#9696=EDGE_CURVE('',#7013,#7021,#380,.T.);
#9719=EDGE_CURVE('',#9121,#9124,#388,.T.);
#9722=EDGE_CURVE('',#9122,#9126,#6906,.T.);
#9734=EDGE_CURVE('',#9073,#9074,#392,.T.);
#9747=EDGE_CURVE('',#9077,#9078,#411,.T.);
#9749=EDGE_CURVE('',#9078,#9074,#407,.T.);
#9761=EDGE_CURVE('',#6946,#6977,#419,.T.);
#9763=EDGE_CURVE('',#6946,#6948,#2627,.T.);
#9765=EDGE_CURVE('',#6982,#6948,#2544,.T.);
#9768=EDGE_CURVE('',#9085,#9086,#415,.T.);
#9770=EDGE_CURVE('',#9078,#9085,#6914,.T.);
#9782=EDGE_CURVE('',#6945,#6978,#2467,.T.);
#9784=EDGE_CURVE('',#6945,#6946,#2615,.T.);
#9788=EDGE_CURVE('',#8037,#8038,#423,.T.);
#9790=EDGE_CURVE('',#8038,#8040,#427,.T.);
#9792=EDGE_CURVE('',#8040,#8042,#431,.T.);
#9794=EDGE_CURVE('',#8042,#8037,#435,.T.);
#9798=EDGE_CURVE('',#8045,#8046,#439,.T.);
#9800=EDGE_CURVE('',#8046,#8048,#443,.T.);
#9802=EDGE_CURVE('',#8048,#8050,#447,.T.);
#9804=EDGE_CURVE('',#8050,#8052,#451,.T.);
#9806=EDGE_CURVE('',#8052,#8054,#455,.T.);
#9808=EDGE_CURVE('',#8054,#8056,#459,.T.);
#9810=EDGE_CURVE('',#8056,#8058,#463,.T.);
#9812=EDGE_CURVE('',#8058,#8060,#467,.T.);
#9814=EDGE_CURVE('',#8060,#8062,#471,.T.);
#9816=EDGE_CURVE('',#8062,#8045,#475,.T.);
#9820=EDGE_CURVE('',#8065,#8066,#479,.T.);
#9822=EDGE_CURVE('',#8066,#8068,#483,.T.);
#9824=EDGE_CURVE('',#8068,#8070,#487,.T.);
#9826=EDGE_CURVE('',#8070,#8072,#491,.T.);
#9828=EDGE_CURVE('',#8072,#8074,#495,.T.);
#9830=EDGE_CURVE('',#8074,#8076,#499,.T.);
#9832=EDGE_CURVE('',#8076,#8078,#503,.T.);
#9834=EDGE_CURVE('',#8078,#8080,#507,.T.);
#9836=EDGE_CURVE('',#8080,#8082,#511,.T.);
#9838=EDGE_CURVE('',#8082,#8084,#515,.T.);
#9840=EDGE_CURVE('',#8084,#8086,#519,.T.);
#9842=EDGE_CURVE('',#8086,#8088,#523,.T.);
#9844=EDGE_CURVE('',#8088,#8090,#527,.T.);
#9846=EDGE_CURVE('',#8090,#8092,#531,.T.);
#9848=EDGE_CURVE('',#8092,#8094,#535,.T.);
#9850=EDGE_CURVE('',#8094,#8096,#539,.T.);
#9852=EDGE_CURVE('',#8096,#8098,#543,.T.);
#9854=EDGE_CURVE('',#8098,#8100,#547,.T.);
#9856=EDGE_CURVE('',#8100,#8102,#551,.T.);
#9858=EDGE_CURVE('',#8102,#8104,#555,.T.);
#9860=EDGE_CURVE('',#8104,#8106,#559,.T.);
#9862=EDGE_CURVE('',#8106,#8108,#563,.T.);
#9864=EDGE_CURVE('',#8108,#8110,#567,.T.);
#9866=EDGE_CURVE('',#8110,#8065,#571,.T.);
#9870=EDGE_CURVE('',#8153,#8154,#575,.T.);
#9872=EDGE_CURVE('',#8154,#8156,#579,.T.);
#9874=EDGE_CURVE('',#8156,#8158,#583,.T.);
#9876=EDGE_CURVE('',#8158,#8160,#587,.T.);
#9878=EDGE_CURVE('',#8160,#8162,#591,.T.);
#9880=EDGE_CURVE('',#8162,#8164,#595,.T.);
#9882=EDGE_CURVE('',#8164,#8166,#599,.T.);
#9884=EDGE_CURVE('',#8166,#8168,#603,.T.);
#9886=EDGE_CURVE('',#8168,#8170,#607,.T.);
#9888=EDGE_CURVE('',#8170,#8172,#611,.T.);
#9890=EDGE_CURVE('',#8172,#8174,#615,.T.);
#9892=EDGE_CURVE('',#8174,#8176,#619,.T.);
#9894=EDGE_CURVE('',#8176,#8178,#623,.T.);
#9896=EDGE_CURVE('',#8178,#8180,#627,.T.);
#9898=EDGE_CURVE('',#8180,#8182,#631,.T.);
#9900=EDGE_CURVE('',#8182,#8184,#635,.T.);
#9902=EDGE_CURVE('',#8184,#8186,#639,.T.);
#9904=EDGE_CURVE('',#8186,#8188,#643,.T.);
#9906=EDGE_CURVE('',#8188,#8190,#647,.T.);
#9908=EDGE_CURVE('',#8190,#8192,#651,.T.);
#9910=EDGE_CURVE('',#8192,#8194,#655,.T.);
#9912=EDGE_CURVE('',#8194,#8196,#659,.T.);
#9914=EDGE_CURVE('',#8196,#8198,#663,.T.);
#9916=EDGE_CURVE('',#8198,#8200,#667,.T.);
#9918=EDGE_CURVE('',#8200,#8202,#671,.T.);
#9920=EDGE_CURVE('',#8202,#8153,#675,.T.);
#9924=EDGE_CURVE('',#8205,#8206,#679,.T.);
#9926=EDGE_CURVE('',#8206,#8208,#683,.T.);
#9928=EDGE_CURVE('',#8208,#8210,#687,.T.);
#9930=EDGE_CURVE('',#8210,#8212,#691,.T.);
#9932=EDGE_CURVE('',#8212,#8214,#695,.T.);
#9934=EDGE_CURVE('',#8214,#8216,#699,.T.);
#9936=EDGE_CURVE('',#8216,#8218,#703,.T.);
#9938=EDGE_CURVE('',#8218,#8205,#707,.T.);
#9942=EDGE_CURVE('',#8221,#8222,#711,.T.);
#9944=EDGE_CURVE('',#8222,#8224,#715,.T.);
#9946=EDGE_CURVE('',#8224,#8226,#719,.T.);
#9948=EDGE_CURVE('',#8226,#8228,#723,.T.);
#9950=EDGE_CURVE('',#8228,#8230,#727,.T.);
#9952=EDGE_CURVE('',#8230,#8232,#731,.T.);
#9954=EDGE_CURVE('',#8232,#8234,#735,.T.);
#9956=EDGE_CURVE('',#8234,#8236,#739,.T.);
#9958=EDGE_CURVE('',#8236,#8238,#743,.T.);
#9960=EDGE_CURVE('',#8238,#8240,#747,.T.);
#9962=EDGE_CURVE('',#8240,#8242,#751,.T.);
#9964=EDGE_CURVE('',#8242,#8244,#755,.T.);
#9966=EDGE_CURVE('',#8244,#8246,#759,.T.);
#9968=EDGE_CURVE('',#8246,#8248,#763,.T.);
#9970=EDGE_CURVE('',#8248,#8250,#767,.T.);
#9972=EDGE_CURVE('',#8250,#8252,#771,.T.);
#9974=EDGE_CURVE('',#8252,#8254,#775,.T.);
#9976=EDGE_CURVE('',#8254,#8256,#779,.T.);
#9978=EDGE_CURVE('',#8256,#8258,#783,.T.);
#9980=EDGE_CURVE('',#8258,#8260,#787,.T.);
#9982=EDGE_CURVE('',#8260,#8262,#791,.T.);
#9984=EDGE_CURVE('',#8262,#8264,#795,.T.);
#9986=EDGE_CURVE('',#8264,#8266,#799,.T.);
#9988=EDGE_CURVE('',#8266,#8221,#803,.T.);
#9992=EDGE_CURVE('',#8309,#8310,#807,.T.);
#9994=EDGE_CURVE('',#8310,#8312,#811,.T.);
#9996=EDGE_CURVE('',#8312,#8314,#815,.T.);
#9998=EDGE_CURVE('',#8314,#8316,#819,.T.);
#10000=EDGE_CURVE('',#8316,#8318,#823,.T.);
#10002=EDGE_CURVE('',#8318,#8320,#827,.T.);
#10004=EDGE_CURVE('',#8320,#8322,#831,.T.);
#10006=EDGE_CURVE('',#8322,#8324,#835,.T.);
#10008=EDGE_CURVE('',#8324,#8326,#839,.T.);
#10010=EDGE_CURVE('',#8326,#8328,#843,.T.);
#10012=EDGE_CURVE('',#8328,#8330,#847,.T.);
#10014=EDGE_CURVE('',#8330,#8332,#851,.T.);
#10016=EDGE_CURVE('',#8332,#8334,#855,.T.);
#10018=EDGE_CURVE('',#8334,#8336,#859,.T.);
#10020=EDGE_CURVE('',#8336,#8338,#863,.T.);
#10022=EDGE_CURVE('',#8338,#8340,#867,.T.);
#10024=EDGE_CURVE('',#8340,#8342,#871,.T.);
#10026=EDGE_CURVE('',#8342,#8344,#875,.T.);
#10028=EDGE_CURVE('',#8344,#8346,#879,.T.);
#10030=EDGE_CURVE('',#8346,#8348,#883,.T.);
#10032=EDGE_CURVE('',#8348,#8350,#887,.T.);
#10034=EDGE_CURVE('',#8350,#8352,#891,.T.);
#10036=EDGE_CURVE('',#8352,#8354,#895,.T.);
#10038=EDGE_CURVE('',#8354,#8309,#899,.T.);
#10042=EDGE_CURVE('',#8357,#8358,#903,.T.);
#10044=EDGE_CURVE('',#8358,#8360,#907,.T.);
#10046=EDGE_CURVE('',#8360,#8362,#911,.T.);
#10048=EDGE_CURVE('',#8362,#8357,#915,.T.);
#10052=EDGE_CURVE('',#8365,#8366,#919,.T.);
#10054=EDGE_CURVE('',#8366,#8368,#923,.T.);
#10056=EDGE_CURVE('',#8368,#8370,#927,.T.);
#10058=EDGE_CURVE('',#8370,#8365,#931,.T.);
#10062=EDGE_CURVE('',#8373,#8374,#935,.T.);
#10064=EDGE_CURVE('',#8374,#8376,#939,.T.);
#10066=EDGE_CURVE('',#8376,#8378,#943,.T.);
#10068=EDGE_CURVE('',#8378,#8380,#947,.T.);
#10070=EDGE_CURVE('',#8380,#8382,#951,.T.);
#10072=EDGE_CURVE('',#8382,#8384,#955,.T.);
#10074=EDGE_CURVE('',#8384,#8386,#959,.T.);
#10076=EDGE_CURVE('',#8386,#8388,#963,.T.);
#10078=EDGE_CURVE('',#8388,#8390,#967,.T.);
#10080=EDGE_CURVE('',#8390,#8392,#971,.T.);
#10082=EDGE_CURVE('',#8392,#8394,#975,.T.);
#10084=EDGE_CURVE('',#8394,#8396,#979,.T.);
#10086=EDGE_CURVE('',#8396,#8398,#983,.T.);
#10088=EDGE_CURVE('',#8398,#8400,#987,.T.);
#10090=EDGE_CURVE('',#8400,#8402,#991,.T.);
#10092=EDGE_CURVE('',#8402,#8404,#995,.T.);
#10094=EDGE_CURVE('',#8404,#8406,#999,.T.);
#10096=EDGE_CURVE('',#8406,#8408,#1003,.T.);
#10098=EDGE_CURVE('',#8408,#8410,#1007,.T.);
#10100=EDGE_CURVE('',#8410,#8412,#1011,.T.);
#10102=EDGE_CURVE('',#8412,#8414,#1015,.T.);
#10104=EDGE_CURVE('',#8414,#8416,#1019,.T.);
#10106=EDGE_CURVE('',#8416,#8418,#1023,.T.);
#10108=EDGE_CURVE('',#8418,#8420,#1027,.T.);
#10110=EDGE_CURVE('',#8420,#8422,#1031,.T.);
#10112=EDGE_CURVE('',#8422,#8424,#1035,.T.);
#10114=EDGE_CURVE('',#8424,#8426,#1039,.T.);
#10116=EDGE_CURVE('',#8426,#8428,#1043,.T.);
#10118=EDGE_CURVE('',#8428,#8430,#1047,.T.);
#10120=EDGE_CURVE('',#8430,#8432,#1051,.T.);
#10122=EDGE_CURVE('',#8432,#8434,#1055,.T.);
#10124=EDGE_CURVE('',#8434,#8436,#1059,.T.);
#10126=EDGE_CURVE('',#8436,#8438,#1063,.T.);
#10128=EDGE_CURVE('',#8438,#8440,#1067,.T.);
#10130=EDGE_CURVE('',#8440,#8442,#1071,.T.);
#10132=EDGE_CURVE('',#8442,#8444,#1075,.T.);
#10134=EDGE_CURVE('',#8444,#8446,#1079,.T.);
#10136=EDGE_CURVE('',#8446,#8448,#1083,.T.);
#10138=EDGE_CURVE('',#8448,#8450,#1087,.T.);
#10140=EDGE_CURVE('',#8450,#8452,#1091,.T.);
#10142=EDGE_CURVE('',#8452,#8454,#1095,.T.);
#10144=EDGE_CURVE('',#8454,#8456,#1099,.T.);
#10146=EDGE_CURVE('',#8456,#8458,#1103,.T.);
#10148=EDGE_CURVE('',#8458,#8373,#1107,.T.);
#10152=EDGE_CURVE('',#8461,#8462,#1111,.T.);
#10154=EDGE_CURVE('',#8462,#8464,#1115,.T.);
#10156=EDGE_CURVE('',#8464,#8466,#1119,.T.);
#10158=EDGE_CURVE('',#8466,#8468,#1123,.T.);
#10160=EDGE_CURVE('',#8468,#8470,#1127,.T.);
#10162=EDGE_CURVE('',#8470,#8472,#1131,.T.);
#10164=EDGE_CURVE('',#8472,#8474,#1135,.T.);
#10166=EDGE_CURVE('',#8474,#8476,#1139,.T.);
#10168=EDGE_CURVE('',#8476,#8478,#1143,.T.);
#10170=EDGE_CURVE('',#8478,#8480,#1147,.T.);
#10172=EDGE_CURVE('',#8480,#8482,#1151,.T.);
#10174=EDGE_CURVE('',#8482,#8484,#1155,.T.);
#10176=EDGE_CURVE('',#8484,#8486,#1159,.T.);
#10178=EDGE_CURVE('',#8486,#8488,#1163,.T.);
#10180=EDGE_CURVE('',#8488,#8490,#1167,.T.);
#10182=EDGE_CURVE('',#8490,#8492,#1171,.T.);
#10184=EDGE_CURVE('',#8492,#8494,#1175,.T.);
#10186=EDGE_CURVE('',#8494,#8496,#1179,.T.);
#10188=EDGE_CURVE('',#8496,#8498,#1183,.T.);
#10190=EDGE_CURVE('',#8498,#8500,#1187,.T.);
#10192=EDGE_CURVE('',#8500,#8502,#1191,.T.);
#10194=EDGE_CURVE('',#8502,#8504,#1195,.T.);
#10196=EDGE_CURVE('',#8504,#8506,#1199,.T.);
#10198=EDGE_CURVE('',#8506,#8461,#1203,.T.);
#10202=EDGE_CURVE('',#8509,#8510,#1207,.T.);
#10204=EDGE_CURVE('',#8510,#8512,#1211,.T.);
#10206=EDGE_CURVE('',#8512,#8514,#1215,.T.);
#10208=EDGE_CURVE('',#8514,#8516,#1219,.T.);
#10210=EDGE_CURVE('',#8516,#8518,#1223,.T.);
#10212=EDGE_CURVE('',#8518,#8520,#1227,.T.);
#10214=EDGE_CURVE('',#8520,#8522,#1231,.T.);
#10216=EDGE_CURVE('',#8522,#8524,#1235,.T.);
#10218=EDGE_CURVE('',#8524,#8526,#1239,.T.);
#10220=EDGE_CURVE('',#8526,#8528,#1243,.T.);
#10222=EDGE_CURVE('',#8528,#8530,#1247,.T.);
#10224=EDGE_CURVE('',#8530,#8532,#1251,.T.);
#10226=EDGE_CURVE('',#8532,#8534,#1255,.T.);
#10228=EDGE_CURVE('',#8534,#8536,#1259,.T.);
#10230=EDGE_CURVE('',#8536,#8538,#1263,.T.);
#10232=EDGE_CURVE('',#8538,#8540,#1267,.T.);
#10234=EDGE_CURVE('',#8540,#8542,#1271,.T.);
#10236=EDGE_CURVE('',#8542,#8544,#1275,.T.);
#10238=EDGE_CURVE('',#8544,#8546,#1279,.T.);
#10240=EDGE_CURVE('',#8546,#8548,#1283,.T.);
#10242=EDGE_CURVE('',#8548,#8550,#1287,.T.);
#10244=EDGE_CURVE('',#8550,#8552,#1291,.T.);
#10246=EDGE_CURVE('',#8552,#8554,#1295,.T.);
#10248=EDGE_CURVE('',#8554,#8556,#1299,.T.);
#10250=EDGE_CURVE('',#8556,#8558,#1303,.T.);
#10252=EDGE_CURVE('',#8558,#8509,#1307,.T.);
#10256=EDGE_CURVE('',#8601,#8602,#1311,.T.);
#10258=EDGE_CURVE('',#8602,#8604,#1315,.T.);
#10260=EDGE_CURVE('',#8604,#8606,#1319,.T.);
#10262=EDGE_CURVE('',#8606,#8608,#1323,.T.);
#10264=EDGE_CURVE('',#8608,#8610,#1327,.T.);
#10266=EDGE_CURVE('',#8610,#8612,#1331,.T.);
#10268=EDGE_CURVE('',#8612,#8614,#1335,.T.);
#10270=EDGE_CURVE('',#8614,#8616,#1339,.T.);
#10272=EDGE_CURVE('',#8616,#8618,#1343,.T.);
#10274=EDGE_CURVE('',#8618,#8620,#1347,.T.);
#10276=EDGE_CURVE('',#8620,#8622,#1351,.T.);
#10278=EDGE_CURVE('',#8622,#8624,#1355,.T.);
#10280=EDGE_CURVE('',#8624,#8601,#1359,.T.);
#10284=EDGE_CURVE('',#8627,#8628,#1363,.T.);
#10286=EDGE_CURVE('',#8628,#8630,#1367,.T.);
#10288=EDGE_CURVE('',#8630,#8632,#1371,.T.);
#10290=EDGE_CURVE('',#8632,#8634,#1375,.T.);
#10292=EDGE_CURVE('',#8634,#8636,#1379,.T.);
#10294=EDGE_CURVE('',#8636,#8638,#1383,.T.);
#10296=EDGE_CURVE('',#8638,#8640,#1387,.T.);
#10298=EDGE_CURVE('',#8640,#8642,#1391,.T.);
#10300=EDGE_CURVE('',#8642,#8644,#1395,.T.);
#10302=EDGE_CURVE('',#8644,#8646,#1399,.T.);
#10304=EDGE_CURVE('',#8646,#8648,#1403,.T.);
#10306=EDGE_CURVE('',#8648,#8650,#1407,.T.);
#10308=EDGE_CURVE('',#8650,#8652,#1411,.T.);
#10310=EDGE_CURVE('',#8652,#8654,#1415,.T.);
#10312=EDGE_CURVE('',#8654,#8656,#1419,.T.);
#10314=EDGE_CURVE('',#8656,#8658,#1423,.T.);
#10316=EDGE_CURVE('',#8658,#8660,#1427,.T.);
#10318=EDGE_CURVE('',#8660,#8662,#1431,.T.);
#10320=EDGE_CURVE('',#8662,#8627,#1435,.T.);
#10324=EDGE_CURVE('',#8665,#8666,#1439,.T.);
#10326=EDGE_CURVE('',#8666,#8668,#1443,.T.);
#10328=EDGE_CURVE('',#8668,#8670,#1447,.T.);
#10330=EDGE_CURVE('',#8670,#8672,#1451,.T.);
#10332=EDGE_CURVE('',#8672,#8674,#1455,.T.);
#10334=EDGE_CURVE('',#8674,#8676,#1459,.T.);
#10336=EDGE_CURVE('',#8676,#8678,#1463,.T.);
#10338=EDGE_CURVE('',#8678,#8680,#1467,.T.);
#10340=EDGE_CURVE('',#8680,#8682,#1471,.T.);
#10342=EDGE_CURVE('',#8682,#8684,#1475,.T.);
#10344=EDGE_CURVE('',#8684,#8686,#1479,.T.);
#10346=EDGE_CURVE('',#8686,#8688,#1483,.T.);
#10348=EDGE_CURVE('',#8688,#8665,#1487,.T.);
#10352=EDGE_CURVE('',#8691,#8692,#1491,.T.);
#10354=EDGE_CURVE('',#8692,#8694,#1495,.T.);
#10356=EDGE_CURVE('',#8694,#8696,#1499,.T.);
#10358=EDGE_CURVE('',#8696,#8698,#1503,.T.);
#10360=EDGE_CURVE('',#8698,#8700,#1507,.T.);
#10362=EDGE_CURVE('',#8700,#8702,#1511,.T.);
#10364=EDGE_CURVE('',#8702,#8704,#1515,.T.);
#10366=EDGE_CURVE('',#8704,#8706,#1519,.T.);
#10368=EDGE_CURVE('',#8706,#8708,#1523,.T.);
#10370=EDGE_CURVE('',#8708,#8710,#1527,.T.);
#10372=EDGE_CURVE('',#8710,#8712,#1531,.T.);
#10374=EDGE_CURVE('',#8712,#8714,#1535,.T.);
#10376=EDGE_CURVE('',#8714,#8716,#1539,.T.);
#10378=EDGE_CURVE('',#8716,#8718,#1543,.T.);
#10380=EDGE_CURVE('',#8718,#8720,#1547,.T.);
#10382=EDGE_CURVE('',#8720,#8722,#1551,.T.);
#10384=EDGE_CURVE('',#8722,#8724,#1555,.T.);
#10386=EDGE_CURVE('',#8724,#8726,#1559,.T.);
#10388=EDGE_CURVE('',#8726,#8728,#1563,.T.);
#10390=EDGE_CURVE('',#8728,#8730,#1567,.T.);
#10392=EDGE_CURVE('',#8730,#8732,#1571,.T.);
#10394=EDGE_CURVE('',#8732,#8734,#1575,.T.);
#10396=EDGE_CURVE('',#8734,#8736,#1579,.T.);
#10398=EDGE_CURVE('',#8736,#8738,#1583,.T.);
#10400=EDGE_CURVE('',#8738,#8740,#1587,.T.);
#10402=EDGE_CURVE('',#8740,#8742,#1591,.T.);
#10404=EDGE_CURVE('',#8742,#8744,#1595,.T.);
#10406=EDGE_CURVE('',#8744,#8746,#1599,.T.);
#10408=EDGE_CURVE('',#8746,#8748,#1603,.T.);
#10410=EDGE_CURVE('',#8748,#8750,#1607,.T.);
#10412=EDGE_CURVE('',#8750,#8752,#1611,.T.);
#10414=EDGE_CURVE('',#8752,#8754,#1615,.T.);
#10416=EDGE_CURVE('',#8754,#8756,#1619,.T.);
#10418=EDGE_CURVE('',#8756,#8758,#1623,.T.);
#10420=EDGE_CURVE('',#8758,#8760,#1627,.T.);
#10422=EDGE_CURVE('',#8760,#8762,#1631,.T.);
#10424=EDGE_CURVE('',#8762,#8764,#1635,.T.);
#10426=EDGE_CURVE('',#8764,#8766,#1639,.T.);
#10428=EDGE_CURVE('',#8766,#8691,#1643,.T.);
#10432=EDGE_CURVE('',#8795,#8796,#1647,.T.);
#10434=EDGE_CURVE('',#8796,#8798,#1651,.T.);
#10436=EDGE_CURVE('',#8798,#8800,#1655,.T.);
#10438=EDGE_CURVE('',#8800,#8802,#1659,.T.);
#10440=EDGE_CURVE('',#8802,#8804,#1663,.T.);
#10442=EDGE_CURVE('',#8804,#8806,#1667,.T.);
#10444=EDGE_CURVE('',#8806,#8808,#1671,.T.);
#10446=EDGE_CURVE('',#8808,#8810,#1675,.T.);
#10448=EDGE_CURVE('',#8810,#8812,#1679,.T.);
#10450=EDGE_CURVE('',#8812,#8814,#1683,.T.);
#10452=EDGE_CURVE('',#8814,#8816,#1687,.T.);
#10454=EDGE_CURVE('',#8816,#8818,#1691,.T.);
#10456=EDGE_CURVE('',#8818,#8820,#1695,.T.);
#10458=EDGE_CURVE('',#8820,#8822,#1699,.T.);
#10460=EDGE_CURVE('',#8822,#8824,#1703,.T.);
#10462=EDGE_CURVE('',#8824,#8826,#1707,.T.);
#10464=EDGE_CURVE('',#8826,#8828,#1711,.T.);
#10466=EDGE_CURVE('',#8828,#8830,#1715,.T.);
#10468=EDGE_CURVE('',#8830,#8832,#1719,.T.);
#10470=EDGE_CURVE('',#8832,#8834,#1723,.T.);
#10472=EDGE_CURVE('',#8834,#8836,#1727,.T.);
#10474=EDGE_CURVE('',#8836,#8838,#1731,.T.);
#10476=EDGE_CURVE('',#8838,#8840,#1735,.T.);
#10478=EDGE_CURVE('',#8840,#8795,#1739,.T.);
#10482=EDGE_CURVE('',#8843,#8844,#1743,.T.);
#10484=EDGE_CURVE('',#8844,#8846,#1747,.T.);
#10486=EDGE_CURVE('',#8846,#8848,#1751,.T.);
#10488=EDGE_CURVE('',#8848,#8850,#1755,.T.);
#10490=EDGE_CURVE('',#8850,#8852,#1759,.T.);
#10492=EDGE_CURVE('',#8852,#8854,#1763,.T.);
#10494=EDGE_CURVE('',#8854,#8856,#1767,.T.);
#10496=EDGE_CURVE('',#8856,#8858,#1771,.T.);
#10498=EDGE_CURVE('',#8858,#8860,#1775,.T.);
#10500=EDGE_CURVE('',#8860,#8862,#1779,.T.);
#10502=EDGE_CURVE('',#8862,#8864,#1783,.T.);
#10504=EDGE_CURVE('',#8864,#8866,#1787,.T.);
#10506=EDGE_CURVE('',#8866,#8868,#1791,.T.);
#10508=EDGE_CURVE('',#8868,#8870,#1795,.T.);
#10510=EDGE_CURVE('',#8870,#8872,#1799,.T.);
#10512=EDGE_CURVE('',#8872,#8874,#1803,.T.);
#10514=EDGE_CURVE('',#8874,#8876,#1807,.T.);
#10516=EDGE_CURVE('',#8876,#8878,#1811,.T.);
#10518=EDGE_CURVE('',#8878,#8880,#1815,.T.);
#10520=EDGE_CURVE('',#8880,#8882,#1819,.T.);
#10522=EDGE_CURVE('',#8882,#8884,#1823,.T.);
#10524=EDGE_CURVE('',#8884,#8886,#1827,.T.);
#10526=EDGE_CURVE('',#8886,#8888,#1831,.T.);
#10528=EDGE_CURVE('',#8888,#8890,#1835,.T.);
#10530=EDGE_CURVE('',#8890,#8892,#1839,.T.);
#10532=EDGE_CURVE('',#8892,#8894,#1843,.T.);
#10534=EDGE_CURVE('',#8894,#8896,#1847,.T.);
#10536=EDGE_CURVE('',#8896,#8898,#1851,.T.);
#10538=EDGE_CURVE('',#8898,#8900,#1855,.T.);
#10540=EDGE_CURVE('',#8900,#8902,#1859,.T.);
#10542=EDGE_CURVE('',#8902,#8904,#1863,.T.);
#10544=EDGE_CURVE('',#8904,#8906,#1867,.T.);
#10546=EDGE_CURVE('',#8906,#8908,#1871,.T.);
#10548=EDGE_CURVE('',#8908,#8910,#1875,.T.);
#10550=EDGE_CURVE('',#8910,#8912,#1879,.T.);
#10552=EDGE_CURVE('',#8912,#8914,#1883,.T.);
#10554=EDGE_CURVE('',#8914,#8916,#1887,.T.);
#10556=EDGE_CURVE('',#8916,#8918,#1891,.T.);
#10558=EDGE_CURVE('',#8918,#8920,#1895,.T.);
#10560=EDGE_CURVE('',#8920,#8922,#1899,.T.);
#10562=EDGE_CURVE('',#8922,#8924,#1903,.T.);
#10564=EDGE_CURVE('',#8924,#8926,#1907,.T.);
#10566=EDGE_CURVE('',#8926,#8928,#1911,.T.);
#10568=EDGE_CURVE('',#8928,#8843,#1915,.T.);
#10572=EDGE_CURVE('',#8965,#8966,#1919,.T.);
#10574=EDGE_CURVE('',#8966,#8968,#1923,.T.);
#10576=EDGE_CURVE('',#8968,#8970,#1927,.T.);
#10578=EDGE_CURVE('',#8970,#8972,#1931,.T.);
#10580=EDGE_CURVE('',#8972,#8974,#1935,.T.);
#10582=EDGE_CURVE('',#8974,#8976,#1939,.T.);
#10584=EDGE_CURVE('',#8976,#8978,#1943,.T.);
#10586=EDGE_CURVE('',#8978,#8980,#1947,.T.);
#10588=EDGE_CURVE('',#8980,#8982,#1951,.T.);
#10590=EDGE_CURVE('',#8982,#8984,#1955,.T.);
#10592=EDGE_CURVE('',#8984,#8986,#1959,.T.);
#10594=EDGE_CURVE('',#8986,#8988,#1963,.T.);
#10596=EDGE_CURVE('',#8988,#8990,#1967,.T.);
#10598=EDGE_CURVE('',#8990,#8992,#1971,.T.);
#10600=EDGE_CURVE('',#8992,#8994,#1975,.T.);
#10602=EDGE_CURVE('',#8994,#8996,#1979,.T.);
#10604=EDGE_CURVE('',#8996,#8998,#1983,.T.);
#10606=EDGE_CURVE('',#8998,#9000,#1987,.T.);
#10608=EDGE_CURVE('',#9000,#9002,#1991,.T.);
#10610=EDGE_CURVE('',#9002,#9004,#1995,.T.);
#10612=EDGE_CURVE('',#9004,#9006,#1999,.T.);
#10614=EDGE_CURVE('',#9006,#9008,#2003,.T.);
#10616=EDGE_CURVE('',#9008,#9010,#2007,.T.);
#10618=EDGE_CURVE('',#9010,#9012,#2011,.T.);
#10620=EDGE_CURVE('',#9012,#9014,#2015,.T.);
#10622=EDGE_CURVE('',#9014,#9016,#2019,.T.);
#10624=EDGE_CURVE('',#9016,#9018,#2023,.T.);
#10626=EDGE_CURVE('',#9018,#9020,#2027,.T.);
#10628=EDGE_CURVE('',#9020,#9022,#2031,.T.);
#10630=EDGE_CURVE('',#9022,#9024,#2035,.T.);
#10632=EDGE_CURVE('',#9024,#9026,#2039,.T.);
#10634=EDGE_CURVE('',#9026,#8965,#2043,.T.);
#10638=EDGE_CURVE('',#9137,#9149,#2447,.T.);
#10640=EDGE_CURVE('',#9145,#9149,#6882,.T.);
#10642=EDGE_CURVE('',#9145,#9157,#2451,.T.);
#10644=EDGE_CURVE('',#9153,#9157,#6864,.T.);
#10646=EDGE_CURVE('',#9153,#9165,#2455,.T.);
#10648=EDGE_CURVE('',#9161,#9165,#6846,.T.);
#10650=EDGE_CURVE('',#9161,#9141,#2459,.T.);
#10652=EDGE_CURVE('',#9137,#9141,#6828,.T.);
#10662=EDGE_CURVE('',#8113,#8114,#2047,.T.);
#10664=EDGE_CURVE('',#8114,#8116,#2051,.T.);
#10666=EDGE_CURVE('',#8116,#8118,#2055,.T.);
#10668=EDGE_CURVE('',#8118,#8120,#2059,.T.);
#10670=EDGE_CURVE('',#8120,#8122,#2063,.T.);
#10672=EDGE_CURVE('',#8122,#8124,#2067,.T.);
#10674=EDGE_CURVE('',#8124,#8126,#2071,.T.);
#10676=EDGE_CURVE('',#8126,#8128,#2075,.T.);
#10678=EDGE_CURVE('',#8128,#8130,#2079,.T.);
#10680=EDGE_CURVE('',#8130,#8132,#2083,.T.);
#10682=EDGE_CURVE('',#8132,#8134,#2087,.T.);
#10684=EDGE_CURVE('',#8134,#8136,#2091,.T.);
#10686=EDGE_CURVE('',#8136,#8138,#2095,.T.);
#10688=EDGE_CURVE('',#8138,#8140,#2099,.T.);
#10690=EDGE_CURVE('',#8140,#8142,#2103,.T.);
#10692=EDGE_CURVE('',#8142,#8144,#2107,.T.);
#10694=EDGE_CURVE('',#8144,#8146,#2111,.T.);
#10696=EDGE_CURVE('',#8146,#8148,#2115,.T.);
#10698=EDGE_CURVE('',#8148,#8150,#2119,.T.);
#10700=EDGE_CURVE('',#8150,#8113,#2123,.T.);
#10710=EDGE_CURVE('',#8269,#8270,#2127,.T.);
#10712=EDGE_CURVE('',#8270,#8272,#2131,.T.);
#10714=EDGE_CURVE('',#8272,#8274,#2135,.T.);
#10716=EDGE_CURVE('',#8274,#8276,#2139,.T.);
#10718=EDGE_CURVE('',#8276,#8278,#2143,.T.);
#10720=EDGE_CURVE('',#8278,#8280,#2147,.T.);
#10722=EDGE_CURVE('',#8280,#8282,#2151,.T.);
#10724=EDGE_CURVE('',#8282,#8284,#2155,.T.);
#10726=EDGE_CURVE('',#8284,#8286,#2159,.T.);
#10728=EDGE_CURVE('',#8286,#8288,#2163,.T.);
#10730=EDGE_CURVE('',#8288,#8290,#2167,.T.);
#10732=EDGE_CURVE('',#8290,#8292,#2171,.T.);
#10734=EDGE_CURVE('',#8292,#8294,#2175,.T.);
#10736=EDGE_CURVE('',#8294,#8296,#2179,.T.);
#10738=EDGE_CURVE('',#8296,#8298,#2183,.T.);
#10740=EDGE_CURVE('',#8298,#8300,#2187,.T.);
#10742=EDGE_CURVE('',#8300,#8302,#2191,.T.);
#10744=EDGE_CURVE('',#8302,#8304,#2195,.T.);
#10746=EDGE_CURVE('',#8304,#8306,#2199,.T.);
#10748=EDGE_CURVE('',#8306,#8269,#2203,.T.);
#10758=EDGE_CURVE('',#8561,#8562,#2207,.T.);
#10760=EDGE_CURVE('',#8562,#8564,#2211,.T.);
#10762=EDGE_CURVE('',#8564,#8566,#2215,.T.);
#10764=EDGE_CURVE('',#8566,#8568,#2219,.T.);
#10766=EDGE_CURVE('',#8568,#8570,#2223,.T.);
#10768=EDGE_CURVE('',#8570,#8572,#2227,.T.);
#10770=EDGE_CURVE('',#8572,#8574,#2231,.T.);
#10772=EDGE_CURVE('',#8574,#8576,#2235,.T.);
#10774=EDGE_CURVE('',#8576,#8578,#2239,.T.);
#10776=EDGE_CURVE('',#8578,#8580,#2243,.T.);
#10778=EDGE_CURVE('',#8580,#8582,#2247,.T.);
#10780=EDGE_CURVE('',#8582,#8584,#2251,.T.);
#10782=EDGE_CURVE('',#8584,#8586,#2255,.T.);
#10784=EDGE_CURVE('',#8586,#8588,#2259,.T.);
#10786=EDGE_CURVE('',#8588,#8590,#2263,.T.);
#10788=EDGE_CURVE('',#8590,#8592,#2267,.T.);
#10790=EDGE_CURVE('',#8592,#8594,#2271,.T.);
#10792=EDGE_CURVE('',#8594,#8596,#2275,.T.);
#10794=EDGE_CURVE('',#8596,#8598,#2279,.T.);
#10796=EDGE_CURVE('',#8598,#8561,#2283,.T.);
#10806=EDGE_CURVE('',#8769,#8770,#2287,.T.);
#10808=EDGE_CURVE('',#8770,#8772,#2291,.T.);
#10810=EDGE_CURVE('',#8772,#8774,#2295,.T.);
#10812=EDGE_CURVE('',#8774,#8776,#2299,.T.);
#10814=EDGE_CURVE('',#8776,#8778,#2303,.T.);
#10816=EDGE_CURVE('',#8778,#8780,#2307,.T.);
#10818=EDGE_CURVE('',#8780,#8782,#2311,.T.);
#10820=EDGE_CURVE('',#8782,#8784,#2315,.T.);
#10822=EDGE_CURVE('',#8784,#8786,#2319,.T.);
#10824=EDGE_CURVE('',#8786,#8788,#2323,.T.);
#10826=EDGE_CURVE('',#8788,#8790,#2327,.T.);
#10828=EDGE_CURVE('',#8790,#8792,#2331,.T.);
#10830=EDGE_CURVE('',#8792,#8769,#2335,.T.);
#10840=EDGE_CURVE('',#8931,#8932,#2339,.T.);
#10842=EDGE_CURVE('',#8932,#8934,#2343,.T.);
#10844=EDGE_CURVE('',#8934,#8936,#2347,.T.);
#10846=EDGE_CURVE('',#8936,#8938,#2351,.T.);
#10848=EDGE_CURVE('',#8938,#8940,#2355,.T.);
#10850=EDGE_CURVE('',#8940,#8942,#2359,.T.);
#10852=EDGE_CURVE('',#8942,#8944,#2363,.T.);
#10854=EDGE_CURVE('',#8944,#8946,#2367,.T.);
#10856=EDGE_CURVE('',#8946,#8948,#2371,.T.);
#10858=EDGE_CURVE('',#8948,#8950,#2375,.T.);
#10860=EDGE_CURVE('',#8950,#8952,#2379,.T.);
#10862=EDGE_CURVE('',#8952,#8954,#2383,.T.);
#10864=EDGE_CURVE('',#8954,#8956,#2387,.T.);
#10866=EDGE_CURVE('',#8956,#8958,#2391,.T.);
#10868=EDGE_CURVE('',#8958,#8960,#2395,.T.);
#10870=EDGE_CURVE('',#8960,#8962,#2399,.T.);
#10872=EDGE_CURVE('',#8962,#8931,#2403,.T.);
#10882=EDGE_CURVE('',#9029,#9030,#2407,.T.);
#10884=EDGE_CURVE('',#9030,#9032,#2411,.T.);
#10886=EDGE_CURVE('',#9032,#9034,#2415,.T.);
#10888=EDGE_CURVE('',#9034,#9036,#2419,.T.);
#10890=EDGE_CURVE('',#9036,#9038,#2423,.T.);
#10892=EDGE_CURVE('',#9038,#9040,#2427,.T.);
#10894=EDGE_CURVE('',#9040,#9042,#2431,.T.);
#10896=EDGE_CURVE('',#9042,#9044,#2435,.T.);
#10898=EDGE_CURVE('',#9044,#9046,#2439,.T.);
#10900=EDGE_CURVE('',#9046,#9029,#2443,.T.);
#10910=EDGE_CURVE('',#9057,#9058,#2463,.T.);
#10912=EDGE_CURVE('',#6950,#9058,#2548,.T.);
#10914=EDGE_CURVE('',#6950,#6945,#2619,.T.);
#10918=EDGE_CURVE('',#9101,#9102,#2471,.T.);
#10920=EDGE_CURVE('',#9094,#9101,#2767,.T.);
#10922=EDGE_CURVE('',#9093,#9094,#2475,.T.);
#10925=EDGE_CURVE('',#9065,#6981,#2540,.T.);
#10927=EDGE_CURVE('',#9065,#9066,#2479,.T.);
#10929=EDGE_CURVE('',#9057,#9066,#2513,.T.);
#10940=EDGE_CURVE('',#9057,#9061,#2484,.T.);
#10942=EDGE_CURVE('',#9061,#9062,#2607,.T.);
#10944=EDGE_CURVE('',#9062,#9058,#2489,.T.);
#10954=EDGE_CURVE('',#9105,#9106,#2504,.T.);
#10956=EDGE_CURVE('',#9105,#9118,#2599,.T.);
#10958=EDGE_CURVE('',#9116,#9118,#2509,.T.);
#10960=EDGE_CURVE('',#9061,#9116,#2611,.T.);
#10964=EDGE_CURVE('',#9070,#9066,#2583,.T.);
#10966=EDGE_CURVE('',#9070,#9106,#2517,.T.);
#10970=EDGE_CURVE('',#9053,#9054,#2494,.T.);
#10972=EDGE_CURVE('',#9054,#9053,#2499,.T.);
#10982=EDGE_CURVE('',#9049,#9050,#2526,.T.);
#10984=EDGE_CURVE('',#9054,#9050,#2561,.T.);
#10987=EDGE_CURVE('',#9053,#9049,#2521,.T.);
#10997=EDGE_CURVE('',#9108,#9110,#2536,.T.);
#10999=EDGE_CURVE('',#9069,#9108,#2573,.T.);
#11001=EDGE_CURVE('',#9065,#9069,#2578,.T.);
#11006=EDGE_CURVE('',#6948,#6950,#2623,.T.);
#11010=EDGE_CURVE('',#9062,#9114,#2552,.T.);
#11012=EDGE_CURVE('',#9113,#9114,#2557,.T.);
#11014=EDGE_CURVE('',#9113,#9110,#2591,.T.);
#11019=EDGE_CURVE('',#9050,#9049,#2531,.T.);
#11042=EDGE_CURVE('',#9108,#9106,#2565,.T.);
#11045=EDGE_CURVE('',#9110,#9105,#2587,.T.);
#11057=EDGE_CURVE('',#9069,#9070,#2569,.T.);
#11082=EDGE_CURVE('',#9118,#9113,#2595,.T.);
#11094=EDGE_CURVE('',#9116,#9114,#2603,.T.);
#11124=EDGE_CURVE('',#9178,#9174,#2631,.T.);
#11126=EDGE_CURVE('',#9182,#9178,#2715,.T.);
#11128=EDGE_CURVE('',#9194,#9182,#2635,.T.);
#11130=EDGE_CURVE('',#9198,#9194,#2697,.T.);
#11132=EDGE_CURVE('',#9186,#9198,#2639,.T.);
#11134=EDGE_CURVE('',#9190,#9186,#2679,.T.);
#11136=EDGE_CURVE('',#9170,#9190,#2643,.T.);
#11138=EDGE_CURVE('',#9174,#9170,#2661,.T.);
#11148=EDGE_CURVE('',#9173,#9174,#2647,.T.);
#11151=EDGE_CURVE('',#9177,#9178,#2651,.T.);
#11162=EDGE_CURVE('',#9169,#9170,#2665,.T.);
#11177=EDGE_CURVE('',#9189,#9190,#2669,.T.);
#11188=EDGE_CURVE('',#9185,#9186,#2683,.T.);
#11203=EDGE_CURVE('',#9197,#9198,#2687,.T.);
#11214=EDGE_CURVE('',#9193,#9194,#2705,.T.);
#11227=EDGE_CURVE('',#9181,#9182,#2701,.T.);
#11252=EDGE_CURVE('',#9097,#9098,#2740,.T.);
#11254=EDGE_CURVE('',#9097,#9101,#2727,.T.);
#11266=EDGE_CURVE('',#9132,#9129,#2736,.T.);
#11282=EDGE_CURVE('',#9134,#9130,#2744,.T.);
#11294=EDGE_CURVE('',#9089,#9090,#2748,.T.);
#11308=EDGE_CURVE('',#9094,#9090,#2763,.T.);
#11331=EDGE_CURVE('',#8037,#7025,#2771,.T.);
#11333=EDGE_CURVE('',#7025,#7026,#2787,.T.);
#11335=EDGE_CURVE('',#8038,#7026,#2783,.T.);
#11346=EDGE_CURVE('',#8042,#7030,#2775,.T.);
#11348=EDGE_CURVE('',#7030,#7025,#2791,.T.);
#11360=EDGE_CURVE('',#8040,#7028,#2779,.T.);
#11362=EDGE_CURVE('',#7028,#7030,#2795,.T.);
#11375=EDGE_CURVE('',#7026,#7028,#2799,.T.);
#11398=EDGE_CURVE('',#7033,#7034,#2803,.T.);
#11400=EDGE_CURVE('',#7050,#7033,#2807,.T.);
#11402=EDGE_CURVE('',#7048,#7050,#2811,.T.);
#11404=EDGE_CURVE('',#7046,#7048,#2815,.T.);
#11406=EDGE_CURVE('',#7044,#7046,#2819,.T.);
#11408=EDGE_CURVE('',#7042,#7044,#2823,.T.);
#11410=EDGE_CURVE('',#7040,#7042,#2827,.T.);
#11412=EDGE_CURVE('',#7038,#7040,#2831,.T.);
#11414=EDGE_CURVE('',#7036,#7038,#2835,.T.);
#11416=EDGE_CURVE('',#7034,#7036,#2839,.T.);
#11426=EDGE_CURVE('',#7053,#7054,#2843,.T.);
#11428=EDGE_CURVE('',#7098,#7053,#2847,.T.);
#11430=EDGE_CURVE('',#7096,#7098,#2851,.T.);
#11432=EDGE_CURVE('',#7094,#7096,#2855,.T.);
#11434=EDGE_CURVE('',#7092,#7094,#2859,.T.);
#11436=EDGE_CURVE('',#7090,#7092,#2863,.T.);
#11438=EDGE_CURVE('',#7088,#7090,#2867,.T.);
#11440=EDGE_CURVE('',#7086,#7088,#2871,.T.);
#11442=EDGE_CURVE('',#7084,#7086,#2875,.T.);
#11444=EDGE_CURVE('',#7082,#7084,#2879,.T.);
#11446=EDGE_CURVE('',#7080,#7082,#2883,.T.);
#11448=EDGE_CURVE('',#7078,#7080,#2887,.T.);
#11450=EDGE_CURVE('',#7076,#7078,#2891,.T.);
#11452=EDGE_CURVE('',#7074,#7076,#2895,.T.);
#11454=EDGE_CURVE('',#7072,#7074,#2899,.T.);
#11456=EDGE_CURVE('',#7070,#7072,#2903,.T.);
#11458=EDGE_CURVE('',#7068,#7070,#2907,.T.);
#11460=EDGE_CURVE('',#7066,#7068,#2911,.T.);
#11462=EDGE_CURVE('',#7064,#7066,#2915,.T.);
#11464=EDGE_CURVE('',#7062,#7064,#2919,.T.);
#11466=EDGE_CURVE('',#7060,#7062,#2923,.T.);
#11468=EDGE_CURVE('',#7058,#7060,#2927,.T.);
#11470=EDGE_CURVE('',#7056,#7058,#2931,.T.);
#11472=EDGE_CURVE('',#7054,#7056,#2935,.T.);
#11476=EDGE_CURVE('',#7101,#7102,#2939,.T.);
#11478=EDGE_CURVE('',#7138,#7101,#2943,.T.);
#11480=EDGE_CURVE('',#7136,#7138,#2947,.T.);
#11482=EDGE_CURVE('',#7134,#7136,#2951,.T.);
#11484=EDGE_CURVE('',#7132,#7134,#2955,.T.);
#11486=EDGE_CURVE('',#7130,#7132,#2959,.T.);
#11488=EDGE_CURVE('',#7128,#7130,#2963,.T.);
#11490=EDGE_CURVE('',#7126,#7128,#2967,.T.);
#11492=EDGE_CURVE('',#7124,#7126,#2971,.T.);
#11494=EDGE_CURVE('',#7122,#7124,#2975,.T.);
#11496=EDGE_CURVE('',#7120,#7122,#2979,.T.);
#11498=EDGE_CURVE('',#7118,#7120,#2983,.T.);
#11500=EDGE_CURVE('',#7116,#7118,#2987,.T.);
#11502=EDGE_CURVE('',#7114,#7116,#2991,.T.);
#11504=EDGE_CURVE('',#7112,#7114,#2995,.T.);
#11506=EDGE_CURVE('',#7110,#7112,#2999,.T.);
#11508=EDGE_CURVE('',#7108,#7110,#3003,.T.);
#11510=EDGE_CURVE('',#7106,#7108,#3007,.T.);
#11512=EDGE_CURVE('',#7104,#7106,#3011,.T.);
#11514=EDGE_CURVE('',#7102,#7104,#3015,.T.);
#11524=EDGE_CURVE('',#7141,#7142,#3019,.T.);
#11526=EDGE_CURVE('',#7190,#7141,#3023,.T.);
#11528=EDGE_CURVE('',#7188,#7190,#3027,.T.);
#11530=EDGE_CURVE('',#7186,#7188,#3031,.T.);
#11532=EDGE_CURVE('',#7184,#7186,#3035,.T.);
#11534=EDGE_CURVE('',#7182,#7184,#3039,.T.);
#11536=EDGE_CURVE('',#7180,#7182,#3043,.T.);
#11538=EDGE_CURVE('',#7178,#7180,#3047,.T.);
#11540=EDGE_CURVE('',#7176,#7178,#3051,.T.);
#11542=EDGE_CURVE('',#7174,#7176,#3055,.T.);
#11544=EDGE_CURVE('',#7172,#7174,#3059,.T.);
#11546=EDGE_CURVE('',#7170,#7172,#3063,.T.);
#11548=EDGE_CURVE('',#7168,#7170,#3067,.T.);
#11550=EDGE_CURVE('',#7166,#7168,#3071,.T.);
#11552=EDGE_CURVE('',#7164,#7166,#3075,.T.);
#11554=EDGE_CURVE('',#7162,#7164,#3079,.T.);
#11556=EDGE_CURVE('',#7160,#7162,#3083,.T.);
#11558=EDGE_CURVE('',#7158,#7160,#3087,.T.);
#11560=EDGE_CURVE('',#7156,#7158,#3091,.T.);
#11562=EDGE_CURVE('',#7154,#7156,#3095,.T.);
#11564=EDGE_CURVE('',#7152,#7154,#3099,.T.);
#11566=EDGE_CURVE('',#7150,#7152,#3103,.T.);
#11568=EDGE_CURVE('',#7148,#7150,#3107,.T.);
#11570=EDGE_CURVE('',#7146,#7148,#3111,.T.);
#11572=EDGE_CURVE('',#7144,#7146,#3115,.T.);
#11574=EDGE_CURVE('',#7142,#7144,#3119,.T.);
#11584=EDGE_CURVE('',#7193,#7194,#3123,.T.);
#11586=EDGE_CURVE('',#7206,#7193,#3127,.T.);
#11588=EDGE_CURVE('',#7204,#7206,#3131,.T.);
#11590=EDGE_CURVE('',#7202,#7204,#3135,.T.);
#11592=EDGE_CURVE('',#7200,#7202,#3139,.T.);
#11594=EDGE_CURVE('',#7198,#7200,#3143,.T.);
#11596=EDGE_CURVE('',#7196,#7198,#3147,.T.);
#11598=EDGE_CURVE('',#7194,#7196,#3151,.T.);
#11608=EDGE_CURVE('',#7209,#7210,#3155,.T.);
#11610=EDGE_CURVE('',#7254,#7209,#3159,.T.);
#11612=EDGE_CURVE('',#7252,#7254,#3163,.T.);
#11614=EDGE_CURVE('',#7250,#7252,#3167,.T.);
#11616=EDGE_CURVE('',#7248,#7250,#3171,.T.);
#11618=EDGE_CURVE('',#7246,#7248,#3175,.T.);
#11620=EDGE_CURVE('',#7244,#7246,#3179,.T.);
#11622=EDGE_CURVE('',#7242,#7244,#3183,.T.);
#11624=EDGE_CURVE('',#7240,#7242,#3187,.T.);
#11626=EDGE_CURVE('',#7238,#7240,#3191,.T.);
#11628=EDGE_CURVE('',#7236,#7238,#3195,.T.);
#11630=EDGE_CURVE('',#7234,#7236,#3199,.T.);
#11632=EDGE_CURVE('',#7232,#7234,#3203,.T.);
#11634=EDGE_CURVE('',#7230,#7232,#3207,.T.);
#11636=EDGE_CURVE('',#7228,#7230,#3211,.T.);
#11638=EDGE_CURVE('',#7226,#7228,#3215,.T.);
#11640=EDGE_CURVE('',#7224,#7226,#3219,.T.);
#11642=EDGE_CURVE('',#7222,#7224,#3223,.T.);
#11644=EDGE_CURVE('',#7220,#7222,#3227,.T.);
#11646=EDGE_CURVE('',#7218,#7220,#3231,.T.);
#11648=EDGE_CURVE('',#7216,#7218,#3235,.T.);
#11650=EDGE_CURVE('',#7214,#7216,#3239,.T.);
#11652=EDGE_CURVE('',#7212,#7214,#3243,.T.);
#11654=EDGE_CURVE('',#7210,#7212,#3247,.T.);
#11658=EDGE_CURVE('',#7257,#7258,#3251,.T.);
#11660=EDGE_CURVE('',#7294,#7257,#3255,.T.);
#11662=EDGE_CURVE('',#7292,#7294,#3259,.T.);
#11664=EDGE_CURVE('',#7290,#7292,#3263,.T.);
#11666=EDGE_CURVE('',#7288,#7290,#3267,.T.);
#11668=EDGE_CURVE('',#7286,#7288,#3271,.T.);
#11670=EDGE_CURVE('',#7284,#7286,#3275,.T.);
#11672=EDGE_CURVE('',#7282,#7284,#3279,.T.);
#11674=EDGE_CURVE('',#7280,#7282,#3283,.T.);
#11676=EDGE_CURVE('',#7278,#7280,#3287,.T.);
#11678=EDGE_CURVE('',#7276,#7278,#3291,.T.);
#11680=EDGE_CURVE('',#7274,#7276,#3295,.T.);
#11682=EDGE_CURVE('',#7272,#7274,#3299,.T.);
#11684=EDGE_CURVE('',#7270,#7272,#3303,.T.);
#11686=EDGE_CURVE('',#7268,#7270,#3307,.T.);
#11688=EDGE_CURVE('',#7266,#7268,#3311,.T.);
#11690=EDGE_CURVE('',#7264,#7266,#3315,.T.);
#11692=EDGE_CURVE('',#7262,#7264,#3319,.T.);
#11694=EDGE_CURVE('',#7260,#7262,#3323,.T.);
#11696=EDGE_CURVE('',#7258,#7260,#3327,.T.);
#11706=EDGE_CURVE('',#7297,#7298,#3331,.T.);
#11708=EDGE_CURVE('',#7342,#7297,#3335,.T.);
#11710=EDGE_CURVE('',#7340,#7342,#3339,.T.);
#11712=EDGE_CURVE('',#7338,#7340,#3343,.T.);
#11714=EDGE_CURVE('',#7336,#7338,#3347,.T.);
#11716=EDGE_CURVE('',#7334,#7336,#3351,.T.);
#11718=EDGE_CURVE('',#7332,#7334,#3355,.T.);
#11720=EDGE_CURVE('',#7330,#7332,#3359,.T.);
#11722=EDGE_CURVE('',#7328,#7330,#3363,.T.);
#11724=EDGE_CURVE('',#7326,#7328,#3367,.T.);
#11726=EDGE_CURVE('',#7324,#7326,#3371,.T.);
#11728=EDGE_CURVE('',#7322,#7324,#3375,.T.);
#11730=EDGE_CURVE('',#7320,#7322,#3379,.T.);
#11732=EDGE_CURVE('',#7318,#7320,#3383,.T.);
#11734=EDGE_CURVE('',#7316,#7318,#3387,.T.);
#11736=EDGE_CURVE('',#7314,#7316,#3391,.T.);
#11738=EDGE_CURVE('',#7312,#7314,#3395,.T.);
#11740=EDGE_CURVE('',#7310,#7312,#3399,.T.);
#11742=EDGE_CURVE('',#7308,#7310,#3403,.T.);
#11744=EDGE_CURVE('',#7306,#7308,#3407,.T.);
#11746=EDGE_CURVE('',#7304,#7306,#3411,.T.);
#11748=EDGE_CURVE('',#7302,#7304,#3415,.T.);
#11750=EDGE_CURVE('',#7300,#7302,#3419,.T.);
#11752=EDGE_CURVE('',#7298,#7300,#3423,.T.);
#11762=EDGE_CURVE('',#7345,#7346,#3427,.T.);
#11764=EDGE_CURVE('',#7350,#7345,#3431,.T.);
#11766=EDGE_CURVE('',#7348,#7350,#3435,.T.);
#11768=EDGE_CURVE('',#7346,#7348,#3439,.T.);
#11778=EDGE_CURVE('',#7353,#7354,#3443,.T.);
#11780=EDGE_CURVE('',#7358,#7353,#3447,.T.);
#11782=EDGE_CURVE('',#7356,#7358,#3451,.T.);
#11784=EDGE_CURVE('',#7354,#7356,#3455,.T.);
#11794=EDGE_CURVE('',#7361,#7362,#3459,.T.);
#11796=EDGE_CURVE('',#7446,#7361,#3463,.T.);
#11798=EDGE_CURVE('',#7444,#7446,#3467,.T.);
#11800=EDGE_CURVE('',#7442,#7444,#3471,.T.);
#11802=EDGE_CURVE('',#7440,#7442,#3475,.T.);
#11804=EDGE_CURVE('',#7438,#7440,#3479,.T.);
#11806=EDGE_CURVE('',#7436,#7438,#3483,.T.);
#11808=EDGE_CURVE('',#7434,#7436,#3487,.T.);
#11810=EDGE_CURVE('',#7432,#7434,#3491,.T.);
#11812=EDGE_CURVE('',#7430,#7432,#3495,.T.);
#11814=EDGE_CURVE('',#7428,#7430,#3499,.T.);
#11816=EDGE_CURVE('',#7426,#7428,#3503,.T.);
#11818=EDGE_CURVE('',#7424,#7426,#3507,.T.);
#11820=EDGE_CURVE('',#7422,#7424,#3511,.T.);
#11822=EDGE_CURVE('',#7420,#7422,#3515,.T.);
#11824=EDGE_CURVE('',#7418,#7420,#3519,.T.);
#11826=EDGE_CURVE('',#7416,#7418,#3523,.T.);
#11828=EDGE_CURVE('',#7414,#7416,#3527,.T.);
#11830=EDGE_CURVE('',#7412,#7414,#3531,.T.);
#11832=EDGE_CURVE('',#7410,#7412,#3535,.T.);
#11834=EDGE_CURVE('',#7408,#7410,#3539,.T.);
#11836=EDGE_CURVE('',#7406,#7408,#3543,.T.);
#11838=EDGE_CURVE('',#7404,#7406,#3547,.T.);
#11840=EDGE_CURVE('',#7402,#7404,#3551,.T.);
#11842=EDGE_CURVE('',#7400,#7402,#3555,.T.);
#11844=EDGE_CURVE('',#7398,#7400,#3559,.T.);
#11846=EDGE_CURVE('',#7396,#7398,#3563,.T.);
#11848=EDGE_CURVE('',#7394,#7396,#3567,.T.);
#11850=EDGE_CURVE('',#7392,#7394,#3571,.T.);
#11852=EDGE_CURVE('',#7390,#7392,#3575,.T.);
#11854=EDGE_CURVE('',#7388,#7390,#3579,.T.);
#11856=EDGE_CURVE('',#7386,#7388,#3583,.T.);
#11858=EDGE_CURVE('',#7384,#7386,#3587,.T.);
#11860=EDGE_CURVE('',#7382,#7384,#3591,.T.);
#11862=EDGE_CURVE('',#7380,#7382,#3595,.T.);
#11864=EDGE_CURVE('',#7378,#7380,#3599,.T.);
#11866=EDGE_CURVE('',#7376,#7378,#3603,.T.);
#11868=EDGE_CURVE('',#7374,#7376,#3607,.T.);
#11870=EDGE_CURVE('',#7372,#7374,#3611,.T.);
#11872=EDGE_CURVE('',#7370,#7372,#3615,.T.);
#11874=EDGE_CURVE('',#7368,#7370,#3619,.T.);
#11876=EDGE_CURVE('',#7366,#7368,#3623,.T.);
#11878=EDGE_CURVE('',#7364,#7366,#3627,.T.);
#11880=EDGE_CURVE('',#7362,#7364,#3631,.T.);
#11890=EDGE_CURVE('',#7449,#7450,#3635,.T.);
#11892=EDGE_CURVE('',#7494,#7449,#3639,.T.);
#11894=EDGE_CURVE('',#7492,#7494,#3643,.T.);
#11896=EDGE_CURVE('',#7490,#7492,#3647,.T.);
#11898=EDGE_CURVE('',#7488,#7490,#3651,.T.);
#11900=EDGE_CURVE('',#7486,#7488,#3655,.T.);
#11902=EDGE_CURVE('',#7484,#7486,#3659,.T.);
#11904=EDGE_CURVE('',#7482,#7484,#3663,.T.);
#11906=EDGE_CURVE('',#7480,#7482,#3667,.T.);
#11908=EDGE_CURVE('',#7478,#7480,#3671,.T.);
#11910=EDGE_CURVE('',#7476,#7478,#3675,.T.);
#11912=EDGE_CURVE('',#7474,#7476,#3679,.T.);
#11914=EDGE_CURVE('',#7472,#7474,#3683,.T.);
#11916=EDGE_CURVE('',#7470,#7472,#3687,.T.);
#11918=EDGE_CURVE('',#7468,#7470,#3691,.T.);
#11920=EDGE_CURVE('',#7466,#7468,#3695,.T.);
#11922=EDGE_CURVE('',#7464,#7466,#3699,.T.);
#11924=EDGE_CURVE('',#7462,#7464,#3703,.T.);
#11926=EDGE_CURVE('',#7460,#7462,#3707,.T.);
#11928=EDGE_CURVE('',#7458,#7460,#3711,.T.);
#11930=EDGE_CURVE('',#7456,#7458,#3715,.T.);
#11932=EDGE_CURVE('',#7454,#7456,#3719,.T.);
#11934=EDGE_CURVE('',#7452,#7454,#3723,.T.);
#11936=EDGE_CURVE('',#7450,#7452,#3727,.T.);
#11946=EDGE_CURVE('',#7497,#7498,#3731,.T.);
#11948=EDGE_CURVE('',#7546,#7497,#3735,.T.);
#11950=EDGE_CURVE('',#7544,#7546,#3739,.T.);
#11952=EDGE_CURVE('',#7542,#7544,#3743,.T.);
#11954=EDGE_CURVE('',#7540,#7542,#3747,.T.);
#11956=EDGE_CURVE('',#7538,#7540,#3751,.T.);
#11958=EDGE_CURVE('',#7536,#7538,#3755,.T.);
#11960=EDGE_CURVE('',#7534,#7536,#3759,.T.);
#11962=EDGE_CURVE('',#7532,#7534,#3763,.T.);
#11964=EDGE_CURVE('',#7530,#7532,#3767,.T.);
#11966=EDGE_CURVE('',#7528,#7530,#3771,.T.);
#11968=EDGE_CURVE('',#7526,#7528,#3775,.T.);
#11970=EDGE_CURVE('',#7524,#7526,#3779,.T.);
#11972=EDGE_CURVE('',#7522,#7524,#3783,.T.);
#11974=EDGE_CURVE('',#7520,#7522,#3787,.T.);
#11976=EDGE_CURVE('',#7518,#7520,#3791,.T.);
#11978=EDGE_CURVE('',#7516,#7518,#3795,.T.);
#11980=EDGE_CURVE('',#7514,#7516,#3799,.T.);
#11982=EDGE_CURVE('',#7512,#7514,#3803,.T.);
#11984=EDGE_CURVE('',#7510,#7512,#3807,.T.);
#11986=EDGE_CURVE('',#7508,#7510,#3811,.T.);
#11988=EDGE_CURVE('',#7506,#7508,#3815,.T.);
#11990=EDGE_CURVE('',#7504,#7506,#3819,.T.);
#11992=EDGE_CURVE('',#7502,#7504,#3823,.T.);
#11994=EDGE_CURVE('',#7500,#7502,#3827,.T.);
#11996=EDGE_CURVE('',#7498,#7500,#3831,.T.);
#12000=EDGE_CURVE('',#7549,#7550,#3835,.T.);
#12002=EDGE_CURVE('',#7586,#7549,#3839,.T.);
#12004=EDGE_CURVE('',#7584,#7586,#3843,.T.);
#12006=EDGE_CURVE('',#7582,#7584,#3847,.T.);
#12008=EDGE_CURVE('',#7580,#7582,#3851,.T.);
#12010=EDGE_CURVE('',#7578,#7580,#3855,.T.);
#12012=EDGE_CURVE('',#7576,#7578,#3859,.T.);
#12014=EDGE_CURVE('',#7574,#7576,#3863,.T.);
#12016=EDGE_CURVE('',#7572,#7574,#3867,.T.);
#12018=EDGE_CURVE('',#7570,#7572,#3871,.T.);
#12020=EDGE_CURVE('',#7568,#7570,#3875,.T.);
#12022=EDGE_CURVE('',#7566,#7568,#3879,.T.);
#12024=EDGE_CURVE('',#7564,#7566,#3883,.T.);
#12026=EDGE_CURVE('',#7562,#7564,#3887,.T.);
#12028=EDGE_CURVE('',#7560,#7562,#3891,.T.);
#12030=EDGE_CURVE('',#7558,#7560,#3895,.T.);
#12032=EDGE_CURVE('',#7556,#7558,#3899,.T.);
#12034=EDGE_CURVE('',#7554,#7556,#3903,.T.);
#12036=EDGE_CURVE('',#7552,#7554,#3907,.T.);
#12038=EDGE_CURVE('',#7550,#7552,#3911,.T.);
#12048=EDGE_CURVE('',#7589,#7590,#3915,.T.);
#12050=EDGE_CURVE('',#7612,#7589,#3919,.T.);
#12052=EDGE_CURVE('',#7610,#7612,#3923,.T.);
#12054=EDGE_CURVE('',#7608,#7610,#3927,.T.);
#12056=EDGE_CURVE('',#7606,#7608,#3931,.T.);
#12058=EDGE_CURVE('',#7604,#7606,#3935,.T.);
#12060=EDGE_CURVE('',#7602,#7604,#3939,.T.);
#12062=EDGE_CURVE('',#7600,#7602,#3943,.T.);
#12064=EDGE_CURVE('',#7598,#7600,#3947,.T.);
#12066=EDGE_CURVE('',#7596,#7598,#3951,.T.);
#12068=EDGE_CURVE('',#7594,#7596,#3955,.T.);
#12070=EDGE_CURVE('',#7592,#7594,#3959,.T.);
#12072=EDGE_CURVE('',#7590,#7592,#3963,.T.);
#12082=EDGE_CURVE('',#7615,#7616,#3967,.T.);
#12084=EDGE_CURVE('',#7650,#7615,#3971,.T.);
#12086=EDGE_CURVE('',#7648,#7650,#3975,.T.);
#12088=EDGE_CURVE('',#7646,#7648,#3979,.T.);
#12090=EDGE_CURVE('',#7644,#7646,#3983,.T.);
#12092=EDGE_CURVE('',#7642,#7644,#3987,.T.);
#12094=EDGE_CURVE('',#7640,#7642,#3991,.T.);
#12096=EDGE_CURVE('',#7638,#7640,#3995,.T.);
#12098=EDGE_CURVE('',#7636,#7638,#3999,.T.);
#12100=EDGE_CURVE('',#7634,#7636,#4003,.T.);
#12102=EDGE_CURVE('',#7632,#7634,#4007,.T.);
#12104=EDGE_CURVE('',#7630,#7632,#4011,.T.);
#12106=EDGE_CURVE('',#7628,#7630,#4015,.T.);
#12108=EDGE_CURVE('',#7626,#7628,#4019,.T.);
#12110=EDGE_CURVE('',#7624,#7626,#4023,.T.);
#12112=EDGE_CURVE('',#7622,#7624,#4027,.T.);
#12114=EDGE_CURVE('',#7620,#7622,#4031,.T.);
#12116=EDGE_CURVE('',#7618,#7620,#4035,.T.);
#12118=EDGE_CURVE('',#7616,#7618,#4039,.T.);
#12128=EDGE_CURVE('',#7653,#7654,#4043,.T.);
#12130=EDGE_CURVE('',#7676,#7653,#4047,.T.);
#12132=EDGE_CURVE('',#7674,#7676,#4051,.T.);
#12134=EDGE_CURVE('',#7672,#7674,#4055,.T.);
#12136=EDGE_CURVE('',#7670,#7672,#4059,.T.);
#12138=EDGE_CURVE('',#7668,#7670,#4063,.T.);
#12140=EDGE_CURVE('',#7666,#7668,#4067,.T.);
#12142=EDGE_CURVE('',#7664,#7666,#4071,.T.);
#12144=EDGE_CURVE('',#7662,#7664,#4075,.T.);
#12146=EDGE_CURVE('',#7660,#7662,#4079,.T.);
#12148=EDGE_CURVE('',#7658,#7660,#4083,.T.);
#12150=EDGE_CURVE('',#7656,#7658,#4087,.T.);
#12152=EDGE_CURVE('',#7654,#7656,#4091,.T.);
#12162=EDGE_CURVE('',#7679,#7680,#4095,.T.);
#12164=EDGE_CURVE('',#7754,#7679,#4099,.T.);
#12166=EDGE_CURVE('',#7752,#7754,#4103,.T.);
#12168=EDGE_CURVE('',#7750,#7752,#4107,.T.);
#12170=EDGE_CURVE('',#7748,#7750,#4111,.T.);
#12172=EDGE_CURVE('',#7746,#7748,#4115,.T.);
#12174=EDGE_CURVE('',#7744,#7746,#4119,.T.);
#12176=EDGE_CURVE('',#7742,#7744,#4123,.T.);
#12178=EDGE_CURVE('',#7740,#7742,#4127,.T.);
#12180=EDGE_CURVE('',#7738,#7740,#4131,.T.);
#12182=EDGE_CURVE('',#7736,#7738,#4135,.T.);
#12184=EDGE_CURVE('',#7734,#7736,#4139,.T.);
#12186=EDGE_CURVE('',#7732,#7734,#4143,.T.);
#12188=EDGE_CURVE('',#7730,#7732,#4147,.T.);
#12190=EDGE_CURVE('',#7728,#7730,#4151,.T.);
#12192=EDGE_CURVE('',#7726,#7728,#4155,.T.);
#12194=EDGE_CURVE('',#7724,#7726,#4159,.T.);
#12196=EDGE_CURVE('',#7722,#7724,#4163,.T.);
#12198=EDGE_CURVE('',#7720,#7722,#4167,.T.);
#12200=EDGE_CURVE('',#7718,#7720,#4171,.T.);
#12202=EDGE_CURVE('',#7716,#7718,#4175,.T.);
#12204=EDGE_CURVE('',#7714,#7716,#4179,.T.);
#12206=EDGE_CURVE('',#7712,#7714,#4183,.T.);
#12208=EDGE_CURVE('',#7710,#7712,#4187,.T.);
#12210=EDGE_CURVE('',#7708,#7710,#4191,.T.);
#12212=EDGE_CURVE('',#7706,#7708,#4195,.T.);
#12214=EDGE_CURVE('',#7704,#7706,#4199,.T.);
#12216=EDGE_CURVE('',#7702,#7704,#4203,.T.);
#12218=EDGE_CURVE('',#7700,#7702,#4207,.T.);
#12220=EDGE_CURVE('',#7698,#7700,#4211,.T.);
#12222=EDGE_CURVE('',#7696,#7698,#4215,.T.);
#12224=EDGE_CURVE('',#7694,#7696,#4219,.T.);
#12226=EDGE_CURVE('',#7692,#7694,#4223,.T.);
#12228=EDGE_CURVE('',#7690,#7692,#4227,.T.);
#12230=EDGE_CURVE('',#7688,#7690,#4231,.T.);
#12232=EDGE_CURVE('',#7686,#7688,#4235,.T.);
#12234=EDGE_CURVE('',#7684,#7686,#4239,.T.);
#12236=EDGE_CURVE('',#7682,#7684,#4243,.T.);
#12238=EDGE_CURVE('',#7680,#7682,#4247,.T.);
#12242=EDGE_CURVE('',#7757,#7758,#4251,.T.);
#12244=EDGE_CURVE('',#7780,#7757,#4255,.T.);
#12246=EDGE_CURVE('',#7778,#7780,#4259,.T.);
#12248=EDGE_CURVE('',#7776,#7778,#4263,.T.);
#12250=EDGE_CURVE('',#7774,#7776,#4267,.T.);
#12252=EDGE_CURVE('',#7772,#7774,#4271,.T.);
#12254=EDGE_CURVE('',#7770,#7772,#4275,.T.);
#12256=EDGE_CURVE('',#7768,#7770,#4279,.T.);
#12258=EDGE_CURVE('',#7766,#7768,#4283,.T.);
#12260=EDGE_CURVE('',#7764,#7766,#4287,.T.);
#12262=EDGE_CURVE('',#7762,#7764,#4291,.T.);
#12264=EDGE_CURVE('',#7760,#7762,#4295,.T.);
#12266=EDGE_CURVE('',#7758,#7760,#4299,.T.);
#12276=EDGE_CURVE('',#7783,#7784,#4303,.T.);
#12278=EDGE_CURVE('',#7828,#7783,#4307,.T.);
#12280=EDGE_CURVE('',#7826,#7828,#4311,.T.);
#12282=EDGE_CURVE('',#7824,#7826,#4315,.T.);
#12284=EDGE_CURVE('',#7822,#7824,#4319,.T.);
#12286=EDGE_CURVE('',#7820,#7822,#4323,.T.);
#12288=EDGE_CURVE('',#7818,#7820,#4327,.T.);
#12290=EDGE_CURVE('',#7816,#7818,#4331,.T.);
#12292=EDGE_CURVE('',#7814,#7816,#4335,.T.);
#12294=EDGE_CURVE('',#7812,#7814,#4339,.T.);
#12296=EDGE_CURVE('',#7810,#7812,#4343,.T.);
#12298=EDGE_CURVE('',#7808,#7810,#4347,.T.);
#12300=EDGE_CURVE('',#7806,#7808,#4351,.T.);
#12302=EDGE_CURVE('',#7804,#7806,#4355,.T.);
#12304=EDGE_CURVE('',#7802,#7804,#4359,.T.);
#12306=EDGE_CURVE('',#7800,#7802,#4363,.T.);
#12308=EDGE_CURVE('',#7798,#7800,#4367,.T.);
#12310=EDGE_CURVE('',#7796,#7798,#4371,.T.);
#12312=EDGE_CURVE('',#7794,#7796,#4375,.T.);
#12314=EDGE_CURVE('',#7792,#7794,#4379,.T.);
#12316=EDGE_CURVE('',#7790,#7792,#4383,.T.);
#12318=EDGE_CURVE('',#7788,#7790,#4387,.T.);
#12320=EDGE_CURVE('',#7786,#7788,#4391,.T.);
#12322=EDGE_CURVE('',#7784,#7786,#4395,.T.);
#12332=EDGE_CURVE('',#7831,#7832,#4399,.T.);
#12334=EDGE_CURVE('',#7916,#7831,#4403,.T.);
#12336=EDGE_CURVE('',#7914,#7916,#4407,.T.);
#12338=EDGE_CURVE('',#7912,#7914,#4411,.T.);
#12340=EDGE_CURVE('',#7910,#7912,#4415,.T.);
#12342=EDGE_CURVE('',#7908,#7910,#4419,.T.);
#12344=EDGE_CURVE('',#7906,#7908,#4423,.T.);
#12346=EDGE_CURVE('',#7904,#7906,#4427,.T.);
#12348=EDGE_CURVE('',#7902,#7904,#4431,.T.);
#12350=EDGE_CURVE('',#7900,#7902,#4435,.T.);
#12352=EDGE_CURVE('',#7898,#7900,#4439,.T.);
#12354=EDGE_CURVE('',#7896,#7898,#4443,.T.);
#12356=EDGE_CURVE('',#7894,#7896,#4447,.T.);
#12358=EDGE_CURVE('',#7892,#7894,#4451,.T.);
#12360=EDGE_CURVE('',#7890,#7892,#4455,.T.);
#12362=EDGE_CURVE('',#7888,#7890,#4459,.T.);
#12364=EDGE_CURVE('',#7886,#7888,#4463,.T.);
#12366=EDGE_CURVE('',#7884,#7886,#4467,.T.);
#12368=EDGE_CURVE('',#7882,#7884,#4471,.T.);
#12370=EDGE_CURVE('',#7880,#7882,#4475,.T.);
#12372=EDGE_CURVE('',#7878,#7880,#4479,.T.);
#12374=EDGE_CURVE('',#7876,#7878,#4483,.T.);
#12376=EDGE_CURVE('',#7874,#7876,#4487,.T.);
#12378=EDGE_CURVE('',#7872,#7874,#4491,.T.);
#12380=EDGE_CURVE('',#7870,#7872,#4495,.T.);
#12382=EDGE_CURVE('',#7868,#7870,#4499,.T.);
#12384=EDGE_CURVE('',#7866,#7868,#4503,.T.);
#12386=EDGE_CURVE('',#7864,#7866,#4507,.T.);
#12388=EDGE_CURVE('',#7862,#7864,#4511,.T.);
#12390=EDGE_CURVE('',#7860,#7862,#4515,.T.);
#12392=EDGE_CURVE('',#7858,#7860,#4519,.T.);
#12394=EDGE_CURVE('',#7856,#7858,#4523,.T.);
#12396=EDGE_CURVE('',#7854,#7856,#4527,.T.);
#12398=EDGE_CURVE('',#7852,#7854,#4531,.T.);
#12400=EDGE_CURVE('',#7850,#7852,#4535,.T.);
#12402=EDGE_CURVE('',#7848,#7850,#4539,.T.);
#12404=EDGE_CURVE('',#7846,#7848,#4543,.T.);
#12406=EDGE_CURVE('',#7844,#7846,#4547,.T.);
#12408=EDGE_CURVE('',#7842,#7844,#4551,.T.);
#12410=EDGE_CURVE('',#7840,#7842,#4555,.T.);
#12412=EDGE_CURVE('',#7838,#7840,#4559,.T.);
#12414=EDGE_CURVE('',#7836,#7838,#4563,.T.);
#12416=EDGE_CURVE('',#7834,#7836,#4567,.T.);
#12418=EDGE_CURVE('',#7832,#7834,#4571,.T.);
#12422=EDGE_CURVE('',#7919,#7920,#4575,.T.);
#12424=EDGE_CURVE('',#7950,#7919,#4579,.T.);
#12426=EDGE_CURVE('',#7948,#7950,#4583,.T.);
#12428=EDGE_CURVE('',#7946,#7948,#4587,.T.);
#12430=EDGE_CURVE('',#7944,#7946,#4591,.T.);
#12432=EDGE_CURVE('',#7942,#7944,#4595,.T.);
#12434=EDGE_CURVE('',#7940,#7942,#4599,.T.);
#12436=EDGE_CURVE('',#7938,#7940,#4603,.T.);
#12438=EDGE_CURVE('',#7936,#7938,#4607,.T.);
#12440=EDGE_CURVE('',#7934,#7936,#4611,.T.);
#12442=EDGE_CURVE('',#7932,#7934,#4615,.T.);
#12444=EDGE_CURVE('',#7930,#7932,#4619,.T.);
#12446=EDGE_CURVE('',#7928,#7930,#4623,.T.);
#12448=EDGE_CURVE('',#7926,#7928,#4627,.T.);
#12450=EDGE_CURVE('',#7924,#7926,#4631,.T.);
#12452=EDGE_CURVE('',#7922,#7924,#4635,.T.);
#12454=EDGE_CURVE('',#7920,#7922,#4639,.T.);
#12464=EDGE_CURVE('',#7953,#7954,#4643,.T.);
#12466=EDGE_CURVE('',#8014,#7953,#4647,.T.);
#12468=EDGE_CURVE('',#8012,#8014,#4651,.T.);
#12470=EDGE_CURVE('',#8010,#8012,#4655,.T.);
#12472=EDGE_CURVE('',#8008,#8010,#4659,.T.);
#12474=EDGE_CURVE('',#8006,#8008,#4663,.T.);
#12476=EDGE_CURVE('',#8004,#8006,#4667,.T.);
#12478=EDGE_CURVE('',#8002,#8004,#4671,.T.);
#12480=EDGE_CURVE('',#8000,#8002,#4675,.T.);
#12482=EDGE_CURVE('',#7998,#8000,#4679,.T.);
#12484=EDGE_CURVE('',#7996,#7998,#4683,.T.);
#12486=EDGE_CURVE('',#7994,#7996,#4687,.T.);
#12488=EDGE_CURVE('',#7992,#7994,#4691,.T.);
#12490=EDGE_CURVE('',#7990,#7992,#4695,.T.);
#12492=EDGE_CURVE('',#7988,#7990,#4699,.T.);
#12494=EDGE_CURVE('',#7986,#7988,#4703,.T.);
#12496=EDGE_CURVE('',#7984,#7986,#4707,.T.);
#12498=EDGE_CURVE('',#7982,#7984,#4711,.T.);
#12500=EDGE_CURVE('',#7980,#7982,#4715,.T.);
#12502=EDGE_CURVE('',#7978,#7980,#4719,.T.);
#12504=EDGE_CURVE('',#7976,#7978,#4723,.T.);
#12506=EDGE_CURVE('',#7974,#7976,#4727,.T.);
#12508=EDGE_CURVE('',#7972,#7974,#4731,.T.);
#12510=EDGE_CURVE('',#7970,#7972,#4735,.T.);
#12512=EDGE_CURVE('',#7968,#7970,#4739,.T.);
#12514=EDGE_CURVE('',#7966,#7968,#4743,.T.);
#12516=EDGE_CURVE('',#7964,#7966,#4747,.T.);
#12518=EDGE_CURVE('',#7962,#7964,#4751,.T.);
#12520=EDGE_CURVE('',#7960,#7962,#4755,.T.);
#12522=EDGE_CURVE('',#7958,#7960,#4759,.T.);
#12524=EDGE_CURVE('',#7956,#7958,#4763,.T.);
#12526=EDGE_CURVE('',#7954,#7956,#4767,.T.);
#12530=EDGE_CURVE('',#8017,#8018,#4771,.T.);
#12532=EDGE_CURVE('',#8034,#8017,#4775,.T.);
#12534=EDGE_CURVE('',#8032,#8034,#4779,.T.);
#12536=EDGE_CURVE('',#8030,#8032,#4783,.T.);
#12538=EDGE_CURVE('',#8028,#8030,#4787,.T.);
#12540=EDGE_CURVE('',#8026,#8028,#4791,.T.);
#12542=EDGE_CURVE('',#8024,#8026,#4795,.T.);
#12544=EDGE_CURVE('',#8022,#8024,#4799,.T.);
#12546=EDGE_CURVE('',#8020,#8022,#4803,.T.);
#12548=EDGE_CURVE('',#8018,#8020,#4807,.T.);
#12559=EDGE_CURVE('',#8045,#7033,#4811,.T.);
#12562=EDGE_CURVE('',#8046,#7034,#4847,.T.);
#12573=EDGE_CURVE('',#8062,#7050,#4815,.T.);
#12586=EDGE_CURVE('',#8060,#7048,#4819,.T.);
#12599=EDGE_CURVE('',#8058,#7046,#4823,.T.);
#12612=EDGE_CURVE('',#8056,#7044,#4827,.T.);
#12625=EDGE_CURVE('',#8054,#7042,#4831,.T.);
#12638=EDGE_CURVE('',#8052,#7040,#4835,.T.);
#12651=EDGE_CURVE('',#8050,#7038,#4839,.T.);
#12664=EDGE_CURVE('',#8048,#7036,#4843,.T.);
#12689=EDGE_CURVE('',#8065,#7053,#4851,.T.);
#12692=EDGE_CURVE('',#8066,#7054,#4943,.T.);
#12703=EDGE_CURVE('',#8110,#7098,#4855,.T.);
#12716=EDGE_CURVE('',#8108,#7096,#4859,.T.);
#12729=EDGE_CURVE('',#8106,#7094,#4863,.T.);
#12742=EDGE_CURVE('',#8104,#7092,#4867,.T.);
#12755=EDGE_CURVE('',#8102,#7090,#4871,.T.);
#12768=EDGE_CURVE('',#8100,#7088,#4875,.T.);
#12781=EDGE_CURVE('',#8098,#7086,#4879,.T.);
#12794=EDGE_CURVE('',#8096,#7084,#4883,.T.);
#12807=EDGE_CURVE('',#8094,#7082,#4887,.T.);
#12820=EDGE_CURVE('',#8092,#7080,#4891,.T.);
#12833=EDGE_CURVE('',#8090,#7078,#4895,.T.);
#12846=EDGE_CURVE('',#8088,#7076,#4899,.T.);
#12859=EDGE_CURVE('',#8086,#7074,#4903,.T.);
#12872=EDGE_CURVE('',#8084,#7072,#4907,.T.);
#12885=EDGE_CURVE('',#8082,#7070,#4911,.T.);
#12898=EDGE_CURVE('',#8080,#7068,#4915,.T.);
#12911=EDGE_CURVE('',#8078,#7066,#4919,.T.);
#12924=EDGE_CURVE('',#8076,#7064,#4923,.T.);
#12937=EDGE_CURVE('',#8074,#7062,#4927,.T.);
#12950=EDGE_CURVE('',#8072,#7060,#4931,.T.);
#12963=EDGE_CURVE('',#8070,#7058,#4935,.T.);
#12976=EDGE_CURVE('',#8068,#7056,#4939,.T.);
#13001=EDGE_CURVE('',#8113,#7101,#4947,.T.);
#13004=EDGE_CURVE('',#8114,#7102,#5023,.T.);
#13015=EDGE_CURVE('',#8150,#7138,#4951,.T.);
#13028=EDGE_CURVE('',#8148,#7136,#4955,.T.);
#13041=EDGE_CURVE('',#8146,#7134,#4959,.T.);
#13054=EDGE_CURVE('',#8144,#7132,#4963,.T.);
#13067=EDGE_CURVE('',#8142,#7130,#4967,.T.);
#13080=EDGE_CURVE('',#8140,#7128,#4971,.T.);
#13093=EDGE_CURVE('',#8138,#7126,#4975,.T.);
#13106=EDGE_CURVE('',#8136,#7124,#4979,.T.);
#13119=EDGE_CURVE('',#8134,#7122,#4983,.T.);
#13132=EDGE_CURVE('',#8132,#7120,#4987,.T.);
#13145=EDGE_CURVE('',#8130,#7118,#4991,.T.);
#13158=EDGE_CURVE('',#8128,#7116,#4995,.T.);
#13171=EDGE_CURVE('',#8126,#7114,#4999,.T.);
#13184=EDGE_CURVE('',#8124,#7112,#5003,.T.);
#13197=EDGE_CURVE('',#8122,#7110,#5007,.T.);
#13210=EDGE_CURVE('',#8120,#7108,#5011,.T.);
#13223=EDGE_CURVE('',#8118,#7106,#5015,.T.);
#13236=EDGE_CURVE('',#8116,#7104,#5019,.T.);
#13261=EDGE_CURVE('',#8153,#7141,#5027,.T.);
#13264=EDGE_CURVE('',#8154,#7142,#5127,.T.);
#13275=EDGE_CURVE('',#8202,#7190,#5031,.T.);
#13288=EDGE_CURVE('',#8200,#7188,#5035,.T.);
#13301=EDGE_CURVE('',#8198,#7186,#5039,.T.);
#13314=EDGE_CURVE('',#8196,#7184,#5043,.T.);
#13327=EDGE_CURVE('',#8194,#7182,#5047,.T.);
#13340=EDGE_CURVE('',#8192,#7180,#5051,.T.);
#13353=EDGE_CURVE('',#8190,#7178,#5055,.T.);
#13366=EDGE_CURVE('',#8188,#7176,#5059,.T.);
#13379=EDGE_CURVE('',#8186,#7174,#5063,.T.);
#13392=EDGE_CURVE('',#8184,#7172,#5067,.T.);
#13405=EDGE_CURVE('',#8182,#7170,#5071,.T.);
#13418=EDGE_CURVE('',#8180,#7168,#5075,.T.);
#13431=EDGE_CURVE('',#8178,#7166,#5079,.T.);
#13444=EDGE_CURVE('',#8176,#7164,#5083,.T.);
#13457=EDGE_CURVE('',#8174,#7162,#5087,.T.);
#13470=EDGE_CURVE('',#8172,#7160,#5091,.T.);
#13483=EDGE_CURVE('',#8170,#7158,#5095,.T.);
#13496=EDGE_CURVE('',#8168,#7156,#5099,.T.);
#13509=EDGE_CURVE('',#8166,#7154,#5103,.T.);
#13522=EDGE_CURVE('',#8164,#7152,#5107,.T.);
#13535=EDGE_CURVE('',#8162,#7150,#5111,.T.);
#13548=EDGE_CURVE('',#8160,#7148,#5115,.T.);
#13561=EDGE_CURVE('',#8158,#7146,#5119,.T.);
#13574=EDGE_CURVE('',#8156,#7144,#5123,.T.);
#13599=EDGE_CURVE('',#8205,#7193,#5131,.T.);
#13602=EDGE_CURVE('',#8206,#7194,#5159,.T.);
#13613=EDGE_CURVE('',#8218,#7206,#5135,.T.);
#13626=EDGE_CURVE('',#8216,#7204,#5139,.T.);
#13639=EDGE_CURVE('',#8214,#7202,#5143,.T.);
#13652=EDGE_CURVE('',#8212,#7200,#5147,.T.);
#13665=EDGE_CURVE('',#8210,#7198,#5151,.T.);
#13678=EDGE_CURVE('',#8208,#7196,#5155,.T.);
#13703=EDGE_CURVE('',#8221,#7209,#5163,.T.);
#13706=EDGE_CURVE('',#8222,#7210,#5255,.T.);
#13717=EDGE_CURVE('',#8266,#7254,#5167,.T.);
#13730=EDGE_CURVE('',#8264,#7252,#5171,.T.);
#13743=EDGE_CURVE('',#8262,#7250,#5175,.T.);
#13756=EDGE_CURVE('',#8260,#7248,#5179,.T.);
#13769=EDGE_CURVE('',#8258,#7246,#5183,.T.);
#13782=EDGE_CURVE('',#8256,#7244,#5187,.T.);
#13795=EDGE_CURVE('',#8254,#7242,#5191,.T.);
#13808=EDGE_CURVE('',#8252,#7240,#5195,.T.);
#13821=EDGE_CURVE('',#8250,#7238,#5199,.T.);
#13834=EDGE_CURVE('',#8248,#7236,#5203,.T.);
#13847=EDGE_CURVE('',#8246,#7234,#5207,.T.);
#13860=EDGE_CURVE('',#8244,#7232,#5211,.T.);
#13873=EDGE_CURVE('',#8242,#7230,#5215,.T.);
#13886=EDGE_CURVE('',#8240,#7228,#5219,.T.);
#13899=EDGE_CURVE('',#8238,#7226,#5223,.T.);
#13912=EDGE_CURVE('',#8236,#7224,#5227,.T.);
#13925=EDGE_CURVE('',#8234,#7222,#5231,.T.);
#13938=EDGE_CURVE('',#8232,#7220,#5235,.T.);
#13951=EDGE_CURVE('',#8230,#7218,#5239,.T.);
#13964=EDGE_CURVE('',#8228,#7216,#5243,.T.);
#13977=EDGE_CURVE('',#8226,#7214,#5247,.T.);
#13990=EDGE_CURVE('',#8224,#7212,#5251,.T.);
#14015=EDGE_CURVE('',#8269,#7257,#5259,.T.);
#14018=EDGE_CURVE('',#8270,#7258,#5335,.T.);
#14029=EDGE_CURVE('',#8306,#7294,#5263,.T.);
#14042=EDGE_CURVE('',#8304,#7292,#5267,.T.);
#14055=EDGE_CURVE('',#8302,#7290,#5271,.T.);
#14068=EDGE_CURVE('',#8300,#7288,#5275,.T.);
#14081=EDGE_CURVE('',#8298,#7286,#5279,.T.);
#14094=EDGE_CURVE('',#8296,#7284,#5283,.T.);
#14107=EDGE_CURVE('',#8294,#7282,#5287,.T.);
#14120=EDGE_CURVE('',#8292,#7280,#5291,.T.);
#14133=EDGE_CURVE('',#8290,#7278,#5295,.T.);
#14146=EDGE_CURVE('',#8288,#7276,#5299,.T.);
#14159=EDGE_CURVE('',#8286,#7274,#5303,.T.);
#14172=EDGE_CURVE('',#8284,#7272,#5307,.T.);
#14185=EDGE_CURVE('',#8282,#7270,#5311,.T.);
#14198=EDGE_CURVE('',#8280,#7268,#5315,.T.);
#14211=EDGE_CURVE('',#8278,#7266,#5319,.T.);
#14224=EDGE_CURVE('',#8276,#7264,#5323,.T.);
#14237=EDGE_CURVE('',#8274,#7262,#5327,.T.);
#14250=EDGE_CURVE('',#8272,#7260,#5331,.T.);
#14275=EDGE_CURVE('',#8309,#7297,#5339,.T.);
#14278=EDGE_CURVE('',#8310,#7298,#5431,.T.);
#14289=EDGE_CURVE('',#8354,#7342,#5343,.T.);
#14302=EDGE_CURVE('',#8352,#7340,#5347,.T.);
#14315=EDGE_CURVE('',#8350,#7338,#5351,.T.);
#14328=EDGE_CURVE('',#8348,#7336,#5355,.T.);
#14341=EDGE_CURVE('',#8346,#7334,#5359,.T.);
#14354=EDGE_CURVE('',#8344,#7332,#5363,.T.);
#14367=EDGE_CURVE('',#8342,#7330,#5367,.T.);
#14380=EDGE_CURVE('',#8340,#7328,#5371,.T.);
#14393=EDGE_CURVE('',#8338,#7326,#5375,.T.);
#14406=EDGE_CURVE('',#8336,#7324,#5379,.T.);
#14419=EDGE_CURVE('',#8334,#7322,#5383,.T.);
#14432=EDGE_CURVE('',#8332,#7320,#5387,.T.);
#14445=EDGE_CURVE('',#8330,#7318,#5391,.T.);
#14458=EDGE_CURVE('',#8328,#7316,#5395,.T.);
#14471=EDGE_CURVE('',#8326,#7314,#5399,.T.);
#14484=EDGE_CURVE('',#8324,#7312,#5403,.T.);
#14497=EDGE_CURVE('',#8322,#7310,#5407,.T.);
#14510=EDGE_CURVE('',#8320,#7308,#5411,.T.);
#14523=EDGE_CURVE('',#8318,#7306,#5415,.T.);
#14536=EDGE_CURVE('',#8316,#7304,#5419,.T.);
#14549=EDGE_CURVE('',#8314,#7302,#5423,.T.);
#14562=EDGE_CURVE('',#8312,#7300,#5427,.T.);
#14587=EDGE_CURVE('',#8357,#7345,#5435,.T.);
#14590=EDGE_CURVE('',#8358,#7346,#5447,.T.);
#14601=EDGE_CURVE('',#8362,#7350,#5439,.T.);
#14614=EDGE_CURVE('',#8360,#7348,#5443,.T.);
#14639=EDGE_CURVE('',#8365,#7353,#5451,.T.);
#14642=EDGE_CURVE('',#8366,#7354,#5463,.T.);
#14653=EDGE_CURVE('',#8370,#7358,#5455,.T.);
#14666=EDGE_CURVE('',#8368,#7356,#5459,.T.);
#14691=EDGE_CURVE('',#8373,#7361,#5467,.T.);
#14694=EDGE_CURVE('',#8374,#7362,#5639,.T.);
#14705=EDGE_CURVE('',#8458,#7446,#5471,.T.);
#14718=EDGE_CURVE('',#8456,#7444,#5475,.T.);
#14731=EDGE_CURVE('',#8454,#7442,#5479,.T.);
#14744=EDGE_CURVE('',#8452,#7440,#5483,.T.);
#14757=EDGE_CURVE('',#8450,#7438,#5487,.T.);
#14770=EDGE_CURVE('',#8448,#7436,#5491,.T.);
#14783=EDGE_CURVE('',#8446,#7434,#5495,.T.);
#14796=EDGE_CURVE('',#8444,#7432,#5499,.T.);
#14809=EDGE_CURVE('',#8442,#7430,#5503,.T.);
#14822=EDGE_CURVE('',#8440,#7428,#5507,.T.);
#14835=EDGE_CURVE('',#8438,#7426,#5511,.T.);
#14848=EDGE_CURVE('',#8436,#7424,#5515,.T.);
#14861=EDGE_CURVE('',#8434,#7422,#5519,.T.);
#14874=EDGE_CURVE('',#8432,#7420,#5523,.T.);
#14887=EDGE_CURVE('',#8430,#7418,#5527,.T.);
#14900=EDGE_CURVE('',#8428,#7416,#5531,.T.);
#14913=EDGE_CURVE('',#8426,#7414,#5535,.T.);
#14926=EDGE_CURVE('',#8424,#7412,#5539,.T.);
#14939=EDGE_CURVE('',#8422,#7410,#5543,.T.);
#14952=EDGE_CURVE('',#8420,#7408,#5547,.T.);
#14965=EDGE_CURVE('',#8418,#7406,#5551,.T.);
#14978=EDGE_CURVE('',#8416,#7404,#5555,.T.);
#14991=EDGE_CURVE('',#8414,#7402,#5559,.T.);
#15004=EDGE_CURVE('',#8412,#7400,#5563,.T.);
#15017=EDGE_CURVE('',#8410,#7398,#5567,.T.);
#15030=EDGE_CURVE('',#8408,#7396,#5571,.T.);
#15043=EDGE_CURVE('',#8406,#7394,#5575,.T.);
#15056=EDGE_CURVE('',#8404,#7392,#5579,.T.);
#15069=EDGE_CURVE('',#8402,#7390,#5583,.T.);
#15082=EDGE_CURVE('',#8400,#7388,#5587,.T.);
#15095=EDGE_CURVE('',#8398,#7386,#5591,.T.);
#15108=EDGE_CURVE('',#8396,#7384,#5595,.T.);
#15121=EDGE_CURVE('',#8394,#7382,#5599,.T.);
#15134=EDGE_CURVE('',#8392,#7380,#5603,.T.);
#15147=EDGE_CURVE('',#8390,#7378,#5607,.T.);
#15160=EDGE_CURVE('',#8388,#7376,#5611,.T.);
#15173=EDGE_CURVE('',#8386,#7374,#5615,.T.);
#15186=EDGE_CURVE('',#8384,#7372,#5619,.T.);
#15199=EDGE_CURVE('',#8382,#7370,#5623,.T.);
#15212=EDGE_CURVE('',#8380,#7368,#5627,.T.);
#15225=EDGE_CURVE('',#8378,#7366,#5631,.T.);
#15238=EDGE_CURVE('',#8376,#7364,#5635,.T.);
#15263=EDGE_CURVE('',#8461,#7449,#5643,.T.);
#15266=EDGE_CURVE('',#8462,#7450,#5735,.T.);
#15277=EDGE_CURVE('',#8506,#7494,#5647,.T.);
#15290=EDGE_CURVE('',#8504,#7492,#5651,.T.);
#15303=EDGE_CURVE('',#8502,#7490,#5655,.T.);
#15316=EDGE_CURVE('',#8500,#7488,#5659,.T.);
#15329=EDGE_CURVE('',#8498,#7486,#5663,.T.);
#15342=EDGE_CURVE('',#8496,#7484,#5667,.T.);
#15355=EDGE_CURVE('',#8494,#7482,#5671,.T.);
#15368=EDGE_CURVE('',#8492,#7480,#5675,.T.);
#15381=EDGE_CURVE('',#8490,#7478,#5679,.T.);
#15394=EDGE_CURVE('',#8488,#7476,#5683,.T.);
#15407=EDGE_CURVE('',#8486,#7474,#5687,.T.);
#15420=EDGE_CURVE('',#8484,#7472,#5691,.T.);
#15433=EDGE_CURVE('',#8482,#7470,#5695,.T.);
#15446=EDGE_CURVE('',#8480,#7468,#5699,.T.);
#15459=EDGE_CURVE('',#8478,#7466,#5703,.T.);
#15472=EDGE_CURVE('',#8476,#7464,#5707,.T.);
#15485=EDGE_CURVE('',#8474,#7462,#5711,.T.);
#15498=EDGE_CURVE('',#8472,#7460,#5715,.T.);
#15511=EDGE_CURVE('',#8470,#7458,#5719,.T.);
#15524=EDGE_CURVE('',#8468,#7456,#5723,.T.);
#15537=EDGE_CURVE('',#8466,#7454,#5727,.T.);
#15550=EDGE_CURVE('',#8464,#7452,#5731,.T.);
#15575=EDGE_CURVE('',#8509,#7497,#5739,.T.);
#15578=EDGE_CURVE('',#8510,#7498,#5839,.T.);
#15589=EDGE_CURVE('',#8558,#7546,#5743,.T.);
#15602=EDGE_CURVE('',#8556,#7544,#5747,.T.);
#15615=EDGE_CURVE('',#8554,#7542,#5751,.T.);
#15628=EDGE_CURVE('',#8552,#7540,#5755,.T.);
#15641=EDGE_CURVE('',#8550,#7538,#5759,.T.);
#15654=EDGE_CURVE('',#8548,#7536,#5763,.T.);
#15667=EDGE_CURVE('',#8546,#7534,#5767,.T.);
#15680=EDGE_CURVE('',#8544,#7532,#5771,.T.);
#15693=EDGE_CURVE('',#8542,#7530,#5775,.T.);
#15706=EDGE_CURVE('',#8540,#7528,#5779,.T.);
#15719=EDGE_CURVE('',#8538,#7526,#5783,.T.);
#15732=EDGE_CURVE('',#8536,#7524,#5787,.T.);
#15745=EDGE_CURVE('',#8534,#7522,#5791,.T.);
#15758=EDGE_CURVE('',#8532,#7520,#5795,.T.);
#15771=EDGE_CURVE('',#8530,#7518,#5799,.T.);
#15784=EDGE_CURVE('',#8528,#7516,#5803,.T.);
#15797=EDGE_CURVE('',#8526,#7514,#5807,.T.);
#15810=EDGE_CURVE('',#8524,#7512,#5811,.T.);
#15823=EDGE_CURVE('',#8522,#7510,#5815,.T.);
#15836=EDGE_CURVE('',#8520,#7508,#5819,.T.);
#15849=EDGE_CURVE('',#8518,#7506,#5823,.T.);
#15862=EDGE_CURVE('',#8516,#7504,#5827,.T.);
#15875=EDGE_CURVE('',#8514,#7502,#5831,.T.);
#15888=EDGE_CURVE('',#8512,#7500,#5835,.T.);
#15913=EDGE_CURVE('',#8561,#7549,#5843,.T.);
#15916=EDGE_CURVE('',#8562,#7550,#5919,.T.);
#15927=EDGE_CURVE('',#8598,#7586,#5847,.T.);
#15940=EDGE_CURVE('',#8596,#7584,#5851,.T.);
#15953=EDGE_CURVE('',#8594,#7582,#5855,.T.);
#15966=EDGE_CURVE('',#8592,#7580,#5859,.T.);
#15979=EDGE_CURVE('',#8590,#7578,#5863,.T.);
#15992=EDGE_CURVE('',#8588,#7576,#5867,.T.);
#16005=EDGE_CURVE('',#8586,#7574,#5871,.T.);
#16018=EDGE_CURVE('',#8584,#7572,#5875,.T.);
#16031=EDGE_CURVE('',#8582,#7570,#5879,.T.);
#16044=EDGE_CURVE('',#8580,#7568,#5883,.T.);
#16057=EDGE_CURVE('',#8578,#7566,#5887,.T.);
#16070=EDGE_CURVE('',#8576,#7564,#5891,.T.);
#16083=EDGE_CURVE('',#8574,#7562,#5895,.T.);
#16096=EDGE_CURVE('',#8572,#7560,#5899,.T.);
#16109=EDGE_CURVE('',#8570,#7558,#5903,.T.);
#16122=EDGE_CURVE('',#8568,#7556,#5907,.T.);
#16135=EDGE_CURVE('',#8566,#7554,#5911,.T.);
#16148=EDGE_CURVE('',#8564,#7552,#5915,.T.);
#16173=EDGE_CURVE('',#8601,#7589,#5923,.T.);
#16176=EDGE_CURVE('',#8602,#7590,#5971,.T.);
#16187=EDGE_CURVE('',#8624,#7612,#5927,.T.);
#16200=EDGE_CURVE('',#8622,#7610,#5931,.T.);
#16213=EDGE_CURVE('',#8620,#7608,#5935,.T.);
#16226=EDGE_CURVE('',#8618,#7606,#5939,.T.);
#16239=EDGE_CURVE('',#8616,#7604,#5943,.T.);
#16252=EDGE_CURVE('',#8614,#7602,#5947,.T.);
#16265=EDGE_CURVE('',#8612,#7600,#5951,.T.);
#16278=EDGE_CURVE('',#8610,#7598,#5955,.T.);
#16291=EDGE_CURVE('',#8608,#7596,#5959,.T.);
#16304=EDGE_CURVE('',#8606,#7594,#5963,.T.);
#16317=EDGE_CURVE('',#8604,#7592,#5967,.T.);
#16342=EDGE_CURVE('',#8627,#7615,#5975,.T.);
#16345=EDGE_CURVE('',#8628,#7616,#6047,.T.);
#16356=EDGE_CURVE('',#8662,#7650,#5979,.T.);
#16369=EDGE_CURVE('',#8660,#7648,#5983,.T.);
#16382=EDGE_CURVE('',#8658,#7646,#5987,.T.);
#16395=EDGE_CURVE('',#8656,#7644,#5991,.T.);
#16408=EDGE_CURVE('',#8654,#7642,#5995,.T.);
#16421=EDGE_CURVE('',#8652,#7640,#5999,.T.);
#16434=EDGE_CURVE('',#8650,#7638,#6003,.T.);
#16447=EDGE_CURVE('',#8648,#7636,#6007,.T.);
#16460=EDGE_CURVE('',#8646,#7634,#6011,.T.);
#16473=EDGE_CURVE('',#8644,#7632,#6015,.T.);
#16486=EDGE_CURVE('',#8642,#7630,#6019,.T.);
#16499=EDGE_CURVE('',#8640,#7628,#6023,.T.);
#16512=EDGE_CURVE('',#8638,#7626,#6027,.T.);
#16525=EDGE_CURVE('',#8636,#7624,#6031,.T.);
#16538=EDGE_CURVE('',#8634,#7622,#6035,.T.);
#16551=EDGE_CURVE('',#8632,#7620,#6039,.T.);
#16564=EDGE_CURVE('',#8630,#7618,#6043,.T.);
#16589=EDGE_CURVE('',#8665,#7653,#6051,.T.);
#16592=EDGE_CURVE('',#8666,#7654,#6099,.T.);
#16603=EDGE_CURVE('',#8688,#7676,#6055,.T.);
#16616=EDGE_CURVE('',#8686,#7674,#6059,.T.);
#16629=EDGE_CURVE('',#8684,#7672,#6063,.T.);
#16642=EDGE_CURVE('',#8682,#7670,#6067,.T.);
#16655=EDGE_CURVE('',#8680,#7668,#6071,.T.);
#16668=EDGE_CURVE('',#8678,#7666,#6075,.T.);
#16681=EDGE_CURVE('',#8676,#7664,#6079,.T.);
#16694=EDGE_CURVE('',#8674,#7662,#6083,.T.);
#16707=EDGE_CURVE('',#8672,#7660,#6087,.T.);
#16720=EDGE_CURVE('',#8670,#7658,#6091,.T.);
#16733=EDGE_CURVE('',#8668,#7656,#6095,.T.);
#16758=EDGE_CURVE('',#8691,#7679,#6103,.T.);
#16761=EDGE_CURVE('',#8692,#7680,#6255,.T.);
#16772=EDGE_CURVE('',#8766,#7754,#6107,.T.);
#16785=EDGE_CURVE('',#8764,#7752,#6111,.T.);
#16798=EDGE_CURVE('',#8762,#7750,#6115,.T.);
#16811=EDGE_CURVE('',#8760,#7748,#6119,.T.);
#16824=EDGE_CURVE('',#8758,#7746,#6123,.T.);
#16837=EDGE_CURVE('',#8756,#7744,#6127,.T.);
#16850=EDGE_CURVE('',#8754,#7742,#6131,.T.);
#16863=EDGE_CURVE('',#8752,#7740,#6135,.T.);
#16876=EDGE_CURVE('',#8750,#7738,#6139,.T.);
#16889=EDGE_CURVE('',#8748,#7736,#6143,.T.);
#16902=EDGE_CURVE('',#8746,#7734,#6147,.T.);
#16915=EDGE_CURVE('',#8744,#7732,#6151,.T.);
#16928=EDGE_CURVE('',#8742,#7730,#6155,.T.);
#16941=EDGE_CURVE('',#8740,#7728,#6159,.T.);
#16954=EDGE_CURVE('',#8738,#7726,#6163,.T.);
#16967=EDGE_CURVE('',#8736,#7724,#6167,.T.);
#16980=EDGE_CURVE('',#8734,#7722,#6171,.T.);
#16993=EDGE_CURVE('',#8732,#7720,#6175,.T.);
#17006=EDGE_CURVE('',#8730,#7718,#6179,.T.);
#17019=EDGE_CURVE('',#8728,#7716,#6183,.T.);
#17032=EDGE_CURVE('',#8726,#7714,#6187,.T.);
#17045=EDGE_CURVE('',#8724,#7712,#6191,.T.);
#17058=EDGE_CURVE('',#8722,#7710,#6195,.T.);
#17071=EDGE_CURVE('',#8720,#7708,#6199,.T.);
#17084=EDGE_CURVE('',#8718,#7706,#6203,.T.);
#17097=EDGE_CURVE('',#8716,#7704,#6207,.T.);
#17110=EDGE_CURVE('',#8714,#7702,#6211,.T.);
#17123=EDGE_CURVE('',#8712,#7700,#6215,.T.);
#17136=EDGE_CURVE('',#8710,#7698,#6219,.T.);
#17149=EDGE_CURVE('',#8708,#7696,#6223,.T.);
#17162=EDGE_CURVE('',#8706,#7694,#6227,.T.);
#17175=EDGE_CURVE('',#8704,#7692,#6231,.T.);
#17188=EDGE_CURVE('',#8702,#7690,#6235,.T.);
#17201=EDGE_CURVE('',#8700,#7688,#6239,.T.);
#17214=EDGE_CURVE('',#8698,#7686,#6243,.T.);
#17227=EDGE_CURVE('',#8696,#7684,#6247,.T.);
#17240=EDGE_CURVE('',#8694,#7682,#6251,.T.);
#17265=EDGE_CURVE('',#8769,#7757,#6259,.T.);
#17268=EDGE_CURVE('',#8770,#7758,#6307,.T.);
#17279=EDGE_CURVE('',#8792,#7780,#6263,.T.);
#17292=EDGE_CURVE('',#8790,#7778,#6267,.T.);
#17305=EDGE_CURVE('',#8788,#7776,#6271,.T.);
#17318=EDGE_CURVE('',#8786,#7774,#6275,.T.);
#17331=EDGE_CURVE('',#8784,#7772,#6279,.T.);
#17344=EDGE_CURVE('',#8782,#7770,#6283,.T.);
#17357=EDGE_CURVE('',#8780,#7768,#6287,.T.);
#17370=EDGE_CURVE('',#8778,#7766,#6291,.T.);
#17383=EDGE_CURVE('',#8776,#7764,#6295,.T.);
#17396=EDGE_CURVE('',#8774,#7762,#6299,.T.);
#17409=EDGE_CURVE('',#8772,#7760,#6303,.T.);
#17434=EDGE_CURVE('',#8795,#7783,#6311,.T.);
#17437=EDGE_CURVE('',#8796,#7784,#6403,.T.);
#17448=EDGE_CURVE('',#8840,#7828,#6315,.T.);
#17461=EDGE_CURVE('',#8838,#7826,#6319,.T.);
#17474=EDGE_CURVE('',#8836,#7824,#6323,.T.);
#17487=EDGE_CURVE('',#8834,#7822,#6327,.T.);
#17500=EDGE_CURVE('',#8832,#7820,#6331,.T.);
#17513=EDGE_CURVE('',#8830,#7818,#6335,.T.);
#17526=EDGE_CURVE('',#8828,#7816,#6339,.T.);
#17539=EDGE_CURVE('',#8826,#7814,#6343,.T.);
#17552=EDGE_CURVE('',#8824,#7812,#6347,.T.);
#17565=EDGE_CURVE('',#8822,#7810,#6351,.T.);
#17578=EDGE_CURVE('',#8820,#7808,#6355,.T.);
#17591=EDGE_CURVE('',#8818,#7806,#6359,.T.);
#17604=EDGE_CURVE('',#8816,#7804,#6363,.T.);
#17617=EDGE_CURVE('',#8814,#7802,#6367,.T.);
#17630=EDGE_CURVE('',#8812,#7800,#6371,.T.);
#17643=EDGE_CURVE('',#8810,#7798,#6375,.T.);
#17656=EDGE_CURVE('',#8808,#7796,#6379,.T.);
#17669=EDGE_CURVE('',#8806,#7794,#6383,.T.);
#17682=EDGE_CURVE('',#8804,#7792,#6387,.T.);
#17695=EDGE_CURVE('',#8802,#7790,#6391,.T.);
#17708=EDGE_CURVE('',#8800,#7788,#6395,.T.);
#17721=EDGE_CURVE('',#8798,#7786,#6399,.T.);
#17746=EDGE_CURVE('',#8843,#7831,#6407,.T.);
#17749=EDGE_CURVE('',#8844,#7832,#6579,.T.);
#17760=EDGE_CURVE('',#8928,#7916,#6411,.T.);
#17773=EDGE_CURVE('',#8926,#7914,#6415,.T.);
#17786=EDGE_CURVE('',#8924,#7912,#6419,.T.);
#17799=EDGE_CURVE('',#8922,#7910,#6423,.T.);
#17812=EDGE_CURVE('',#8920,#7908,#6427,.T.);
#17825=EDGE_CURVE('',#8918,#7906,#6431,.T.);
#17838=EDGE_CURVE('',#8916,#7904,#6435,.T.);
#17851=EDGE_CURVE('',#8914,#7902,#6439,.T.);
#17864=EDGE_CURVE('',#8912,#7900,#6443,.T.);
#17877=EDGE_CURVE('',#8910,#7898,#6447,.T.);
#17890=EDGE_CURVE('',#8908,#7896,#6451,.T.);
#17903=EDGE_CURVE('',#8906,#7894,#6455,.T.);
#17916=EDGE_CURVE('',#8904,#7892,#6459,.T.);
#17929=EDGE_CURVE('',#8902,#7890,#6463,.T.);
#17942=EDGE_CURVE('',#8900,#7888,#6467,.T.);
#17955=EDGE_CURVE('',#8898,#7886,#6471,.T.);
#17968=EDGE_CURVE('',#8896,#7884,#6475,.T.);
#17981=EDGE_CURVE('',#8894,#7882,#6479,.T.);
#17994=EDGE_CURVE('',#8892,#7880,#6483,.T.);
#18007=EDGE_CURVE('',#8890,#7878,#6487,.T.);
#18020=EDGE_CURVE('',#8888,#7876,#6491,.T.);
#18033=EDGE_CURVE('',#8886,#7874,#6495,.T.);
#18046=EDGE_CURVE('',#8884,#7872,#6499,.T.);
#18059=EDGE_CURVE('',#8882,#7870,#6503,.T.);
#18072=EDGE_CURVE('',#8880,#7868,#6507,.T.);
#18085=EDGE_CURVE('',#8878,#7866,#6511,.T.);
#18098=EDGE_CURVE('',#8876,#7864,#6515,.T.);
#18111=EDGE_CURVE('',#8874,#7862,#6519,.T.);
#18124=EDGE_CURVE('',#8872,#7860,#6523,.T.);
#18137=EDGE_CURVE('',#8870,#7858,#6527,.T.);
#18150=EDGE_CURVE('',#8868,#7856,#6531,.T.);
#18163=EDGE_CURVE('',#8866,#7854,#6535,.T.);
#18176=EDGE_CURVE('',#8864,#7852,#6539,.T.);
#18189=EDGE_CURVE('',#8862,#7850,#6543,.T.);
#18202=EDGE_CURVE('',#8860,#7848,#6547,.T.);
#18215=EDGE_CURVE('',#8858,#7846,#6551,.T.);
#18228=EDGE_CURVE('',#8856,#7844,#6555,.T.);
#18241=EDGE_CURVE('',#8854,#7842,#6559,.T.);
#18254=EDGE_CURVE('',#8852,#7840,#6563,.T.);
#18267=EDGE_CURVE('',#8850,#7838,#6567,.T.);
#18280=EDGE_CURVE('',#8848,#7836,#6571,.T.);
#18293=EDGE_CURVE('',#8846,#7834,#6575,.T.);
#18318=EDGE_CURVE('',#8931,#7919,#6583,.T.);
#18321=EDGE_CURVE('',#8932,#7920,#6647,.T.);
#18332=EDGE_CURVE('',#8962,#7950,#6587,.T.);
#18345=EDGE_CURVE('',#8960,#7948,#6591,.T.);
#18358=EDGE_CURVE('',#8958,#7946,#6595,.T.);
#18371=EDGE_CURVE('',#8956,#7944,#6599,.T.);
#18384=EDGE_CURVE('',#8954,#7942,#6603,.T.);
#18397=EDGE_CURVE('',#8952,#7940,#6607,.T.);
#18410=EDGE_CURVE('',#8950,#7938,#6611,.T.);
#18423=EDGE_CURVE('',#8948,#7936,#6615,.T.);
#18436=EDGE_CURVE('',#8946,#7934,#6619,.T.);
#18449=EDGE_CURVE('',#8944,#7932,#6623,.T.);
#18462=EDGE_CURVE('',#8942,#7930,#6627,.T.);
#18475=EDGE_CURVE('',#8940,#7928,#6631,.T.);
#18488=EDGE_CURVE('',#8938,#7926,#6635,.T.);
#18501=EDGE_CURVE('',#8936,#7924,#6639,.T.);
#18514=EDGE_CURVE('',#8934,#7922,#6643,.T.);
#18539=EDGE_CURVE('',#8965,#7953,#6651,.T.);
#18542=EDGE_CURVE('',#8966,#7954,#6775,.T.);
#18553=EDGE_CURVE('',#9026,#8014,#6655,.T.);
#18566=EDGE_CURVE('',#9024,#8012,#6659,.T.);
#18579=EDGE_CURVE('',#9022,#8010,#6663,.T.);
#18592=EDGE_CURVE('',#9020,#8008,#6667,.T.);
#18605=EDGE_CURVE('',#9018,#8006,#6671,.T.);
#18618=EDGE_CURVE('',#9016,#8004,#6675,.T.);
#18631=EDGE_CURVE('',#9014,#8002,#6679,.T.);
#18644=EDGE_CURVE('',#9012,#8000,#6683,.T.);
#18657=EDGE_CURVE('',#9010,#7998,#6687,.T.);
#18670=EDGE_CURVE('',#9008,#7996,#6691,.T.);
#18683=EDGE_CURVE('',#9006,#7994,#6695,.T.);
#18696=EDGE_CURVE('',#9004,#7992,#6699,.T.);
#18709=EDGE_CURVE('',#9002,#7990,#6703,.T.);
#18722=EDGE_CURVE('',#9000,#7988,#6707,.T.);
#18735=EDGE_CURVE('',#8998,#7986,#6711,.T.);
#18748=EDGE_CURVE('',#8996,#7984,#6715,.T.);
#18761=EDGE_CURVE('',#8994,#7982,#6719,.T.);
#18774=EDGE_CURVE('',#8992,#7980,#6723,.T.);
#18787=EDGE_CURVE('',#8990,#7978,#6727,.T.);
#18800=EDGE_CURVE('',#8988,#7976,#6731,.T.);
#18813=EDGE_CURVE('',#8986,#7974,#6735,.T.);
#18826=EDGE_CURVE('',#8984,#7972,#6739,.T.);
#18839=EDGE_CURVE('',#8982,#7970,#6743,.T.);
#18852=EDGE_CURVE('',#8980,#7968,#6747,.T.);
#18865=EDGE_CURVE('',#8978,#7966,#6751,.T.);
#18878=EDGE_CURVE('',#8976,#7964,#6755,.T.);
#18891=EDGE_CURVE('',#8974,#7962,#6759,.T.);
#18904=EDGE_CURVE('',#8972,#7960,#6763,.T.);
#18917=EDGE_CURVE('',#8970,#7958,#6767,.T.);
#18930=EDGE_CURVE('',#8968,#7956,#6771,.T.);
#18955=EDGE_CURVE('',#9029,#8017,#6779,.T.);
#18958=EDGE_CURVE('',#9030,#8018,#6815,.T.);
#18969=EDGE_CURVE('',#9046,#8034,#6783,.T.);
#18982=EDGE_CURVE('',#9044,#8032,#6787,.T.);
#18995=EDGE_CURVE('',#9042,#8030,#6791,.T.);
#19008=EDGE_CURVE('',#9040,#8028,#6795,.T.);
#19021=EDGE_CURVE('',#9038,#8026,#6799,.T.);
#19034=EDGE_CURVE('',#9036,#8024,#6803,.T.);
#19047=EDGE_CURVE('',#9034,#8022,#6807,.T.);
#19060=EDGE_CURVE('',#9032,#8020,#6811,.T.);
#19084=EDGE_CURVE('',#9137,#9138,#6819,.T.);
#19087=EDGE_CURVE('',#9149,#9150,#6823,.T.);
#19100=EDGE_CURVE('',#9141,#9142,#6837,.T.);
#19113=EDGE_CURVE('',#9161,#9162,#6841,.T.);
#19126=EDGE_CURVE('',#9165,#9166,#6859,.T.);
#19137=EDGE_CURVE('',#9153,#9154,#6855,.T.);
#19152=EDGE_CURVE('',#9157,#9158,#6877,.T.);
#19163=EDGE_CURVE('',#9145,#9146,#6873,.T.);
#19188=EDGE_CURVE('',#9081,#9082,#6910,.T.);
#19190=EDGE_CURVE('',#9081,#9085,#6897,.T.);
#19238=EDGE_CURVE('',#9217,#9220,#6926,.T.);
#19240=EDGE_CURVE('',#6968,#9217,#6942,.T.);
#19253=EDGE_CURVE('',#9217,#9218,#6938,.T.);
#19273=CLOSED_SHELL('',(#9280,#9303,#9319,#9334,#9347,#9371,#9387,#9402,#9417,
#9429,#9444,#9459,#9496,#9518,#9532,#9545,#9558,#9616,#9631,#9644,#9666,#9686,
#9700,#9712,#9726,#9739,#9753,#9774,#10656,#10704,#10752,#10800,#10834,#10876,
#10904,#10933,#10948,#10976,#10991,#11023,#11035,#11049,#11062,#11074,#11087,
#11100,#11112,#11142,#11156,#11169,#11182,#11195,#11208,#11221,#11234,#11246,
#11260,#11273,#11286,#11299,#11312,#11324,#11339,#11353,#11367,#11380,#11392,
#11420,#11518,#11578,#11602,#11700,#11756,#11772,#11788,#11884,#11940,#12042,
#12076,#12122,#12156,#12270,#12326,#12458,#12552,#12566,#12579,#12592,#12605,
#12618,#12631,#12644,#12657,#12670,#12682,#12696,#12709,#12722,#12735,#12748,
#12761,#12774,#12787,#12800,#12813,#12826,#12839,#12852,#12865,#12878,#12891,
#12904,#12917,#12930,#12943,#12956,#12969,#12982,#12994,#13008,#13021,#13034,
#13047,#13060,#13073,#13086,#13099,#13112,#13125,#13138,#13151,#13164,#13177,
#13190,#13203,#13216,#13229,#13242,#13254,#13268,#13281,#13294,#13307,#13320,
#13333,#13346,#13359,#13372,#13385,#13398,#13411,#13424,#13437,#13450,#13463,
#13476,#13489,#13502,#13515,#13528,#13541,#13554,#13567,#13580,#13592,#13606,
#13619,#13632,#13645,#13658,#13671,#13684,#13696,#13710,#13723,#13736,#13749,
#13762,#13775,#13788,#13801,#13814,#13827,#13840,#13853,#13866,#13879,#13892,
#13905,#13918,#13931,#13944,#13957,#13970,#13983,#13996,#14008,#14022,#14035,
#14048,#14061,#14074,#14087,#14100,#14113,#14126,#14139,#14152,#14165,#14178,
#14191,#14204,#14217,#14230,#14243,#14256,#14268,#14282,#14295,#14308,#14321,
#14334,#14347,#14360,#14373,#14386,#14399,#14412,#14425,#14438,#14451,#14464,
#14477,#14490,#14503,#14516,#14529,#14542,#14555,#14568,#14580,#14594,#14607,
#14620,#14632,#14646,#14659,#14672,#14684,#14698,#14711,#14724,#14737,#14750,
#14763,#14776,#14789,#14802,#14815,#14828,#14841,#14854,#14867,#14880,#14893,
#14906,#14919,#14932,#14945,#14958,#14971,#14984,#14997,#15010,#15023,#15036,
#15049,#15062,#15075,#15088,#15101,#15114,#15127,#15140,#15153,#15166,#15179,
#15192,#15205,#15218,#15231,#15244,#15256,#15270,#15283,#15296,#15309,#15322,
#15335,#15348,#15361,#15374,#15387,#15400,#15413,#15426,#15439,#15452,#15465,
#15478,#15491,#15504,#15517,#15530,#15543,#15556,#15568,#15582,#15595,#15608,
#15621,#15634,#15647,#15660,#15673,#15686,#15699,#15712,#15725,#15738,#15751,
#15764,#15777,#15790,#15803,#15816,#15829,#15842,#15855,#15868,#15881,#15894,
#15906,#15920,#15933,#15946,#15959,#15972,#15985,#15998,#16011,#16024,#16037,
#16050,#16063,#16076,#16089,#16102,#16115,#16128,#16141,#16154,#16166,#16180,
#16193,#16206,#16219,#16232,#16245,#16258,#16271,#16284,#16297,#16310,#16323,
#16335,#16349,#16362,#16375,#16388,#16401,#16414,#16427,#16440,#16453,#16466,
#16479,#16492,#16505,#16518,#16531,#16544,#16557,#16570,#16582,#16596,#16609,
#16622,#16635,#16648,#16661,#16674,#16687,#16700,#16713,#16726,#16739,#16751,
#16765,#16778,#16791,#16804,#16817,#16830,#16843,#16856,#16869,#16882,#16895,
#16908,#16921,#16934,#16947,#16960,#16973,#16986,#16999,#17012,#17025,#17038,
#17051,#17064,#17077,#17090,#17103,#17116,#17129,#17142,#17155,#17168,#17181,
#17194,#17207,#17220,#17233,#17246,#17258,#17272,#17285,#17298,#17311,#17324,
#17337,#17350,#17363,#17376,#17389,#17402,#17415,#17427,#17441,#17454,#17467,
#17480,#17493,#17506,#17519,#17532,#17545,#17558,#17571,#17584,#17597,#17610,
#17623,#17636,#17649,#17662,#17675,#17688,#17701,#17714,#17727,#17739,#17753,
#17766,#17779,#17792,#17805,#17818,#17831,#17844,#17857,#17870,#17883,#17896,
#17909,#17922,#17935,#17948,#17961,#17974,#17987,#18000,#18013,#18026,#18039,
#18052,#18065,#18078,#18091,#18104,#18117,#18130,#18143,#18156,#18169,#18182,
#18195,#18208,#18221,#18234,#18247,#18260,#18273,#18286,#18299,#18311,#18325,
#18338,#18351,#18364,#18377,#18390,#18403,#18416,#18429,#18442,#18455,#18468,
#18481,#18494,#18507,#18520,#18532,#18546,#18559,#18572,#18585,#18598,#18611,
#18624,#18637,#18650,#18663,#18676,#18689,#18702,#18715,#18728,#18741,#18754,
#18767,#18780,#18793,#18806,#18819,#18832,#18845,#18858,#18871,#18884,#18897,
#18910,#18923,#18936,#18948,#18962,#18975,#18988,#19001,#19014,#19027,#19040,
#19053,#19066,#19078,#19092,#19105,#19118,#19131,#19144,#19157,#19170,#19182,
#19196,#19208,#19220,#19232,#19247,#19260,#19272));
#19274=MANIFOLD_SOLID_BREP('',#19273);
#19275=(LENGTH_UNIT()NAMED_UNIT(*)SI_UNIT(.MILLI.,.METRE.));
#19277=(NAMED_UNIT(*)PLANE_ANGLE_UNIT()SI_UNIT($,.RADIAN.));
#19280=(NAMED_UNIT(*)SI_UNIT($,.STERADIAN.)SOLID_ANGLE_UNIT());
#19283=ADVANCED_BREP_SHAPE_REPRESENTATION('',(#19274),#19282);
#19290=PRODUCT_DEFINITION('design','',#19289,#19286);
#19291=PRODUCT_DEFINITION_SHAPE('','SHAPE FOR MAIN.',#19290);
#19292=SHAPE_DEFINITION_REPRESENTATION(#19291,#19283);
ENDSEC;
END-ISO-10303-21;
